Region,Soil_Type,Soil_pH,Rainfall_mm,Temperature_C,Humidity_pct,Fertilizer_Used_kg,Irrigation,Pesticides_Used_kg,Planting_Density,Previous_Crop,Yield_ton_per_ha
Region_C,Sandy,7.01,1485.4,19.7,40.3,105.1,Drip,10.2,23.2,Rice,101.48
Region_D,Loam,6.79,1054.3,26.4,62.0,257.8,Drip,42.7,23.7,No_Previous_Crop,169.06
Region_D,Sandy,5.96,744.6,20.4,70.9,195.8,Drip,25.5,15.6,Maize,118.71
Region_C,Loam,6.94,846.1,32.4,86.6,263.2,Rainfed,7.4,21.5,Wheat,162.2
Region_C,Loam,6.67,209.5,18.3,42.7,219.5,Flood,20.6,17.2,No_Previous_Crop,116.72
Region_A,Clay,6.12,362.5,26.6,38.8,149.2,Sprinkler,28.5,18.8,No_Previous_Crop,95.23
Region_D,Sandy,7.5,1443.0,19.6,31.1,84.1,Flood,45.9,16.2,Wheat,90.56
Region_C,Clay,7.0,1193.3,33.7,43.9,122.2,Rainfed,6.8,12.1,Wheat,110.57
Region_C,Loam,6.29,695.2,27.8,71.8,229.2,Flood,26.0,18.7,Wheat,143.84
Region_B,Sandy,5.66,775.2,17.3,44.4,230.3,Flood,33.1,23.5,Barley,141.01
Region_D,Sandy,7.2,528.7,19.8,33.9,284.3,Drip,33.1,24.1,Barley,155.85
Region_A,Sandy,5.61,364.5,23.9,43.2,148.4,Sprinkler,22.6,15.0,Wheat,91.78
Region_B,Loam,7.45,614.2,18.6,30.5,205.8,Flood,33.1,24.3,Maize,119.64
Region_D,Loam,6.98,1001.4,30.2,82.4,224.4,Flood,7.3,12.3,Maize,138.61
Region_B,Sandy,6.49,873.0,23.3,89.0,56.6,Sprinkler,25.5,8.3,Barley,58.9
Region_A,Clay,7.41,477.4,20.6,83.4,201.0,Flood,23.0,23.9,No_Previous_Crop,120.73
Region_A,Clay,6.1,747.7,27.7,38.9,185.0,Sprinkler,47.0,13.3,Rice,114.58
Region_B,Clay,6.13,1392.9,28.9,50.7,229.8,Drip,38.8,16.2,Barley,169.23
Region_C,Sandy,6.25,1430.6,21.7,53.3,281.8,Drip,20.9,24.8,Barley,192.91
Region_D,Sandy,6.97,1255.1,20.3,75.5,116.5,Rainfed,14.7,20.7,Barley,108.05
Region_B,Loam,7.17,694.4,34.7,35.0,153.8,Drip,14.5,21.8,Maize,96.08
Region_A,Clay,6.53,1057.3,22.9,37.6,90.0,Rainfed,12.6,9.9,Wheat,83.62
Region_D,Sandy,5.94,848.8,29.5,83.0,125.0,Flood,28.8,21.9,No_Previous_Crop,93.45
Region_A,Clay,6.55,1213.5,19.4,35.2,249.0,Drip,10.8,5.2,Maize,166.9
Region_B,Sandy,5.62,938.3,23.7,80.5,299.8,Drip,5.0,8.7,Barley,180.01
Region_A,Loam,6.63,1053.8,16.7,72.3,291.2,Sprinkler,8.2,7.9,Wheat,178.89
Region_D,Sandy,7.29,1067.7,32.8,46.6,247.5,Flood,3.9,16.1,Rice,154.6
Region_A,Sandy,6.6,406.1,28.5,73.8,81.4,Sprinkler,48.0,23.1,No_Previous_Crop,55.26
Region_C,Sandy,6.5,252.5,18.2,70.5,298.4,Sprinkler,39.0,18.6,No_Previous_Crop,157.46
Region_D,Clay,6.17,391.4,26.0,83.4,166.5,Sprinkler,25.7,9.6,No_Previous_Crop,100.34
Region_B,Loam,5.59,1491.7,15.1,70.0,96.5,Sprinkler,10.1,22.6,Barley,83.71
Region_C,Clay,7.43,1444.8,25.9,52.4,159.8,Sprinkler,23.5,11.5,Wheat,135.8
Region_B,Clay,6.38,424.8,16.8,57.7,214.4,Drip,13.5,7.1,No_Previous_Crop,117.49
Region_D,Loam,7.4,823.3,27.8,62.2,264.5,Sprinkler,30.2,6.4,Wheat,161.48
Region_D,Clay,6.86,955.8,28.7,70.8,115.6,Flood,15.4,18.3,No_Previous_Crop,91.4
Region_B,Sandy,6.87,465.4,19.0,31.1,169.5,Drip,14.0,11.8,Maize,106.5
Region_A,Loam,6.25,248.4,33.2,58.7,255.0,Rainfed,26.1,8.8,Rice,149.49
Region_D,Sandy,6.16,1053.9,23.0,63.1,92.6,Flood,9.1,20.3,Rice,80.28
Region_D,Sandy,5.91,564.5,15.9,87.5,151.0,Drip,8.4,15.2,Rice,101.23
Region_B,Loam,5.56,355.1,16.5,83.6,249.7,Rainfed,12.8,16.2,Rice,142.95
Region_C,Sandy,5.71,1492.3,23.3,44.0,59.2,Drip,14.1,16.5,Maize,77.34
Region_D,Loam,6.65,698.9,18.3,80.6,78.0,Flood,5.1,22.2,Maize,64.93
Region_B,Loam,6.68,410.4,34.3,34.5,54.0,Flood,17.5,9.8,No_Previous_Crop,37.78
Region_A,Loam,6.84,763.9,27.1,47.6,157.7,Drip,43.1,11.7,Maize,110.63
Region_C,Clay,7.21,1215.0,28.8,61.1,194.2,Flood,32.0,17.5,Barley,127.89
Region_A,Loam,7.2,427.5,18.2,42.5,127.0,Rainfed,26.4,23.9,Rice,81.34
Region_D,Sandy,6.99,257.2,18.9,85.6,71.5,Flood,49.0,5.3,Rice,41.08
Region_C,Sandy,6.82,1377.0,15.9,85.5,155.7,Rainfed,38.4,21.7,No_Previous_Crop,124.51
Region_D,Clay,6.16,586.6,34.6,68.7,121.5,Rainfed,35.9,20.4,Barley,83.62
Region_D,Loam,7.29,824.9,33.0,76.2,289.1,Rainfed,34.7,15.7,No_Previous_Crop,171.16
Region_A,Loam,5.53,588.0,35.0,46.1,297.5,Flood,34.1,7.2,Maize,170.6
Region_B,Clay,7.41,1064.5,20.1,61.2,235.0,Sprinkler,49.3,9.8,Maize,159.08
Region_B,Sandy,6.91,472.8,18.7,56.3,255.6,Flood,11.4,23.1,Barley,140.24
Region_D,Clay,6.07,1063.6,18.4,85.2,144.1,Rainfed,16.0,21.1,Barley,114.1
Region_C,Loam,6.39,1194.9,23.8,43.8,199.5,Sprinkler,2.2,6.9,Rice,148.03
Region_B,Sandy,6.04,511.3,32.3,90.0,126.4,Sprinkler,2.6,10.1,Rice,95.8
Region_A,Clay,6.84,706.6,33.3,47.7,194.8,Drip,49.6,18.2,Rice,138.23
Region_B,Loam,7.3,457.4,33.2,43.0,70.7,Drip,26.3,21.4,Maize,46.63
Region_A,Sandy,7.21,1274.2,29.4,51.8,204.4,Rainfed,8.0,9.1,Maize,146.75
Region_B,Clay,6.54,263.5,15.6,75.7,212.9,Flood,29.4,22.9,Rice,111.82
Region_B,Clay,6.01,1020.8,33.6,53.8,291.8,Flood,25.9,22.4,Barley,170.72
Region_B,Loam,6.51,369.5,15.1,88.0,82.9,Sprinkler,46.7,15.2,Maize,47.8
Region_B,Clay,7.12,505.4,19.7,40.1,239.7,Flood,4.5,16.5,Barley,143.2
Region_B,Loam,7.37,655.3,26.9,81.4,62.3,Drip,12.4,15.3,Barley,52.47
Region_D,Loam,5.81,420.9,31.2,88.2,143.0,Flood,40.9,9.9,Maize,93.27
Region_A,Clay,6.86,630.9,34.5,67.3,100.9,Sprinkler,10.4,24.5,Maize,77.78
Region_D,Sandy,5.58,1349.9,28.5,44.3,272.2,Rainfed,40.4,18.8,No_Previous_Crop,181.99
Region_C,Sandy,6.48,1221.3,21.0,79.0,111.0,Sprinkler,28.0,6.0,Wheat,96.19
Region_A,Loam,6.4,916.3,20.4,42.7,75.2,Flood,34.9,11.8,Maize,69.47
Region_D,Sandy,7.15,1188.8,34.4,45.2,214.7,Sprinkler,15.0,24.1,Rice,147.8
Region_D,Sandy,6.35,860.5,26.3,58.6,104.8,Flood,0.6,22.3,No_Previous_Crop,89.99
Region_D,Sandy,5.63,544.2,28.1,34.3,73.2,Rainfed,35.2,18.7,Barley,55.87
Region_B,Clay,7.09,1118.3,15.3,46.7,139.4,Sprinkler,28.4,8.5,Wheat,105.47
Region_C,Sandy,6.46,1236.8,17.1,60.8,131.8,Sprinkler,31.1,5.4,Wheat,111.09
Region_B,Loam,5.74,402.2,21.4,59.9,69.7,Sprinkler,39.5,11.0,Barley,46.73
Region_A,Clay,5.67,1106.1,34.5,51.6,148.4,Sprinkler,33.5,24.6,No_Previous_Crop,120.2
Region_A,Clay,5.9,1108.1,18.2,58.2,238.1,Rainfed,6.4,12.9,Barley,159.42
Region_B,Sandy,6.98,370.3,19.2,50.0,187.5,Sprinkler,2.7,20.1,Barley,96.4
Region_C,Clay,7.1,471.1,32.6,59.8,55.7,Sprinkler,18.5,11.6,Rice,51.19
Region_D,Clay,7.37,1109.7,26.9,61.8,157.3,Sprinkler,36.0,15.8,No_Previous_Crop,106.65
Region_A,Loam,5.83,1050.2,34.8,31.4,200.3,Rainfed,6.2,14.4,Wheat,136.8
Region_A,Sandy,5.99,1118.7,26.7,58.7,85.5,Drip,27.1,7.8,Wheat,83.92
Region_C,Sandy,5.7,650.4,22.9,60.4,249.7,Rainfed,39.7,23.5,Maize,138.32
Region_D,Clay,6.09,1040.6,34.0,69.3,268.6,Drip,13.1,17.8,Barley,171.78
Region_A,Clay,6.06,237.5,27.4,63.6,270.4,Flood,4.4,9.2,Barley,145.6
Region_A,Clay,5.69,1152.2,18.3,35.9,226.2,Rainfed,17.8,12.2,No_Previous_Crop,154.9
Region_B,Sandy,6.82,1327.2,21.0,45.8,150.0,Sprinkler,41.4,6.5,Barley,115.41
Region_D,Sandy,7.13,1324.0,19.3,68.0,163.1,Rainfed,23.9,10.0,Rice,122.41
Region_D,Loam,7.28,1384.3,27.4,80.2,174.9,Rainfed,40.8,17.8,Wheat,134.1
Region_A,Clay,7.29,860.7,30.0,71.5,287.1,Drip,29.2,5.0,Maize,180.07
Region_B,Sandy,7.23,372.0,15.2,79.7,111.6,Flood,23.1,22.2,Barley,73.52
Region_A,Sandy,6.38,1372.9,28.0,68.8,166.8,Flood,44.7,14.2,Wheat,137.93
Region_B,Sandy,6.93,1088.2,22.6,60.9,223.3,Flood,13.5,23.7,Barley,150.56
Region_A,Clay,7.44,699.1,19.3,85.7,281.6,Flood,1.7,15.0,No_Previous_Crop,161.26
Region_D,Clay,6.97,1321.5,23.9,85.6,123.9,Flood,10.7,19.0,Barley,114.57
Region_A,Clay,7.08,235.3,29.6,59.2,94.2,Rainfed,17.0,9.3,Barley,65.48
Region_B,Clay,6.13,1462.8,19.9,77.3,167.6,Flood,49.3,11.2,Wheat,128.24
Region_A,Clay,6.82,1499.4,34.8,76.4,216.2,Flood,21.9,5.3,Maize,159.51
Region_C,Loam,6.15,986.5,16.7,84.5,108.2,Flood,2.8,24.3,Wheat,91.02
Region_D,Sandy,6.64,247.9,21.3,44.1,297.0,Flood,37.0,14.5,No_Previous_Crop,159.06
Region_C,Clay,7.33,711.9,17.2,44.1,151.4,Rainfed,9.0,6.3,No_Previous_Crop,101.09
Region_A,Loam,6.65,982.9,16.1,76.9,128.6,Rainfed,31.0,18.5,Barley,99.39
Region_C,Loam,5.68,268.0,30.5,73.2,103.6,Drip,13.5,11.1,Maize,61.16
Region_A,Loam,6.53,1173.1,31.5,38.6,260.1,Sprinkler,5.6,7.1,No_Previous_Crop,169.69
Region_D,Sandy,7.29,680.0,26.6,45.0,132.0,Rainfed,10.2,13.8,Barley,94.44
Region_D,Sandy,6.21,1244.6,20.3,30.6,52.9,Sprinkler,24.0,22.6,Barley,67.4
Region_C,Clay,6.64,487.6,24.7,62.5,69.0,Flood,24.8,19.6,Maize,55.29
Region_A,Loam,7.31,859.4,29.9,87.3,122.9,Sprinkler,34.1,13.5,Maize,97.26
Region_D,Loam,6.17,1284.3,31.2,73.9,135.9,Sprinkler,20.0,21.0,Maize,114.63
Region_D,Sandy,5.57,803.4,33.4,45.7,168.0,Drip,23.1,18.3,Barley,111.58
Region_D,Loam,7.01,928.5,15.1,72.5,181.7,Flood,13.4,19.9,No_Previous_Crop,117.15
Region_B,Loam,6.95,858.6,31.3,30.5,287.0,Sprinkler,26.5,16.2,Maize,172.2
Region_D,Clay,6.96,1181.3,33.3,66.6,113.1,Drip,29.4,18.7,Rice,105.74
Region_B,Clay,6.3,725.8,17.7,66.9,63.6,Flood,18.3,18.0,Maize,56.75
Region_A,Clay,6.59,1375.4,16.9,72.1,295.6,Flood,10.4,18.8,Rice,191.96
Region_B,Clay,6.05,1280.1,21.5,34.2,154.0,Drip,37.5,24.4,Maize,111.93
Region_C,Clay,6.65,821.8,22.2,76.6,294.6,Sprinkler,30.1,10.3,Wheat,174.95
Region_D,Clay,6.73,1283.7,27.6,80.8,191.5,Drip,37.4,6.8,Rice,147.95
Region_C,Loam,7.48,472.8,16.1,45.9,131.0,Rainfed,19.6,15.1,Rice,87.46
Region_D,Loam,6.97,1444.5,22.1,50.3,137.0,Sprinkler,46.3,15.4,Rice,116.14
Region_C,Loam,6.17,1238.5,27.7,31.1,212.3,Drip,0.2,7.1,Wheat,150.67
Region_D,Loam,7.16,906.1,29.7,78.3,252.3,Sprinkler,11.6,6.0,Barley,158.96
Region_D,Loam,6.6,713.3,19.6,87.8,293.8,Flood,8.7,20.2,Rice,177.97
Region_B,Clay,7.3,1257.9,15.3,38.4,129.3,Drip,36.7,10.1,Maize,101.08
Region_B,Loam,7.44,880.8,22.0,79.3,271.1,Rainfed,26.2,10.9,Rice,156.25
Region_A,Loam,5.51,464.5,25.0,32.5,84.5,Rainfed,28.4,6.0,Maize,79.21
Region_A,Clay,6.94,1085.3,20.0,55.4,95.3,Drip,39.4,22.6,Wheat,80.33
Region_B,Sandy,6.78,952.0,26.5,75.7,224.5,Drip,38.9,8.2,No_Previous_Crop,146.6
Region_B,Loam,6.11,1214.6,15.3,45.1,215.5,Rainfed,8.8,10.9,Wheat,137.2
Region_D,Loam,5.93,902.0,21.3,75.7,111.1,Sprinkler,40.3,6.5,Maize,80.11
Region_C,Loam,6.32,560.8,30.3,35.9,135.5,Flood,15.4,19.6,Maize,102.07
Region_B,Clay,5.8,952.1,21.9,34.4,62.8,Flood,27.1,13.6,Wheat,71.06
Region_C,Loam,6.57,368.1,31.0,32.4,139.4,Flood,21.2,11.2,No_Previous_Crop,92.19
Region_B,Loam,6.63,729.1,18.3,41.3,85.4,Flood,8.6,15.3,Barley,69.21
Region_B,Clay,6.34,1116.6,32.6,30.9,252.5,Sprinkler,22.7,21.5,Wheat,167.86
Region_D,Sandy,7.17,1147.3,17.1,78.4,180.1,Rainfed,22.4,16.6,No_Previous_Crop,138.89
Region_D,Loam,6.57,849.4,24.0,76.6,121.7,Rainfed,32.6,24.5,Barley,87.5
Region_B,Loam,7.35,1011.8,28.4,58.7,136.5,Sprinkler,3.9,8.6,Rice,97.5
Region_A,Clay,6.69,379.4,32.5,55.7,210.1,Rainfed,15.2,24.4,Wheat,120.29
Region_B,Loam,6.55,1244.9,25.3,82.2,279.2,Rainfed,15.9,21.1,Rice,182.02
Region_B,Clay,5.68,1496.5,32.2,75.9,285.0,Flood,23.7,6.3,No_Previous_Crop,193.39
Region_C,Clay,6.72,762.5,25.2,30.1,102.3,Rainfed,14.4,24.4,Rice,79.95
Region_C,Sandy,7.04,619.8,31.0,76.6,149.4,Rainfed,8.5,7.2,Maize,99.19
Region_A,Loam,6.71,986.3,21.1,82.2,135.3,Drip,17.3,17.7,Wheat,104.15
Region_A,Sandy,7.06,380.0,26.9,80.9,182.7,Drip,31.8,11.8,Rice,106.56
Region_C,Loam,7.44,252.6,26.7,89.2,241.9,Flood,6.7,17.8,Barley,136.02
Region_B,Clay,7.3,673.5,19.0,53.5,66.5,Sprinkler,16.0,16.4,Barley,52.39
Region_D,Clay,5.85,423.0,20.0,35.0,266.1,Sprinkler,36.3,19.8,Barley,143.26
Region_A,Loam,6.08,971.5,28.2,31.2,128.6,Rainfed,27.8,19.4,Maize,96.61
Region_C,Sandy,6.32,280.6,22.0,84.9,79.2,Rainfed,2.7,17.4,Barley,56.86
Region_A,Clay,5.74,1397.1,26.6,65.9,66.9,Drip,34.5,20.6,Barley,85.5
Region_C,Clay,5.94,304.7,26.9,85.5,167.3,Flood,4.6,10.1,Rice,102.37
Region_A,Clay,6.28,1254.6,22.1,53.1,224.7,Sprinkler,41.3,21.8,No_Previous_Crop,155.66
Region_C,Sandy,6.94,1341.0,32.1,47.3,226.7,Rainfed,3.7,15.9,Maize,163.81
Region_D,Clay,6.59,303.7,16.7,81.2,78.6,Flood,36.0,9.8,Rice,52.04
Region_A,Sandy,7.14,1110.0,17.1,79.1,251.8,Drip,39.4,9.6,Maize,167.38
Region_A,Sandy,6.67,1103.5,33.2,31.8,110.8,Drip,12.0,11.7,Barley,90.36
Region_A,Clay,7.05,371.9,21.3,73.1,216.4,Drip,47.9,9.2,Maize,126.55
Region_C,Clay,6.5,1395.7,29.9,68.6,109.8,Drip,25.0,18.3,No_Previous_Crop,95.99
Region_A,Loam,6.72,1062.9,17.7,87.4,191.8,Sprinkler,23.4,17.4,Barley,128.66
Region_D,Clay,5.51,384.8,30.8,63.8,168.5,Rainfed,34.9,18.3,Rice,102.31
Region_D,Clay,6.04,1470.4,29.2,60.4,155.1,Drip,22.3,23.7,No_Previous_Crop,131.3
Region_C,Sandy,7.08,833.2,19.2,34.5,230.9,Flood,36.2,11.9,Barley,149.77
Region_B,Sandy,6.77,532.3,32.2,85.1,177.0,Rainfed,14.7,23.1,No_Previous_Crop,112.15
Region_C,Clay,6.06,1074.5,24.5,87.0,82.4,Sprinkler,45.3,24.3,Maize,72.42
Region_C,Sandy,6.78,1040.1,30.3,71.7,259.3,Flood,1.9,23.5,Wheat,170.88
Region_D,Sandy,5.91,567.4,32.9,55.3,56.9,Flood,28.9,17.3,Wheat,58.45
Region_A,Loam,6.22,297.3,20.9,68.9,180.0,Drip,37.0,12.9,Rice,92.56
Region_A,Loam,7.01,1053.4,21.1,70.0,248.1,Flood,31.3,19.3,Rice,161.5
Region_B,Sandy,6.74,1095.6,20.9,78.8,87.5,Rainfed,46.6,7.9,No_Previous_Crop,83.67
Region_A,Clay,6.45,1007.6,33.9,65.1,69.0,Drip,31.7,20.6,Maize,73.01
Region_A,Loam,7.01,759.9,26.1,55.0,180.8,Flood,5.3,22.2,Wheat,108.62
Region_B,Clay,7.46,703.2,25.1,52.8,170.3,Rainfed,29.0,19.1,Barley,106.31
Region_A,Clay,6.91,1380.1,21.8,62.9,272.4,Drip,8.2,24.6,Maize,178.66
Region_D,Clay,7.05,848.3,15.6,37.9,237.9,Sprinkler,19.4,15.7,Wheat,142.62
Region_C,Sandy,6.08,926.3,34.1,62.2,201.6,Drip,11.5,8.1,Barley,129.29
Region_D,Clay,6.48,531.7,30.9,31.2,192.4,Flood,44.6,13.5,Maize,121.73
Region_D,Loam,6.29,877.1,30.9,76.7,235.6,Drip,30.0,21.1,Wheat,153.41
Region_A,Sandy,6.76,1455.0,22.3,69.9,73.8,Flood,47.6,19.5,No_Previous_Crop,78.89
Region_C,Clay,5.55,316.3,33.4,74.8,175.5,Flood,13.8,6.9,Maize,105.7
Region_C,Sandy,7.37,1331.6,25.5,87.5,262.8,Flood,43.1,19.9,Maize,183.26
Region_A,Loam,6.89,875.2,18.9,67.4,251.9,Drip,22.6,8.9,Barley,153.53
Region_B,Loam,5.78,1373.1,31.0,42.2,209.0,Sprinkler,15.8,16.4,Barley,153.73
Region_B,Sandy,6.35,455.8,16.5,59.0,124.1,Drip,16.3,22.0,Maize,76.72
Region_C,Clay,6.56,1225.5,31.9,83.7,280.8,Drip,7.6,16.8,Wheat,181.11
Region_A,Loam,6.28,866.5,21.9,35.0,299.0,Sprinkler,48.7,16.4,Barley,183.51
Region_A,Sandy,6.28,1324.0,33.3,82.9,206.8,Flood,35.7,14.1,Wheat,155.54
Region_D,Clay,7.06,1295.6,33.6,66.1,224.8,Drip,40.8,10.7,Barley,164.5
Region_C,Sandy,6.15,1471.7,34.1,62.3,260.0,Drip,45.0,21.6,No_Previous_Crop,181.16
Region_B,Sandy,7.28,451.2,24.9,35.0,54.7,Rainfed,41.0,20.9,No_Previous_Crop,47.14
Region_B,Loam,6.68,344.5,28.2,43.8,199.6,Rainfed,37.0,9.6,Rice,121.89
Region_D,Sandy,5.8,1013.8,29.9,62.0,218.1,Drip,41.9,10.7,Rice,141.22
Region_B,Sandy,6.41,955.0,17.7,74.0,186.8,Drip,30.1,18.4,Barley,123.87
Region_D,Loam,7.2,887.5,15.6,36.7,166.9,Rainfed,25.4,9.1,No_Previous_Crop,121.65
Region_A,Sandy,7.34,506.2,34.3,46.9,264.8,Drip,43.6,5.0,Wheat,151.98
Region_D,Loam,6.46,735.3,20.5,81.7,93.8,Sprinkler,30.9,14.2,No_Previous_Crop,71.98
Region_B,Clay,5.98,1463.6,25.1,33.0,101.6,Sprinkler,37.4,14.4,Rice,100.98
Region_D,Sandy,5.65,627.3,25.8,67.2,235.7,Drip,1.7,21.8,No_Previous_Crop,142.89
Region_B,Loam,5.85,899.0,16.0,89.2,155.8,Flood,39.8,16.1,Maize,99.14
Region_B,Loam,5.78,690.9,27.8,45.8,192.3,Sprinkler,25.2,18.2,Maize,120.94
Region_A,Loam,6.59,1400.0,29.9,73.3,189.5,Rainfed,3.9,23.7,Maize,141.25
Region_D,Sandy,6.84,263.4,23.6,54.5,259.1,Drip,15.7,17.3,Barley,153.17
Region_B,Loam,6.98,544.0,17.6,85.1,280.4,Flood,45.2,15.1,Maize,153.68
Region_A,Sandy,6.58,1361.9,27.6,56.2,194.4,Sprinkler,46.7,11.4,Barley,145.08
Region_C,Sandy,6.46,734.9,28.6,68.9,290.9,Drip,12.7,19.3,Rice,171.54
Region_B,Loam,7.27,763.9,16.3,69.2,234.7,Sprinkler,16.2,12.4,Rice,138.17
Region_C,Clay,7.29,393.4,16.7,59.9,121.1,Rainfed,11.5,11.4,Barley,72.49
Region_C,Sandy,6.62,823.5,25.5,71.6,209.5,Rainfed,24.8,15.6,Rice,135.04
Region_D,Clay,6.32,1132.1,26.7,49.5,129.2,Sprinkler,42.1,21.0,Maize,95.41
Region_A,Loam,5.72,505.8,29.0,89.8,122.3,Drip,20.5,12.5,No_Previous_Crop,80.87
Region_D,Clay,6.88,768.4,23.3,81.9,219.8,Drip,23.0,6.0,Maize,140.38
Region_B,Sandy,7.42,1097.9,27.3,33.8,157.9,Flood,49.9,24.1,No_Previous_Crop,131.0
Region_D,Loam,5.68,1301.4,26.6,76.7,265.4,Drip,0.0,11.7,Wheat,185.76
Region_B,Sandy,6.96,695.4,32.4,86.7,262.2,Rainfed,27.6,18.9,Rice,156.51
Region_D,Sandy,7.3,1009.0,26.9,49.4,191.3,Rainfed,17.0,17.8,Wheat,140.41
Region_B,Sandy,7.07,746.1,29.0,60.0,118.1,Flood,18.2,15.4,Wheat,84.43
Region_C,Clay,7.35,880.5,31.8,87.2,288.3,Rainfed,31.5,9.4,Rice,164.34
Region_D,Sandy,6.24,1225.5,32.9,39.1,109.3,Rainfed,41.1,16.2,Maize,98.4
Region_A,Loam,6.96,1413.2,28.7,78.8,184.1,Rainfed,2.9,9.5,Barley,137.16
Region_D,Loam,6.03,1099.8,23.2,43.8,132.2,Sprinkler,43.5,17.0,Maize,98.25
Region_D,Sandy,6.04,1493.0,25.6,84.2,107.5,Drip,14.9,20.2,Barley,103.53
Region_A,Clay,6.28,321.6,31.6,50.9,222.3,Flood,44.0,22.9,Barley,126.52
Region_D,Loam,5.59,1129.8,25.4,45.3,270.0,Sprinkler,16.6,17.4,Rice,175.73
Region_C,Clay,6.93,592.3,24.5,50.3,175.2,Sprinkler,44.8,9.4,No_Previous_Crop,111.61
Region_C,Loam,6.24,477.0,28.0,32.7,165.9,Rainfed,7.3,21.3,Maize,100.86
Region_C,Loam,5.72,567.9,29.2,80.4,235.2,Rainfed,45.2,10.5,Rice,140.53
Region_D,Sandy,7.48,573.6,31.7,46.0,116.8,Flood,35.8,14.0,No_Previous_Crop,83.44
Region_B,Clay,6.47,940.4,24.0,45.6,94.0,Flood,8.0,10.7,Wheat,87.09
Region_C,Loam,7.25,559.3,26.1,66.8,185.1,Drip,38.4,5.8,Rice,117.2
Region_A,Clay,6.49,365.9,29.7,83.4,195.6,Flood,16.8,5.9,No_Previous_Crop,112.64
Region_A,Loam,6.78,689.5,19.2,77.1,84.3,Rainfed,21.1,5.9,Rice,71.14
Region_D,Sandy,7.33,955.7,19.5,43.0,51.7,Drip,1.0,25.0,Rice,58.21
Region_C,Sandy,6.4,1116.2,31.1,47.3,129.3,Sprinkler,12.0,18.7,Wheat,109.42
Region_D,Loam,5.73,1039.4,26.0,66.0,231.0,Rainfed,40.3,11.7,Rice,151.2
Region_D,Loam,5.67,738.7,26.3,47.4,193.4,Drip,22.7,18.6,Wheat,131.34
Region_C,Loam,6.51,468.4,33.6,49.8,128.9,Flood,20.2,24.3,Rice,81.79
Region_C,Loam,7.21,578.4,26.7,54.8,180.7,Flood,13.4,9.4,No_Previous_Crop,113.05
Region_B,Loam,6.06,1141.0,31.7,83.5,238.6,Rainfed,33.8,22.8,Wheat,155.42
Region_C,Clay,7.09,1029.6,34.1,57.1,177.0,Flood,28.6,15.1,No_Previous_Crop,124.96
Region_A,Sandy,7.25,1061.1,34.6,50.6,145.1,Flood,42.4,11.9,Wheat,109.93
Region_A,Sandy,6.26,1264.8,30.5,70.5,242.5,Flood,18.4,7.5,Maize,158.53
Region_A,Sandy,7.44,831.2,25.6,62.9,158.3,Rainfed,14.0,11.8,Barley,100.25
Region_B,Sandy,6.97,443.2,28.0,84.5,96.0,Drip,6.1,21.4,Rice,69.25
Region_B,Clay,7.23,387.3,25.5,55.8,198.6,Flood,19.0,13.8,Wheat,112.54
Region_B,Loam,6.57,653.7,15.2,35.9,257.0,Rainfed,30.9,19.8,Wheat,142.87
Region_C,Clay,6.15,235.7,19.2,70.0,57.5,Flood,5.8,6.5,Maize,49.31
Region_B,Loam,5.87,724.9,19.2,85.6,71.1,Sprinkler,41.1,21.1,Wheat,63.86
Region_D,Clay,7.36,288.8,32.8,89.8,243.3,Flood,34.6,19.5,Rice,141.89
Region_C,Loam,5.79,250.9,18.4,70.3,137.1,Sprinkler,11.6,15.9,Wheat,90.03
Region_B,Sandy,6.46,411.9,24.4,30.7,82.3,Drip,44.2,13.8,Barley,53.44
Region_C,Sandy,6.32,1379.3,26.2,60.6,79.6,Rainfed,37.1,7.8,Barley,87.3
Region_B,Loam,6.09,376.3,15.6,61.1,116.8,Rainfed,24.3,15.3,Wheat,79.28
Region_A,Clay,6.33,1407.9,26.0,61.2,53.4,Flood,35.7,10.8,Barley,74.86
Region_C,Clay,5.83,839.0,24.2,37.3,173.5,Sprinkler,5.6,10.8,No_Previous_Crop,107.58
Region_A,Clay,6.78,1034.4,17.8,79.8,128.3,Flood,8.2,15.1,Wheat,95.05
Region_D,Loam,7.13,282.6,24.8,80.1,221.4,Drip,7.4,11.0,Barley,124.71
Region_C,Loam,5.87,1275.8,21.3,65.7,79.0,Sprinkler,1.5,15.8,Barley,81.14
Region_A,Sandy,7.44,855.1,22.2,83.1,229.2,Flood,28.9,12.5,No_Previous_Crop,144.01
Region_D,Clay,6.93,699.8,33.3,77.4,262.1,Rainfed,44.6,20.1,Barley,152.35
Region_A,Clay,7.17,409.6,22.2,65.0,230.5,Sprinkler,20.1,20.0,Rice,141.3
Region_C,Clay,6.63,752.6,29.1,84.5,91.8,Sprinkler,12.6,9.4,Barley,68.29
Region_D,Clay,6.36,1254.8,24.7,89.3,232.8,Flood,19.1,11.0,Maize,155.78
Region_B,Clay,5.54,1394.6,17.7,59.7,238.4,Drip,20.5,23.1,Wheat,160.08
Region_C,Sandy,6.95,327.7,32.3,77.7,242.1,Drip,36.1,8.0,Wheat,141.5
Region_C,Clay,7.32,1097.8,32.5,47.0,230.6,Rainfed,23.1,15.2,Wheat,147.94
Region_A,Loam,5.55,1269.7,32.2,68.7,75.5,Rainfed,47.6,12.7,No_Previous_Crop,81.74
Region_A,Clay,6.4,1305.6,18.1,36.1,154.4,Rainfed,36.1,6.5,Rice,120.08
Region_D,Sandy,5.95,507.6,21.9,77.8,261.7,Sprinkler,39.6,11.1,Barley,149.21
Region_B,Loam,5.92,618.1,29.4,31.1,172.6,Drip,4.2,18.4,No_Previous_Crop,123.45
Region_A,Sandy,6.07,582.0,17.1,38.6,167.7,Drip,38.8,22.7,Rice,105.97
Region_D,Clay,6.22,296.9,15.5,68.9,97.0,Rainfed,45.9,21.9,Wheat,67.1
Region_B,Clay,6.81,429.5,25.8,60.9,177.9,Rainfed,16.9,9.2,No_Previous_Crop,112.7
Region_A,Clay,5.87,516.4,16.4,60.6,138.5,Flood,11.7,15.0,Barley,88.85
Region_B,Clay,5.52,797.4,23.3,32.3,259.4,Drip,4.2,21.6,No_Previous_Crop,156.3
Region_B,Loam,6.44,1378.9,21.5,45.9,156.4,Sprinkler,25.6,20.4,Barley,136.19
Region_B,Loam,5.97,1134.2,18.7,87.7,119.4,Rainfed,17.6,18.6,No_Previous_Crop,103.44
Region_A,Loam,5.61,231.3,21.4,73.7,168.0,Sprinkler,39.0,17.4,Barley,108.62
Region_B,Sandy,7.08,1087.1,21.6,31.4,103.8,Flood,11.8,12.4,No_Previous_Crop,80.12
Region_B,Loam,6.93,367.7,25.6,58.8,155.3,Sprinkler,6.6,15.3,Rice,101.35
Region_A,Sandy,6.21,1122.8,27.5,43.1,153.1,Sprinkler,17.5,21.5,No_Previous_Crop,104.48
Region_B,Sandy,6.99,1033.5,31.8,69.5,53.8,Drip,42.2,24.1,Barley,56.09
Region_A,Loam,7.48,820.6,20.6,39.5,208.0,Flood,36.1,22.4,Rice,131.1
Region_B,Clay,6.9,1103.2,29.7,69.9,140.1,Rainfed,11.3,7.5,Barley,108.0
Region_B,Sandy,6.31,946.4,33.9,40.3,179.1,Sprinkler,5.4,22.3,Rice,126.15
Region_C,Loam,6.34,922.6,31.5,68.8,106.4,Sprinkler,1.1,22.0,Wheat,85.71
Region_C,Clay,6.81,1222.1,19.8,79.0,64.7,Sprinkler,18.4,19.1,Rice,79.15
Region_B,Clay,6.14,290.1,21.4,30.9,170.9,Flood,17.5,9.6,Wheat,91.95
Region_B,Sandy,7.04,849.3,30.8,80.0,110.2,Drip,29.0,16.7,Rice,88.64
Region_B,Clay,6.21,1120.9,19.7,50.1,110.1,Drip,33.9,17.1,Maize,84.92
Region_B,Sandy,6.27,1348.3,19.5,51.2,208.3,Sprinkler,46.3,15.5,Maize,151.54
Region_C,Loam,7.31,389.8,23.8,53.3,219.4,Sprinkler,17.2,16.9,No_Previous_Crop,124.66
Region_B,Clay,5.54,1363.5,20.0,33.4,214.6,Drip,31.5,21.1,Barley,154.57
Region_C,Sandy,6.45,398.4,17.7,73.3,58.8,Sprinkler,42.1,20.3,Barley,35.65
Region_B,Clay,5.84,1231.4,23.2,58.8,66.8,Rainfed,47.6,21.1,Maize,71.37
Region_A,Loam,7.12,1069.9,29.8,87.6,265.4,Sprinkler,5.7,12.1,Barley,172.87
Region_B,Loam,7.26,373.1,25.8,46.5,243.0,Drip,9.6,20.1,No_Previous_Crop,149.09
Region_B,Sandy,5.61,460.6,17.3,40.9,89.2,Sprinkler,19.8,21.3,No_Previous_Crop,59.23
Region_B,Loam,7.38,1095.2,23.7,44.0,152.4,Drip,43.8,19.8,Maize,112.82
Region_A,Clay,6.62,1305.6,30.8,43.3,88.7,Drip,1.6,14.5,Barley,92.29
Region_B,Clay,6.82,732.0,17.8,48.8,287.4,Sprinkler,34.5,18.3,Wheat,160.13
Region_D,Clay,7.06,480.9,32.8,83.7,154.8,Flood,32.1,24.8,Barley,103.98
Region_D,Sandy,5.83,741.7,23.3,83.1,70.6,Drip,40.8,8.4,Wheat,61.81
Region_C,Loam,6.64,877.6,33.3,49.5,145.0,Drip,23.5,7.5,Barley,102.37
Region_A,Sandy,5.76,1314.6,24.4,55.9,205.3,Drip,26.1,18.6,Barley,150.46
Region_D,Sandy,7.18,595.3,31.0,51.2,132.4,Drip,21.6,9.1,Rice,82.85
Region_B,Clay,6.43,294.8,21.4,81.6,200.2,Flood,6.3,5.1,Barley,110.76
Region_C,Sandy,6.24,981.5,26.6,32.2,65.0,Rainfed,40.1,16.1,No_Previous_Crop,72.7
Region_A,Sandy,6.29,250.9,21.7,65.9,160.6,Sprinkler,16.3,8.5,Maize,93.45
Region_C,Clay,6.15,954.5,15.9,71.9,186.5,Flood,34.5,14.5,Maize,128.36
Region_C,Clay,5.99,1022.9,27.6,61.2,258.5,Drip,32.3,18.3,Wheat,166.18
Region_A,Loam,6.37,221.0,32.8,32.7,256.8,Rainfed,45.3,8.4,Rice,140.68
Region_B,Sandy,7.09,438.2,27.3,65.6,253.1,Flood,14.0,19.1,Maize,149.2
Region_B,Sandy,5.6,887.4,19.0,51.6,72.3,Drip,7.8,22.8,No_Previous_Crop,66.88
Region_B,Clay,7.1,1437.6,24.3,51.1,224.2,Rainfed,12.9,5.1,Barley,162.31
Region_A,Loam,5.8,694.9,27.4,44.5,102.5,Sprinkler,24.3,22.7,Maize,86.11
Region_B,Clay,5.54,471.0,17.6,40.5,81.8,Flood,2.8,24.5,Barley,52.77
Region_D,Loam,7.02,1253.3,28.4,34.5,109.5,Flood,2.1,24.4,Maize,97.71
Region_C,Clay,6.79,1169.6,20.4,71.2,208.9,Flood,31.2,7.4,Barley,144.7
Region_D,Clay,6.44,1050.4,22.4,46.8,297.8,Drip,18.5,7.9,Maize,182.26
Region_A,Clay,7.25,648.7,23.2,74.4,118.4,Drip,40.3,10.7,Wheat,78.22
Region_A,Sandy,6.04,817.4,30.3,45.3,278.7,Rainfed,7.0,10.4,Rice,157.87
Region_A,Sandy,6.18,724.9,24.5,48.0,261.0,Sprinkler,19.1,17.7,Rice,165.04
Region_C,Sandy,7.36,1431.6,21.0,68.4,71.2,Flood,13.1,5.3,Wheat,87.55
Region_B,Loam,7.15,1106.6,27.3,57.7,130.0,Sprinkler,31.9,25.0,Barley,107.74
Region_C,Sandy,7.28,1171.4,18.5,45.5,234.3,Drip,25.0,11.7,No_Previous_Crop,155.08
Region_D,Loam,5.62,638.3,27.7,40.8,286.7,Flood,12.5,12.8,No_Previous_Crop,166.17
Region_A,Clay,6.41,516.5,27.5,73.4,251.0,Sprinkler,48.5,6.3,Wheat,143.1
Region_C,Sandy,6.52,1498.6,29.0,40.1,183.0,Sprinkler,45.1,20.9,Maize,143.83
Region_D,Loam,6.75,1206.2,30.4,50.5,181.8,Drip,6.3,13.5,Barley,128.58
Region_D,Sandy,7.12,1106.7,26.5,84.4,296.8,Drip,46.7,23.9,Rice,186.06
Region_D,Loam,6.4,732.8,23.3,80.5,205.5,Flood,44.3,17.5,Rice,128.5
Region_C,Clay,5.56,417.1,33.8,69.1,129.0,Sprinkler,8.0,24.3,Rice,78.59
Region_B,Loam,7.28,983.9,16.0,43.4,166.9,Drip,37.9,21.7,Maize,114.62
Region_C,Sandy,6.35,1272.3,15.4,71.8,63.5,Drip,24.3,18.9,Rice,66.1
Region_C,Sandy,5.66,620.1,24.0,83.4,94.2,Drip,31.9,9.0,Rice,73.24
Region_A,Sandy,7.28,359.4,34.0,39.7,191.7,Sprinkler,46.2,12.3,No_Previous_Crop,111.08
Region_C,Clay,6.8,965.6,20.8,51.6,191.7,Rainfed,23.5,20.0,Barley,136.43
Region_B,Loam,6.26,623.9,28.2,39.9,146.1,Drip,23.4,11.9,No_Previous_Crop,92.18
Region_D,Sandy,6.86,569.6,32.5,39.5,107.5,Rainfed,15.6,14.3,Wheat,69.52
Region_D,Clay,7.32,1049.2,27.6,73.1,103.8,Flood,36.3,13.1,Barley,88.48
Region_D,Sandy,6.28,344.1,33.8,57.7,251.3,Sprinkler,11.4,13.0,Maize,151.65
Region_D,Loam,5.98,1363.7,27.1,44.1,122.1,Drip,30.9,18.0,Wheat,99.52
Region_A,Loam,5.72,1082.4,33.0,51.7,258.1,Sprinkler,6.6,13.6,No_Previous_Crop,163.7
Region_C,Sandy,5.53,684.3,29.9,84.9,150.8,Rainfed,18.9,5.7,Rice,101.44
Region_C,Loam,5.58,1154.9,19.5,75.7,153.4,Drip,17.2,16.9,Barley,113.53
Region_A,Loam,6.26,333.6,15.1,86.4,270.4,Sprinkler,3.0,17.1,Barley,149.96
Region_A,Loam,6.54,1431.9,21.8,81.0,154.9,Sprinkler,11.9,8.3,Barley,118.44
Region_D,Clay,7.13,1064.9,31.4,34.4,77.3,Flood,29.5,10.9,Barley,81.07
Region_D,Clay,6.72,568.1,30.1,33.6,204.3,Rainfed,10.8,6.9,No_Previous_Crop,121.99
Region_A,Sandy,6.23,979.5,23.9,62.2,85.9,Drip,36.9,7.5,Rice,77.95
Region_B,Sandy,7.25,997.7,24.0,42.9,187.9,Drip,46.5,8.1,No_Previous_Crop,127.82
Region_D,Clay,6.18,229.7,28.2,58.8,177.4,Sprinkler,36.3,8.5,Rice,103.77
Region_A,Sandy,5.61,1219.2,29.6,44.4,83.7,Drip,45.8,14.3,Wheat,90.24
Region_C,Sandy,6.25,368.1,34.8,52.1,195.1,Rainfed,38.6,19.7,Barley,122.55
Region_B,Sandy,6.94,1389.9,34.2,37.1,291.3,Flood,28.5,22.1,No_Previous_Crop,192.88
Region_D,Sandy,7.29,785.0,15.2,58.8,97.9,Sprinkler,45.5,9.6,Wheat,82.02
Region_B,Sandy,6.37,569.5,17.0,68.7,62.1,Drip,12.6,22.9,Barley,47.89
Region_C,Loam,6.13,508.2,22.9,70.6,216.3,Flood,7.6,11.9,Barley,129.58
Region_B,Clay,7.06,379.1,32.0,30.0,161.9,Sprinkler,42.9,17.3,Barley,97.68
Region_C,Loam,6.84,849.3,33.5,87.5,67.1,Rainfed,10.7,19.1,Wheat,71.94
Region_B,Sandy,7.07,559.4,26.6,84.3,125.7,Sprinkler,45.5,6.2,Wheat,89.67
Region_C,Sandy,6.86,1284.0,26.7,30.3,122.1,Flood,16.3,17.0,Rice,112.68
Region_A,Loam,6.38,392.2,30.6,89.5,51.9,Rainfed,8.6,15.5,Rice,44.48
Region_D,Loam,6.89,615.9,17.1,61.1,207.0,Rainfed,36.3,20.4,Wheat,125.62
Region_D,Clay,7.35,385.1,17.7,36.3,142.4,Drip,11.6,24.0,No_Previous_Crop,86.47
Region_C,Sandy,6.05,1294.1,33.1,53.4,211.5,Rainfed,46.8,18.0,No_Previous_Crop,156.48
Region_D,Clay,6.25,503.8,27.5,75.8,77.1,Drip,18.8,21.0,Maize,61.97
Region_C,Clay,5.73,730.5,21.2,36.6,272.8,Flood,27.3,12.6,Maize,168.42
Region_A,Loam,5.63,1214.8,18.2,70.1,86.0,Flood,46.8,18.0,Wheat,82.96
Region_D,Loam,6.65,875.0,17.9,60.2,67.4,Rainfed,28.2,23.7,No_Previous_Crop,67.47
Region_A,Sandy,7.28,706.7,34.4,67.7,254.7,Drip,30.9,20.0,No_Previous_Crop,167.4
Region_B,Loam,6.75,871.3,18.7,33.4,140.9,Drip,45.9,17.2,Maize,94.87
Region_B,Loam,6.94,214.0,24.6,57.9,275.4,Flood,15.5,12.4,No_Previous_Crop,155.48
Region_B,Clay,5.61,354.4,28.3,73.2,145.1,Rainfed,26.7,11.9,Rice,90.04
Region_C,Clay,5.6,875.1,20.8,78.7,82.9,Flood,22.8,6.3,Wheat,70.02
Region_D,Clay,5.7,383.0,32.0,78.8,278.8,Rainfed,37.1,16.5,Wheat,152.69
Region_C,Clay,6.9,758.8,27.2,71.5,266.3,Flood,9.9,13.1,Rice,155.92
Region_B,Clay,6.24,977.3,22.1,85.4,168.8,Flood,40.8,8.7,Barley,129.24
Region_B,Loam,5.84,512.5,31.4,48.3,272.1,Sprinkler,22.3,20.9,Rice,162.95
Region_B,Loam,6.47,985.9,18.2,49.7,66.9,Drip,14.3,18.7,Rice,67.25
Region_A,Clay,7.07,406.5,32.2,47.2,93.7,Sprinkler,20.7,7.5,No_Previous_Crop,66.71
Region_D,Clay,6.93,322.2,15.9,81.0,210.4,Sprinkler,15.4,5.2,Wheat,123.93
Region_A,Loam,6.1,1467.4,15.9,61.8,89.7,Sprinkler,8.3,17.0,Rice,91.4
Region_A,Sandy,6.13,678.7,25.1,71.7,180.3,Flood,45.2,20.6,Rice,125.26
Region_D,Sandy,5.74,896.2,32.7,85.2,132.6,Flood,17.3,6.6,Maize,98.47
Region_A,Sandy,5.63,1486.0,33.3,70.0,179.1,Rainfed,21.3,7.4,Maize,148.52
Region_C,Loam,6.1,291.4,32.9,55.7,108.4,Flood,36.8,8.2,Barley,64.45
Region_A,Sandy,7.08,654.4,21.1,69.6,217.7,Flood,35.8,16.4,Barley,137.74
Region_A,Clay,6.79,1297.9,23.3,83.3,179.9,Flood,36.8,6.2,Barley,130.94
Region_C,Loam,6.84,322.8,21.7,60.6,55.0,Sprinkler,35.2,6.9,Barley,35.8
Region_B,Sandy,5.8,1006.2,30.3,65.0,282.8,Rainfed,13.8,23.7,Maize,170.47
Region_C,Sandy,6.6,1444.9,27.8,41.3,218.3,Rainfed,14.1,5.7,Barley,156.58
Region_A,Sandy,7.16,1269.7,32.7,51.6,273.4,Sprinkler,25.5,19.7,No_Previous_Crop,183.9
Region_A,Clay,7.34,975.8,16.0,59.5,99.8,Sprinkler,0.0,16.5,Maize,91.91
Region_D,Loam,6.4,560.3,26.1,47.5,284.7,Sprinkler,33.6,13.1,Maize,162.46
Region_C,Sandy,6.42,1139.9,31.6,67.0,143.1,Sprinkler,6.4,13.6,Barley,103.01
Region_C,Loam,6.82,513.2,29.3,60.5,102.2,Sprinkler,33.2,12.6,Wheat,64.43
Region_B,Sandy,6.81,1357.9,24.6,67.9,93.3,Drip,24.6,12.1,Wheat,103.39
Region_D,Loam,6.51,733.0,31.2,67.7,206.8,Flood,17.8,22.5,Wheat,131.43
Region_A,Loam,6.23,223.4,19.5,88.0,150.6,Sprinkler,45.4,20.4,Rice,79.74
Region_B,Clay,5.93,692.3,16.1,45.9,266.6,Rainfed,2.5,7.5,No_Previous_Crop,156.98
Region_C,Clay,7.09,756.6,16.3,48.4,165.9,Flood,33.3,16.0,Maize,111.95
Region_B,Clay,7.5,872.3,25.7,59.6,223.9,Sprinkler,3.2,8.1,Wheat,144.66
Region_A,Sandy,5.97,1158.0,22.9,37.5,78.6,Sprinkler,32.2,24.1,Barley,73.39
Region_C,Sandy,6.88,1466.1,30.5,37.4,220.5,Sprinkler,25.6,16.9,Rice,161.69
Region_A,Sandy,5.98,283.8,28.7,34.6,165.5,Sprinkler,7.6,11.9,Rice,91.46
Region_B,Clay,6.01,1484.4,24.5,75.1,107.7,Sprinkler,37.6,9.0,Wheat,102.89
Region_C,Loam,5.71,644.6,22.1,44.3,220.1,Drip,42.5,16.9,Barley,138.56
Region_B,Loam,7.04,858.3,34.1,38.2,251.4,Drip,39.2,15.3,Barley,149.71
Region_C,Sandy,5.92,1103.2,32.5,64.6,214.7,Flood,40.1,15.2,Maize,151.23
Region_D,Clay,6.51,1034.3,20.8,77.6,174.9,Rainfed,23.9,20.2,Barley,122.91
Region_C,Sandy,7.35,464.6,22.2,50.5,161.4,Flood,35.8,15.5,Rice,98.46
Region_B,Clay,6.51,449.4,20.9,39.4,171.2,Rainfed,8.8,11.0,Maize,106.28
Region_A,Sandy,6.22,1440.6,23.3,54.6,261.0,Rainfed,22.1,6.7,Maize,178.91
Region_C,Loam,5.71,499.7,29.8,46.5,185.8,Flood,39.5,9.8,Wheat,113.3
Region_D,Sandy,6.15,207.7,20.4,89.4,262.5,Flood,47.0,11.4,Wheat,141.46
Region_A,Clay,7.38,860.2,33.6,77.3,137.2,Flood,32.6,6.5,No_Previous_Crop,92.73
Region_D,Loam,6.68,1412.6,16.3,44.3,129.1,Sprinkler,5.5,7.2,Rice,97.48
Region_C,Sandy,5.94,662.7,31.5,85.9,245.6,Rainfed,28.0,21.1,No_Previous_Crop,144.33
Region_D,Loam,7.42,778.7,21.5,43.9,224.5,Sprinkler,37.2,22.1,Maize,134.6
Region_A,Sandy,7.41,206.1,20.8,57.1,91.9,Rainfed,36.8,18.6,Barley,56.56
Region_C,Sandy,5.95,1344.9,15.3,62.9,216.1,Flood,18.7,23.6,Wheat,150.89
Region_C,Sandy,6.21,1490.8,33.1,48.5,97.7,Flood,20.9,14.2,No_Previous_Crop,93.68
Region_B,Loam,7.15,388.5,23.2,63.1,186.9,Drip,1.3,11.0,Maize,115.24
Region_D,Loam,5.52,329.5,31.7,30.0,195.0,Flood,25.8,19.2,Wheat,114.72
Region_B,Sandy,6.68,593.3,31.8,43.3,97.7,Flood,32.2,17.1,Barley,80.45
Region_B,Sandy,6.19,504.9,20.3,80.4,262.9,Flood,39.2,5.3,No_Previous_Crop,151.67
Region_A,Loam,6.74,1251.1,27.9,67.7,199.1,Sprinkler,41.2,15.0,Maize,148.45
Region_D,Clay,7.47,1101.4,28.0,45.9,181.4,Sprinkler,7.8,11.4,Barley,128.28
Region_C,Sandy,6.92,578.5,23.6,44.2,112.2,Flood,47.6,16.0,Maize,84.83
Region_B,Loam,7.43,954.1,34.3,53.8,233.7,Flood,0.9,20.3,Wheat,145.64
Region_A,Loam,5.67,672.6,23.2,42.0,82.4,Drip,22.7,22.5,Barley,63.09
Region_B,Sandy,6.69,652.3,22.0,34.0,209.3,Rainfed,38.9,16.0,Wheat,120.29
Region_B,Clay,6.87,808.4,17.5,50.3,179.5,Drip,4.4,11.2,No_Previous_Crop,123.23
Region_B,Clay,6.25,706.2,31.3,88.0,90.7,Rainfed,36.4,6.1,Maize,75.93
Region_A,Loam,7.38,414.1,17.9,45.6,84.9,Flood,49.2,24.8,Wheat,62.94
Region_A,Sandy,7.0,534.0,26.9,36.3,205.6,Flood,28.0,13.4,No_Previous_Crop,128.39
Region_A,Clay,6.98,945.3,28.8,66.6,56.7,Sprinkler,23.1,9.1,Rice,61.32
Region_B,Loam,6.71,798.2,25.0,79.7,85.2,Sprinkler,25.3,24.2,Wheat,82.48
Region_D,Loam,6.94,1433.7,18.8,52.2,270.2,Drip,42.8,19.3,No_Previous_Crop,185.05
Region_B,Loam,6.83,962.5,27.9,39.2,56.7,Flood,27.1,20.5,Rice,71.77
Region_B,Clay,5.62,455.4,23.4,81.5,138.8,Drip,26.6,15.6,No_Previous_Crop,91.42
Region_B,Sandy,5.95,311.8,26.4,47.8,196.4,Drip,32.1,13.4,Rice,109.79
Region_C,Sandy,6.44,988.4,29.1,43.1,76.7,Sprinkler,21.7,8.8,Rice,72.31
Region_C,Sandy,5.76,743.3,22.9,86.2,167.7,Sprinkler,20.9,9.6,Barley,112.7
Region_B,Clay,6.73,312.6,27.3,86.6,206.0,Drip,6.2,22.9,Barley,116.82
Region_D,Loam,7.12,483.1,31.0,56.7,229.3,Drip,20.1,12.5,Wheat,135.85
Region_A,Loam,6.37,1107.9,20.0,49.7,57.3,Sprinkler,12.6,12.1,Rice,67.55
Region_C,Sandy,6.65,428.7,31.8,72.6,109.4,Sprinkler,28.3,14.1,Wheat,75.67
Region_A,Loam,6.02,1042.3,21.3,87.0,115.4,Drip,9.5,16.4,Maize,92.81
Region_D,Sandy,6.65,291.7,26.4,51.8,254.6,Drip,13.8,19.7,Wheat,146.07
Region_B,Loam,6.29,284.4,18.9,73.2,133.2,Flood,21.0,15.7,Wheat,77.95
Region_A,Clay,7.48,1454.8,19.6,80.3,253.5,Drip,41.6,11.5,No_Previous_Crop,184.59
Region_C,Sandy,6.79,346.0,33.6,46.6,255.3,Flood,20.3,11.7,No_Previous_Crop,141.47
Region_A,Loam,6.31,1393.1,24.6,77.9,111.1,Flood,47.4,8.4,Wheat,98.26
Region_D,Clay,7.04,356.0,27.1,61.9,210.2,Flood,48.7,22.4,Maize,127.75
Region_B,Loam,6.59,844.2,28.1,53.6,180.6,Sprinkler,12.9,16.0,Maize,131.27
Region_B,Loam,5.97,579.0,26.1,69.9,161.4,Drip,38.4,22.7,Wheat,96.28
Region_B,Clay,6.42,1123.2,16.2,67.4,189.0,Rainfed,49.8,22.7,Maize,125.96
Region_D,Clay,5.59,1183.0,31.4,38.9,57.4,Rainfed,20.2,9.1,Wheat,77.54
Region_C,Sandy,6.41,1472.3,16.6,38.6,297.4,Sprinkler,5.6,19.1,Maize,188.85
Region_D,Loam,7.21,1212.4,33.2,55.3,198.2,Flood,46.4,10.6,Rice,133.99
Region_D,Loam,6.48,392.7,16.7,73.8,162.1,Sprinkler,32.1,24.5,Rice,97.95
Region_B,Sandy,7.49,676.5,15.3,30.4,270.0,Flood,19.8,8.6,Rice,164.48
Region_C,Sandy,6.68,848.0,18.6,50.8,237.8,Rainfed,49.6,10.4,Maize,149.9
Region_B,Sandy,5.78,910.5,25.3,75.7,145.8,Drip,34.8,5.7,No_Previous_Crop,103.43
Region_A,Sandy,5.77,995.1,25.4,51.4,242.5,Flood,44.5,6.1,Rice,154.33
Region_A,Sandy,6.14,252.8,23.7,35.0,225.2,Drip,32.1,22.3,Rice,127.0
Region_C,Clay,7.16,1263.4,19.4,59.7,265.3,Rainfed,45.0,23.1,Wheat,172.89
Region_D,Loam,6.84,806.1,20.9,58.4,106.5,Drip,21.2,6.0,Rice,80.87
Region_D,Clay,5.88,599.6,15.4,57.0,188.7,Sprinkler,5.4,5.4,Barley,118.77
Region_C,Clay,7.09,1279.9,22.3,39.6,97.3,Drip,32.9,6.7,Maize,86.13
Region_D,Sandy,6.98,833.5,15.4,45.1,223.0,Sprinkler,27.4,10.9,Wheat,138.4
Region_D,Loam,5.62,301.0,30.9,40.4,100.2,Rainfed,8.1,15.0,Maize,55.5
Region_C,Loam,6.06,1249.7,28.6,71.3,242.9,Sprinkler,45.1,11.8,No_Previous_Crop,156.56
Region_D,Loam,6.17,1052.3,29.9,58.4,133.1,Flood,40.3,16.7,Wheat,105.92
Region_A,Clay,6.56,241.3,17.0,79.1,233.1,Sprinkler,24.9,15.1,Maize,138.46
Region_A,Sandy,5.92,1247.7,16.2,66.7,292.5,Sprinkler,34.3,7.7,Barley,186.91
Region_C,Clay,6.71,559.0,26.2,89.2,165.4,Flood,24.5,19.8,Wheat,110.62
Region_A,Sandy,7.05,507.1,33.3,77.8,167.5,Flood,45.5,10.3,Barley,98.35
Region_C,Sandy,7.33,1288.1,16.2,75.7,105.7,Flood,29.0,22.4,Rice,91.23
Region_C,Sandy,5.94,1236.0,24.6,86.1,123.5,Drip,30.1,15.7,Rice,103.02
Region_A,Loam,6.98,697.6,20.1,85.3,66.3,Sprinkler,7.5,5.2,No_Previous_Crop,60.38
Region_C,Sandy,6.75,1174.7,24.5,83.2,183.5,Flood,21.5,16.9,Wheat,130.14
Region_A,Sandy,6.46,697.0,15.8,77.2,152.2,Flood,5.8,21.8,Wheat,101.51
Region_A,Clay,7.15,1277.0,22.1,87.7,274.2,Drip,1.3,15.3,Maize,175.93
Region_A,Sandy,6.26,684.6,25.7,39.7,245.9,Flood,5.9,7.9,No_Previous_Crop,144.44
Region_B,Clay,5.78,1194.3,19.5,61.6,158.6,Rainfed,23.7,9.6,Rice,127.19
Region_A,Loam,6.02,915.4,34.2,39.5,299.2,Flood,4.7,14.1,No_Previous_Crop,182.55
Region_B,Loam,7.41,993.0,23.8,57.3,275.8,Drip,47.4,17.7,Rice,172.88
Region_A,Loam,6.7,358.7,25.5,37.8,87.4,Drip,49.4,22.4,Maize,59.81
Region_A,Loam,5.88,1347.6,33.1,55.5,53.2,Drip,39.0,9.9,Barley,76.24
Region_C,Sandy,6.58,601.6,28.7,41.6,187.2,Flood,7.2,7.0,Rice,122.74
Region_D,Clay,7.5,1459.3,32.4,42.0,249.5,Sprinkler,0.9,5.0,No_Previous_Crop,181.68
Region_C,Loam,6.2,308.2,27.0,83.9,90.1,Sprinkler,12.6,11.1,No_Previous_Crop,63.39
Region_C,Sandy,5.85,899.8,33.7,51.1,155.9,Sprinkler,25.2,7.8,No_Previous_Crop,120.49
Region_B,Sandy,6.94,714.4,34.9,34.0,260.8,Rainfed,2.4,18.1,Wheat,163.54
Region_C,Sandy,6.95,849.5,17.0,58.6,297.5,Drip,22.0,23.6,Wheat,174.9
Region_B,Sandy,6.6,607.2,23.4,53.3,180.1,Rainfed,9.4,12.6,Maize,114.3
Region_D,Sandy,6.87,363.6,33.2,84.3,298.2,Drip,20.4,16.3,No_Previous_Crop,166.02
Region_D,Clay,6.16,1490.9,28.1,61.1,165.9,Flood,28.1,18.3,Maize,132.2
Region_D,Clay,6.99,1277.9,22.7,62.3,295.9,Rainfed,33.1,22.6,Maize,188.78
Region_A,Clay,7.19,229.1,32.1,62.9,84.5,Drip,31.7,19.2,Barley,44.46
Region_B,Loam,6.9,272.4,19.6,47.1,286.0,Flood,6.3,20.6,Wheat,154.77
Region_D,Clay,7.13,1283.9,33.4,78.6,201.6,Flood,46.4,12.6,Barley,144.59
Region_D,Loam,7.43,1210.3,33.3,79.7,271.2,Rainfed,35.5,6.8,Rice,174.33
Region_D,Loam,6.9,485.6,18.2,55.0,170.2,Rainfed,10.5,18.3,Maize,93.26
Region_A,Loam,5.65,1066.9,24.0,46.8,73.9,Flood,19.8,15.8,Maize,66.77
Region_D,Loam,6.93,358.6,31.1,85.2,134.1,Sprinkler,3.2,11.9,Maize,81.41
Region_C,Sandy,5.53,1463.7,17.4,36.3,150.1,Rainfed,38.7,15.4,No_Previous_Crop,116.35
Region_B,Loam,7.34,322.0,27.6,32.0,227.2,Drip,20.4,23.0,Wheat,133.49
Region_C,Sandy,7.46,578.0,17.4,71.7,221.3,Rainfed,35.8,11.7,Rice,130.85
Region_B,Clay,5.52,815.9,29.7,70.2,281.7,Flood,29.0,11.2,Maize,169.78
Region_A,Sandy,6.51,1184.0,26.0,81.2,258.7,Drip,24.5,18.9,Rice,166.19
Region_D,Sandy,7.22,218.7,26.0,58.8,196.2,Rainfed,4.4,18.9,No_Previous_Crop,110.58
Region_D,Clay,6.5,657.1,24.0,59.4,54.5,Flood,2.7,7.1,No_Previous_Crop,46.91
Region_B,Loam,7.28,578.9,31.6,81.9,189.5,Flood,44.1,23.1,Wheat,112.53
Region_B,Clay,6.05,1276.6,23.3,59.8,60.7,Sprinkler,26.0,16.3,Barley,72.28
Region_C,Clay,7.33,449.7,25.6,77.1,222.4,Drip,19.8,23.8,Wheat,126.72
Region_A,Sandy,7.04,476.0,31.1,59.9,105.9,Sprinkler,19.3,17.1,Wheat,73.4
Region_A,Sandy,5.93,1017.5,31.8,67.4,196.0,Flood,22.4,8.5,Maize,136.06
Region_C,Sandy,6.82,789.6,27.8,49.8,202.2,Rainfed,8.7,15.0,Barley,129.04
Region_A,Loam,5.54,1234.9,29.8,43.0,240.6,Drip,1.3,18.5,Wheat,162.77
Region_D,Loam,6.75,563.4,24.0,54.8,228.8,Rainfed,36.2,13.9,Wheat,140.83
Region_B,Loam,6.18,632.4,31.5,69.5,127.0,Rainfed,47.1,7.6,Barley,84.07
Region_C,Loam,6.9,924.0,29.3,76.4,126.1,Flood,19.7,6.0,Barley,93.94
Region_A,Clay,5.7,1005.5,21.4,31.1,73.7,Flood,24.3,24.8,Wheat,65.41
Region_C,Loam,7.37,1356.3,34.9,63.1,223.1,Rainfed,22.6,16.4,No_Previous_Crop,160.51
Region_C,Loam,7.48,972.2,22.2,34.5,243.9,Rainfed,44.1,19.2,Barley,163.3
Region_D,Clay,5.73,1038.6,30.4,77.6,178.6,Sprinkler,41.9,16.1,Maize,132.52
Region_A,Clay,7.13,1460.1,24.5,83.9,221.6,Drip,7.5,12.4,Rice,154.59
Region_C,Loam,7.42,386.2,26.1,69.2,155.1,Rainfed,35.2,5.3,No_Previous_Crop,94.39
Region_B,Clay,5.75,1031.8,32.2,45.4,243.7,Drip,26.8,16.6,Maize,156.94
Region_B,Clay,6.39,504.4,31.2,75.6,114.8,Drip,46.4,12.2,No_Previous_Crop,79.22
Region_D,Clay,6.74,1062.0,27.3,49.1,180.3,Drip,42.7,15.1,Wheat,126.84
Region_D,Clay,7.16,1401.2,27.6,48.9,84.1,Rainfed,15.1,17.9,No_Previous_Crop,94.75
Region_D,Sandy,7.28,1196.3,21.7,62.0,182.1,Rainfed,44.5,19.8,Wheat,135.7
Region_A,Loam,7.31,258.3,31.8,72.2,171.5,Rainfed,9.7,23.8,No_Previous_Crop,89.5
Region_A,Clay,7.4,876.3,24.8,41.0,162.9,Drip,42.1,10.4,Rice,110.36
Region_B,Loam,7.26,459.2,26.3,42.8,183.5,Flood,7.4,16.9,Rice,107.15
Region_C,Clay,7.24,812.8,17.8,40.0,236.1,Flood,8.3,13.5,Rice,143.33
Region_A,Loam,6.87,1059.8,18.5,69.2,52.3,Sprinkler,6.8,17.0,Rice,53.02
Region_B,Sandy,5.82,1046.8,28.4,42.3,288.8,Drip,42.7,8.8,Wheat,179.19
Region_B,Loam,5.62,548.7,25.6,32.2,288.7,Rainfed,8.5,12.7,Maize,168.04
Region_C,Clay,5.8,617.6,17.3,55.6,182.3,Flood,2.0,24.3,Maize,119.56
Region_C,Sandy,5.97,714.4,34.4,75.9,64.0,Sprinkler,21.0,11.5,Barley,54.19
Region_B,Sandy,6.19,1001.7,25.6,84.5,137.5,Drip,47.1,8.0,Rice,96.17
Region_D,Sandy,5.68,368.4,16.0,34.1,216.2,Sprinkler,37.7,24.0,Maize,118.32
Region_C,Clay,5.67,881.0,33.6,65.3,58.3,Sprinkler,34.3,20.2,Barley,65.86
Region_C,Sandy,6.32,1132.6,32.4,50.4,152.3,Flood,3.6,13.8,Barley,112.46
Region_B,Loam,6.2,1385.4,34.9,50.8,65.7,Drip,32.9,9.9,Barley,76.62
Region_C,Loam,6.58,740.7,18.0,33.9,78.1,Flood,39.0,19.6,Maize,59.35
Region_D,Clay,6.79,558.5,16.5,73.4,290.8,Drip,1.0,22.9,Wheat,163.75
Region_B,Clay,6.66,1040.2,30.8,53.7,98.1,Flood,37.2,22.2,Maize,95.89
Region_B,Loam,6.48,913.4,25.1,75.2,193.1,Flood,9.1,6.6,Maize,123.9
Region_C,Loam,7.06,1283.0,25.6,83.9,154.0,Flood,39.4,12.9,Wheat,117.13
Region_C,Sandy,6.63,242.3,23.5,34.7,169.6,Rainfed,7.2,8.9,Rice,97.97
Region_D,Sandy,7.5,666.8,23.1,70.9,293.4,Rainfed,46.3,16.6,Rice,171.53
Region_D,Loam,6.21,553.4,24.8,47.2,245.9,Drip,44.7,19.6,Barley,147.94
Region_C,Clay,7.49,997.9,18.5,40.1,144.2,Drip,18.0,6.1,Wheat,110.35
Region_C,Sandy,6.4,410.3,29.7,45.7,188.2,Drip,7.2,12.2,Wheat,113.22
Region_D,Clay,5.69,576.5,25.6,60.6,258.1,Drip,49.1,18.5,No_Previous_Crop,152.03
Region_A,Clay,5.61,927.0,16.1,71.4,178.7,Sprinkler,42.3,8.2,Wheat,122.33
Region_B,Sandy,7.29,803.2,31.6,42.7,140.0,Flood,8.5,15.3,Maize,102.27
Region_A,Loam,7.13,597.2,32.4,46.3,54.9,Flood,26.0,10.7,Rice,56.09
Region_C,Sandy,6.28,379.3,27.0,59.9,155.6,Rainfed,30.7,14.4,No_Previous_Crop,86.01
Region_D,Clay,6.8,1110.2,20.8,69.9,246.5,Drip,42.4,11.4,Wheat,154.99
Region_D,Sandy,6.57,606.0,15.1,40.6,127.9,Sprinkler,20.5,8.6,Barley,77.65
Region_C,Sandy,6.46,1443.2,32.0,45.7,285.0,Rainfed,44.9,16.5,Rice,192.56
Region_A,Loam,6.87,1022.8,31.0,86.7,213.2,Sprinkler,12.4,19.9,Rice,145.23
Region_C,Clay,6.22,237.3,30.0,33.1,166.4,Flood,39.1,14.9,Maize,96.9
Region_B,Sandy,6.05,983.8,33.1,41.8,122.2,Sprinkler,43.5,18.5,Wheat,98.62
Region_A,Clay,5.5,1377.9,35.0,48.5,75.1,Drip,11.4,8.1,Rice,91.07
Region_D,Sandy,7.23,807.9,25.2,79.8,244.0,Drip,41.1,9.9,No_Previous_Crop,152.48
Region_B,Sandy,6.82,1209.7,22.4,68.0,178.5,Sprinkler,33.6,18.7,Maize,128.16
Region_A,Sandy,5.78,735.9,21.2,33.8,72.0,Rainfed,22.3,6.7,Maize,62.21
Region_D,Loam,6.36,225.1,33.6,82.0,171.9,Sprinkler,37.8,19.1,Rice,99.25
Region_A,Sandy,5.95,525.7,33.3,85.3,228.3,Drip,41.7,15.6,No_Previous_Crop,136.66
Region_D,Sandy,5.91,305.8,17.6,88.6,180.8,Flood,36.3,10.8,No_Previous_Crop,92.54
Region_C,Sandy,6.95,838.2,17.1,67.9,77.6,Sprinkler,41.8,11.1,Barley,66.14
Region_C,Loam,6.26,295.4,19.5,78.5,185.9,Flood,21.3,5.2,Maize,103.36
Region_D,Loam,6.08,447.8,23.9,42.5,234.1,Sprinkler,33.3,16.1,Rice,132.73
Region_B,Loam,5.96,893.7,33.6,83.5,115.4,Rainfed,23.3,20.5,No_Previous_Crop,78.47
Region_A,Sandy,6.67,517.3,33.9,66.7,107.8,Sprinkler,26.2,24.2,Rice,68.24
Region_B,Loam,6.85,559.3,27.1,40.1,117.0,Flood,46.5,19.6,No_Previous_Crop,79.0
Region_B,Sandy,6.91,910.1,27.5,31.0,167.8,Rainfed,6.2,18.8,Rice,124.37
Region_C,Sandy,6.32,1013.1,29.6,31.0,82.0,Flood,2.2,18.9,Barley,79.73
Region_B,Sandy,7.39,1338.6,29.6,54.4,64.9,Drip,7.3,20.5,Wheat,79.23
Region_C,Clay,5.64,239.0,25.8,76.3,129.6,Rainfed,34.8,11.1,Barley,77.34
Region_D,Sandy,5.74,603.7,17.4,57.6,118.1,Flood,22.8,9.3,Rice,78.16
Region_C,Loam,7.3,770.1,16.9,82.2,250.2,Drip,18.8,17.8,Maize,141.76
Region_B,Sandy,5.6,711.1,21.4,64.5,198.8,Flood,29.9,16.1,Barley,127.25
Region_B,Clay,5.88,1418.1,35.0,55.3,208.7,Sprinkler,29.6,7.7,No_Previous_Crop,150.33
Region_C,Loam,6.32,931.3,20.2,73.1,177.9,Flood,7.1,10.7,Barley,129.0
Region_A,Sandy,5.83,1188.9,23.9,30.1,75.2,Flood,16.2,7.5,Wheat,70.9
Region_B,Loam,6.39,1059.5,16.7,54.0,219.1,Drip,38.5,11.5,Barley,144.76
Region_C,Loam,6.44,202.8,26.9,53.9,134.7,Rainfed,14.1,12.7,Barley,79.7
Region_B,Clay,7.03,905.5,20.1,57.8,52.8,Sprinkler,47.7,21.9,Rice,59.84
Region_D,Sandy,7.35,384.9,32.6,41.2,133.2,Rainfed,28.4,17.1,Barley,86.02
Region_D,Loam,6.77,566.4,20.6,82.4,221.8,Rainfed,11.3,6.9,Barley,128.82
Region_C,Clay,5.71,1368.9,29.5,80.0,247.3,Rainfed,7.5,5.5,Rice,174.29
Region_A,Loam,7.0,804.0,33.6,59.9,289.1,Flood,44.7,11.9,No_Previous_Crop,175.73
Region_D,Sandy,5.94,1411.5,24.0,72.4,269.0,Drip,17.1,14.6,Wheat,180.22
Region_B,Loam,6.72,862.6,16.9,72.2,175.6,Flood,38.4,17.9,Wheat,124.66
Region_A,Clay,5.72,441.7,30.4,32.0,175.6,Sprinkler,22.5,15.2,Wheat,106.61
Region_A,Clay,6.81,834.4,19.1,32.5,52.2,Sprinkler,3.6,12.6,No_Previous_Crop,52.27
Region_C,Sandy,5.56,1186.3,18.3,74.0,206.6,Sprinkler,17.7,23.8,Maize,144.13
Region_B,Loam,6.5,655.2,28.2,61.0,181.9,Flood,29.2,18.6,Barley,112.48
Region_B,Sandy,6.26,392.9,16.8,75.2,86.0,Drip,22.7,22.1,Barley,66.38
Region_B,Loam,6.05,1166.4,17.8,83.0,169.5,Sprinkler,32.9,20.8,Rice,132.4
Region_D,Sandy,5.86,536.3,19.1,35.3,185.2,Flood,20.9,9.0,Wheat,106.17
Region_D,Clay,5.99,503.7,16.0,31.0,229.7,Drip,21.4,17.9,Barley,135.28
Region_D,Clay,6.69,1420.2,15.4,38.5,157.7,Flood,10.8,19.0,Maize,135.51
Region_D,Sandy,6.26,1440.9,24.6,46.5,122.0,Sprinkler,3.8,24.6,No_Previous_Crop,112.45
Region_D,Sandy,6.74,1059.4,19.1,88.2,194.3,Rainfed,23.4,23.4,Wheat,127.71
Region_B,Loam,5.75,1132.5,24.9,82.5,273.9,Drip,41.8,13.4,Maize,177.27
Region_C,Sandy,5.88,1474.0,33.5,87.8,256.2,Rainfed,44.5,21.9,No_Previous_Crop,177.34
Region_C,Clay,7.35,1036.2,32.4,82.5,293.7,Flood,41.1,14.4,Maize,182.55
Region_B,Loam,6.55,1341.2,15.5,74.4,126.4,Drip,27.3,11.4,Maize,108.72
Region_D,Loam,5.76,314.1,31.6,82.0,275.1,Rainfed,33.4,14.6,Wheat,150.99
Region_C,Loam,6.41,1371.3,24.9,53.1,100.5,Flood,0.8,18.1,Barley,91.98
Region_C,Sandy,7.07,677.0,26.9,58.6,160.2,Sprinkler,31.7,19.1,Wheat,106.16
Region_C,Clay,6.54,369.1,29.9,66.4,240.8,Sprinkler,1.4,7.1,Wheat,141.28
Region_C,Loam,7.34,269.5,18.4,63.5,141.0,Drip,39.2,14.1,Wheat,86.25
Region_C,Sandy,7.46,391.1,20.9,45.7,174.0,Drip,37.9,23.9,Barley,103.04
Region_D,Sandy,5.85,1335.5,16.2,72.7,85.0,Drip,27.9,16.0,Barley,86.81
Region_C,Loam,5.84,1118.6,34.5,57.6,80.4,Rainfed,7.0,5.7,Barley,81.32
Region_B,Sandy,7.47,1095.6,25.7,30.2,190.7,Drip,33.9,7.0,Barley,129.88
Region_D,Loam,7.4,277.6,31.0,37.6,229.3,Rainfed,16.3,13.5,Maize,128.34
Region_B,Sandy,6.22,1078.5,19.2,85.9,213.1,Drip,35.1,21.2,Barley,144.34
Region_C,Clay,5.54,395.1,28.3,47.2,292.7,Sprinkler,13.8,13.8,Wheat,163.41
Region_C,Sandy,7.49,302.1,18.8,84.6,241.7,Drip,42.8,21.7,Rice,131.03
Region_B,Loam,6.73,1021.9,29.9,82.1,246.6,Rainfed,5.5,11.8,Rice,160.51
Region_D,Clay,6.14,245.3,18.1,44.3,130.6,Drip,20.1,20.7,No_Previous_Crop,70.97
Region_D,Clay,7.22,236.1,19.7,86.2,259.2,Rainfed,1.3,20.8,Wheat,149.42
Region_B,Clay,5.8,487.9,24.1,51.3,211.2,Rainfed,11.3,24.7,Maize,120.41
Region_B,Loam,5.75,1111.8,21.5,66.0,268.4,Drip,33.4,23.4,Maize,161.58
Region_C,Sandy,7.33,257.0,31.1,59.7,299.4,Flood,26.4,6.1,No_Previous_Crop,156.85
Region_C,Sandy,7.26,238.5,20.3,73.9,252.1,Flood,15.9,10.1,Wheat,139.06
Region_C,Sandy,6.62,1076.4,20.7,33.3,125.7,Sprinkler,28.0,21.3,No_Previous_Crop,104.33
Region_D,Sandy,5.59,1040.1,33.4,76.1,225.5,Flood,7.7,15.9,Maize,155.46
Region_C,Clay,6.32,1001.7,32.8,54.6,205.1,Sprinkler,47.0,9.7,Wheat,145.33
Region_A,Clay,6.33,547.0,17.1,43.2,143.1,Rainfed,37.5,23.0,No_Previous_Crop,93.65
Region_A,Clay,7.43,547.2,15.5,37.0,128.2,Drip,19.8,7.8,No_Previous_Crop,79.32
Region_A,Sandy,6.96,924.3,30.9,50.2,295.5,Sprinkler,19.8,14.7,Wheat,181.39
Region_D,Sandy,6.98,283.9,28.0,58.0,71.5,Rainfed,9.5,22.1,Barley,54.52
Region_A,Loam,7.49,1008.3,20.7,71.9,89.6,Sprinkler,45.2,12.1,Maize,89.42
Region_A,Loam,6.5,738.9,24.8,44.9,180.4,Flood,0.4,16.8,Barley,117.91
Region_D,Sandy,7.02,692.1,24.0,52.4,194.6,Drip,7.9,11.9,Rice,130.67
Region_D,Loam,6.6,918.6,33.3,43.2,271.5,Sprinkler,9.8,22.1,No_Previous_Crop,170.96
Region_C,Sandy,5.82,1026.0,19.2,66.8,57.2,Rainfed,38.6,16.1,Maize,59.67
Region_B,Clay,7.29,1309.9,18.3,42.0,133.3,Flood,8.5,13.1,Rice,115.28
Region_C,Loam,6.26,1034.9,17.9,85.5,141.5,Flood,13.8,6.4,Maize,106.32
Region_D,Sandy,5.51,680.9,15.3,67.3,137.7,Drip,8.2,7.8,Barley,91.95
Region_A,Loam,7.46,226.8,21.2,53.9,134.2,Drip,1.4,14.2,Rice,90.9
Region_B,Sandy,5.55,1487.7,27.6,82.9,175.6,Rainfed,29.4,22.1,Wheat,138.85
Region_B,Clay,6.07,876.7,33.9,41.6,126.3,Flood,45.3,18.0,No_Previous_Crop,98.31
Region_C,Clay,5.68,1059.9,29.2,70.6,247.8,Flood,27.0,18.4,Maize,163.39
Region_A,Clay,7.3,572.0,30.1,32.3,247.2,Rainfed,38.1,11.6,Maize,144.91
Region_D,Clay,6.88,1117.3,32.6,68.6,115.1,Sprinkler,42.8,14.6,Barley,101.93
Region_B,Sandy,6.65,1310.0,22.2,63.5,102.4,Flood,32.8,10.4,Barley,95.88
Region_D,Sandy,6.47,1159.7,29.5,85.9,165.9,Drip,8.4,10.9,Wheat,129.76
Region_C,Clay,6.79,1378.9,27.8,32.1,138.6,Rainfed,45.5,5.1,Wheat,120.89
Region_C,Loam,5.9,314.2,17.8,74.5,274.9,Flood,13.8,12.5,No_Previous_Crop,149.61
Region_C,Loam,7.2,942.1,34.9,67.5,251.2,Flood,26.9,6.5,Maize,159.43
Region_B,Clay,6.99,538.3,19.7,53.6,155.6,Sprinkler,21.9,24.4,Maize,104.69
Region_B,Sandy,6.57,580.8,28.0,88.3,192.9,Drip,30.0,19.6,Barley,119.73
Region_A,Sandy,6.66,1038.1,27.3,89.9,145.7,Drip,47.3,23.5,Rice,120.18
Region_C,Clay,6.07,369.3,22.6,36.1,187.3,Sprinkler,16.9,13.3,No_Previous_Crop,111.3
Region_D,Sandy,6.59,1425.1,34.5,32.9,297.2,Drip,43.5,21.6,Wheat,202.2
Region_A,Sandy,6.33,899.7,29.5,86.3,273.3,Flood,10.9,21.9,Wheat,174.16
Region_D,Loam,7.29,510.2,19.6,84.9,118.2,Sprinkler,48.3,14.4,No_Previous_Crop,77.62
Region_C,Loam,7.07,755.9,19.3,39.6,104.3,Drip,32.5,8.7,Wheat,88.16
Region_A,Clay,6.64,1447.0,22.2,78.2,91.7,Sprinkler,28.1,8.9,No_Previous_Crop,98.53
Region_A,Sandy,6.52,292.9,27.2,61.4,85.1,Drip,17.5,13.6,Barley,59.33
Region_A,Sandy,6.35,943.8,24.3,82.2,133.0,Rainfed,8.9,16.4,No_Previous_Crop,100.47
Region_B,Loam,6.86,633.7,22.2,32.5,102.6,Drip,39.4,21.9,Wheat,83.39
Region_D,Sandy,7.25,505.0,32.2,41.5,97.1,Drip,30.9,7.0,Maize,66.26
Region_C,Loam,6.39,751.8,29.9,75.9,262.7,Rainfed,47.2,9.6,Barley,168.32
Region_B,Sandy,7.38,391.1,26.7,59.3,134.2,Drip,4.6,8.0,Barley,90.98
Region_C,Loam,5.55,347.2,25.3,86.2,229.0,Rainfed,41.2,8.0,Rice,128.28
Region_B,Loam,6.92,956.5,26.5,80.0,124.3,Rainfed,20.0,22.1,No_Previous_Crop,107.5
Region_B,Clay,7.27,614.1,28.3,63.9,238.4,Sprinkler,21.3,17.4,Barley,138.06
Region_B,Clay,6.53,698.1,31.0,63.8,263.7,Rainfed,32.9,5.4,Wheat,163.71
Region_A,Sandy,5.83,749.5,30.2,69.0,50.5,Sprinkler,49.6,13.3,Barley,55.76
Region_C,Clay,5.66,417.3,17.4,71.4,57.6,Rainfed,43.1,5.8,Maize,38.8
Region_B,Loam,6.06,639.8,34.7,48.5,101.8,Drip,13.3,21.1,Rice,82.24
Region_D,Clay,6.3,1023.6,31.2,77.4,196.3,Rainfed,11.4,15.1,Rice,135.36
Region_A,Sandy,5.59,1142.4,15.8,59.7,62.4,Rainfed,20.9,22.1,No_Previous_Crop,72.9
Region_A,Sandy,6.08,521.4,28.2,74.6,168.1,Sprinkler,28.0,8.4,No_Previous_Crop,101.68
Region_C,Clay,5.75,479.0,24.4,39.4,254.2,Sprinkler,0.9,12.3,Rice,149.57
Region_A,Loam,6.52,985.8,29.1,43.1,146.7,Sprinkler,22.2,24.7,Wheat,116.64
Region_A,Clay,6.31,457.4,26.0,51.1,148.6,Sprinkler,32.0,6.0,No_Previous_Crop,92.56
Region_C,Loam,5.98,744.3,19.9,77.4,126.9,Drip,33.3,20.1,Barley,88.76
Region_B,Sandy,6.81,419.8,33.3,85.3,264.2,Sprinkler,47.3,7.1,Maize,150.7
Region_D,Loam,6.27,1169.8,26.6,76.8,280.1,Flood,11.6,12.6,No_Previous_Crop,185.88
Region_A,Loam,6.04,218.8,17.9,38.1,152.5,Rainfed,45.2,14.8,Maize,83.82
Region_B,Sandy,7.5,1344.5,28.3,58.6,295.4,Drip,11.9,11.1,Rice,187.61
Region_D,Clay,6.83,975.9,33.4,66.2,165.5,Rainfed,44.7,6.8,No_Previous_Crop,116.57
Region_B,Loam,7.29,953.2,31.4,55.6,69.7,Drip,38.4,20.2,Maize,69.71
Region_C,Clay,6.33,1312.8,33.3,78.4,69.3,Drip,28.9,23.3,Wheat,79.37
Region_B,Clay,6.22,1151.5,29.3,41.5,62.1,Rainfed,11.2,24.2,No_Previous_Crop,67.75
Region_A,Loam,6.98,806.9,15.5,72.2,284.7,Sprinkler,17.4,9.5,Maize,164.45
Region_B,Sandy,6.6,1257.4,19.3,66.9,54.4,Rainfed,34.3,11.0,Maize,67.71
Region_D,Sandy,6.06,1113.5,28.2,39.3,184.4,Sprinkler,3.5,8.2,Barley,142.11
Region_D,Loam,5.89,667.4,21.3,42.4,102.0,Rainfed,20.9,10.3,No_Previous_Crop,80.97
Region_A,Loam,7.01,1262.7,28.7,72.8,56.6,Rainfed,31.4,24.2,Wheat,71.07
Region_B,Sandy,5.52,977.5,27.9,34.2,264.3,Sprinkler,34.2,18.0,Wheat,164.7
Region_D,Clay,7.36,790.9,34.5,58.9,239.0,Sprinkler,16.6,15.3,Wheat,155.97
Region_A,Loam,6.49,1268.8,25.6,40.9,80.2,Sprinkler,49.2,8.6,No_Previous_Crop,84.74
Region_C,Clay,5.64,1127.8,22.7,46.2,231.1,Drip,12.4,11.5,Rice,149.86
Region_B,Sandy,7.28,349.4,32.9,46.8,121.7,Rainfed,35.3,15.1,Maize,73.49
Region_D,Loam,6.68,327.6,18.9,37.4,97.1,Sprinkler,31.2,15.6,No_Previous_Crop,63.31
Region_B,Loam,6.62,1443.7,24.9,35.5,197.9,Sprinkler,20.8,24.7,No_Previous_Crop,147.51
Region_D,Sandy,5.65,965.3,33.9,36.3,59.5,Sprinkler,12.0,5.4,Wheat,61.58
Region_A,Loam,5.81,1264.4,19.7,34.9,205.5,Rainfed,35.6,12.8,Barley,148.07
Region_D,Clay,5.62,465.7,22.6,54.6,299.6,Drip,4.8,22.6,Maize,166.05
Region_C,Clay,6.9,296.7,17.7,37.4,111.0,Sprinkler,49.2,17.7,Maize,63.59
Region_D,Clay,5.66,863.4,29.5,87.8,151.8,Drip,24.4,18.5,No_Previous_Crop,108.26
Region_D,Clay,6.08,913.5,31.7,61.8,292.1,Flood,46.4,21.0,No_Previous_Crop,183.03
Region_A,Sandy,7.09,668.2,27.3,43.0,142.3,Sprinkler,28.7,11.3,Wheat,102.0
Region_C,Clay,7.05,727.8,28.0,66.4,207.8,Flood,17.6,10.3,Wheat,129.05
Region_D,Clay,6.08,698.8,20.1,62.8,253.8,Rainfed,13.5,21.8,Barley,152.51
Region_B,Loam,6.87,564.9,17.3,66.8,253.1,Sprinkler,26.0,11.9,Barley,147.64
Region_B,Loam,7.32,1204.7,33.6,45.5,202.9,Flood,34.5,7.9,Wheat,147.25
Region_D,Clay,6.52,996.8,19.8,86.4,115.7,Rainfed,12.1,18.3,Rice,87.97
Region_C,Sandy,6.68,1456.7,29.7,61.8,170.9,Drip,38.2,13.0,Barley,130.19
Region_C,Clay,6.47,1305.0,22.1,69.9,278.1,Rainfed,14.2,20.5,Rice,180.74
Region_A,Clay,7.17,535.1,26.9,86.3,214.9,Flood,24.9,14.8,Barley,130.93
Region_D,Sandy,6.67,837.4,26.9,40.7,196.1,Drip,44.7,12.6,No_Previous_Crop,125.7
Region_C,Loam,6.4,1348.8,24.7,78.3,147.1,Rainfed,41.6,5.3,Wheat,121.37
Region_D,Clay,6.7,1279.4,16.7,66.7,97.2,Drip,40.4,24.6,Barley,91.92
Region_C,Sandy,6.89,458.5,24.0,47.1,77.2,Flood,18.3,23.2,No_Previous_Crop,55.85
Region_C,Loam,6.57,859.2,30.8,48.1,91.0,Drip,36.3,5.1,Barley,76.06
Region_A,Sandy,7.41,886.5,34.4,46.4,290.7,Sprinkler,40.6,16.3,Rice,173.54
Region_D,Sandy,5.69,950.0,30.9,40.4,122.5,Rainfed,41.7,21.1,Wheat,104.62
Region_B,Clay,6.51,300.1,24.8,77.3,88.6,Flood,25.7,24.6,Barley,55.06
Region_C,Sandy,7.17,863.7,25.2,37.4,114.0,Flood,23.6,22.2,Rice,90.23
Region_A,Clay,6.26,1134.5,24.5,73.3,208.2,Rainfed,18.7,20.4,Maize,141.28
Region_D,Sandy,5.63,1388.2,21.9,85.5,102.4,Drip,17.4,21.4,Barley,98.73
Region_A,Sandy,5.59,1076.6,29.6,30.9,97.6,Flood,26.5,14.5,Rice,94.21
Region_C,Sandy,5.91,957.5,26.7,87.9,160.4,Sprinkler,5.8,16.9,No_Previous_Crop,119.53
Region_C,Loam,6.01,1366.3,30.7,72.0,149.9,Flood,6.5,24.3,Barley,111.26
Region_B,Clay,6.7,1006.5,28.9,43.8,67.8,Drip,4.0,6.3,Wheat,72.41
Region_C,Sandy,6.87,750.1,30.4,71.3,280.4,Sprinkler,32.1,22.5,Rice,168.9
Region_A,Loam,6.35,1371.6,22.0,76.0,68.9,Sprinkler,31.6,20.1,Maize,77.61
Region_C,Loam,6.3,1419.6,27.6,72.7,81.8,Flood,33.2,23.0,Wheat,86.74
Region_B,Sandy,5.55,297.3,34.8,63.8,79.5,Rainfed,21.7,16.4,Rice,55.9
Region_A,Loam,7.33,981.5,25.5,54.9,276.9,Rainfed,8.1,7.2,Barley,173.37
Region_B,Sandy,6.49,647.7,34.3,86.2,150.4,Flood,22.5,14.8,Wheat,112.22
Region_C,Loam,6.37,374.6,30.0,43.0,161.1,Drip,38.0,11.7,No_Previous_Crop,108.39
Region_A,Sandy,6.29,1076.6,27.0,78.8,66.9,Flood,23.9,14.9,No_Previous_Crop,76.84
Region_B,Sandy,6.88,807.6,26.9,49.7,108.8,Flood,34.9,10.0,No_Previous_Crop,78.83
Region_D,Loam,6.26,841.6,31.9,36.2,226.4,Rainfed,23.1,22.9,Rice,151.2
Region_B,Sandy,6.33,1076.7,21.5,53.0,236.8,Rainfed,6.3,15.6,Wheat,158.89
Region_B,Sandy,6.25,1261.2,15.8,37.9,222.6,Flood,2.8,7.1,Maize,152.81
Region_C,Sandy,5.6,1397.7,28.1,79.3,62.9,Rainfed,45.7,18.9,No_Previous_Crop,77.16
Region_C,Clay,6.13,266.9,18.7,58.1,239.8,Rainfed,46.5,23.0,No_Previous_Crop,135.32
Region_A,Clay,6.93,1422.6,15.2,89.0,249.9,Flood,0.4,16.8,Rice,176.56
Region_A,Loam,7.29,1077.3,16.1,60.4,51.1,Sprinkler,23.8,13.1,No_Previous_Crop,62.81
Region_C,Clay,7.35,297.3,28.1,31.6,70.4,Flood,33.0,24.0,Barley,52.65
Region_A,Sandy,5.54,859.5,20.9,34.8,72.2,Rainfed,24.3,25.0,Rice,72.99
Region_A,Loam,7.29,1149.4,16.7,32.4,271.2,Sprinkler,20.9,11.5,Rice,180.98
Region_B,Clay,6.52,593.5,21.8,78.9,240.3,Rainfed,9.9,13.9,Wheat,139.87
Region_B,Clay,7.12,1236.7,19.0,54.5,256.0,Sprinkler,43.9,22.3,No_Previous_Crop,171.39
Region_B,Loam,6.19,1160.0,27.9,47.6,205.5,Drip,10.8,17.4,Barley,149.84
Region_D,Loam,6.47,214.6,34.7,30.3,162.0,Drip,16.1,21.0,No_Previous_Crop,90.38
Region_B,Sandy,6.0,620.3,20.3,75.4,82.3,Rainfed,6.0,19.7,Barley,57.57
Region_A,Clay,6.72,1434.8,20.4,37.6,93.6,Flood,25.4,12.7,No_Previous_Crop,92.79
Region_D,Sandy,6.58,659.6,32.3,40.8,99.9,Flood,11.6,12.5,Rice,79.72
Region_A,Sandy,6.13,1086.4,32.5,67.7,66.5,Flood,42.9,10.2,Maize,73.26
Region_D,Sandy,7.36,697.0,27.8,58.9,98.1,Drip,44.4,20.6,Maize,71.12
Region_C,Clay,7.11,509.3,16.8,40.9,238.2,Flood,9.0,14.0,Maize,147.71
Region_B,Loam,7.15,611.2,32.5,54.1,183.4,Flood,33.1,22.0,Wheat,113.22
Region_A,Clay,6.04,1420.8,24.1,60.3,55.0,Sprinkler,38.1,11.1,Rice,71.73
Region_A,Sandy,6.14,697.0,25.1,85.4,67.3,Flood,34.9,8.6,Maize,64.5
Region_C,Loam,5.82,1323.5,20.5,37.5,81.7,Rainfed,13.1,8.3,Wheat,90.03
Region_B,Sandy,6.64,794.2,27.0,71.5,234.9,Drip,27.7,24.0,Rice,151.67
Region_D,Clay,7.05,860.1,28.0,74.0,284.0,Drip,38.4,23.3,Maize,165.05
Region_C,Clay,5.82,844.3,20.4,35.8,58.3,Sprinkler,10.1,9.2,No_Previous_Crop,62.55
Region_B,Sandy,5.63,353.3,32.1,32.6,116.1,Flood,17.4,17.8,Rice,70.16
Region_A,Clay,6.97,624.8,23.8,54.0,292.6,Rainfed,29.3,23.7,Maize,170.57
Region_D,Loam,7.05,1480.8,33.6,56.9,62.8,Rainfed,42.3,18.7,Maize,90.45
Region_A,Clay,6.59,1001.9,23.5,64.5,176.4,Rainfed,7.3,21.0,Barley,122.1
Region_D,Loam,5.78,1221.5,15.1,74.0,212.9,Rainfed,45.4,14.0,Barley,147.99
Region_A,Loam,5.85,1481.2,22.1,34.6,76.5,Sprinkler,26.7,14.8,No_Previous_Crop,91.15
Region_B,Sandy,6.65,1236.1,16.3,36.7,155.5,Flood,26.6,5.5,No_Previous_Crop,117.62
Region_D,Loam,6.88,805.1,28.9,41.8,80.9,Sprinkler,8.3,11.0,Wheat,72.0
Region_D,Sandy,6.76,565.1,24.1,63.5,241.6,Flood,43.5,19.0,Wheat,134.99
Region_D,Loam,6.13,1372.5,33.8,85.5,260.9,Rainfed,16.3,18.5,Wheat,174.15
Region_D,Sandy,6.56,567.3,30.5,61.0,247.3,Flood,16.5,17.8,Rice,135.77
Region_B,Sandy,5.7,435.2,19.2,50.0,143.2,Sprinkler,21.5,7.8,Maize,98.62
Region_B,Clay,6.23,954.0,17.3,61.4,63.6,Rainfed,31.5,19.5,Wheat,64.38
Region_C,Sandy,7.3,558.1,30.8,75.2,137.2,Rainfed,33.5,5.2,Maize,95.25
Region_A,Sandy,6.02,1395.2,20.0,50.8,251.0,Rainfed,6.6,12.3,No_Previous_Crop,174.69
Region_A,Clay,7.01,1437.3,34.2,54.2,249.2,Rainfed,41.7,7.8,Maize,171.29
Region_C,Sandy,6.98,1058.7,16.7,79.5,185.7,Flood,12.6,14.2,Rice,133.88
Region_C,Loam,6.54,283.6,28.1,50.9,208.2,Sprinkler,35.3,22.9,Maize,111.85
Region_B,Sandy,7.31,935.7,25.8,80.4,197.7,Flood,43.1,8.9,Wheat,127.52
Region_B,Clay,6.14,751.7,32.5,47.5,114.6,Drip,44.5,16.2,Wheat,78.21
Region_B,Loam,7.03,661.8,22.2,40.6,73.2,Drip,6.4,23.2,No_Previous_Crop,58.99
Region_B,Sandy,7.24,702.4,16.4,61.9,162.8,Drip,46.2,8.6,Maize,113.32
Region_C,Clay,5.68,516.5,34.4,66.0,295.3,Sprinkler,29.2,14.6,Maize,175.62
Region_A,Loam,7.2,1313.7,28.6,66.1,133.7,Drip,35.9,11.1,Maize,115.82
Region_B,Sandy,6.18,401.0,15.3,65.2,208.4,Rainfed,3.6,18.3,No_Previous_Crop,121.92
Region_D,Clay,6.35,1017.2,16.5,64.7,253.2,Flood,38.8,16.9,Barley,156.36
Region_A,Loam,7.08,317.7,21.1,58.1,292.1,Drip,38.8,7.2,Wheat,166.52
Region_B,Loam,7.3,550.1,33.5,55.7,244.8,Flood,42.9,13.4,Rice,143.92
Region_A,Clay,6.96,1029.6,21.0,80.8,235.4,Drip,0.1,6.5,Maize,152.23
Region_D,Sandy,5.73,729.1,24.1,67.9,171.6,Sprinkler,8.3,8.3,Barley,114.86
Region_C,Loam,5.96,594.2,21.2,50.1,268.9,Rainfed,32.4,22.6,Wheat,154.9
Region_A,Loam,6.14,1134.5,33.5,67.7,185.5,Flood,7.4,21.1,Wheat,134.07
Region_B,Loam,7.3,1266.1,23.6,74.9,149.4,Drip,28.0,5.6,Barley,110.17
Region_B,Clay,7.44,333.6,22.1,77.9,63.6,Drip,39.5,22.0,No_Previous_Crop,41.45
Region_B,Loam,5.98,578.6,31.3,49.0,115.5,Drip,45.8,23.7,No_Previous_Crop,75.24
Region_B,Clay,6.27,1022.1,26.9,69.7,180.4,Sprinkler,10.6,7.9,Maize,134.59
Region_B,Loam,6.92,865.8,28.4,31.7,167.2,Sprinkler,48.1,6.7,Maize,112.02
Region_D,Loam,6.08,625.8,19.5,76.2,136.8,Rainfed,48.7,18.8,Maize,95.64
Region_A,Clay,7.43,1146.4,25.7,76.5,109.9,Sprinkler,50.0,24.1,No_Previous_Crop,95.07
Region_C,Loam,6.35,255.9,33.0,40.5,123.3,Drip,43.4,17.1,Maize,74.69
Region_A,Sandy,5.81,385.5,24.3,34.9,143.4,Drip,7.1,6.8,Wheat,83.25
Region_C,Sandy,6.49,618.1,28.7,65.1,266.3,Flood,14.1,12.4,No_Previous_Crop,155.78
Region_A,Sandy,6.33,632.4,34.3,89.7,265.5,Sprinkler,19.9,11.5,No_Previous_Crop,164.21
Region_D,Loam,6.89,1245.4,21.7,77.9,182.0,Flood,15.1,23.3,No_Previous_Crop,125.16
Region_A,Sandy,6.51,1401.5,23.8,60.9,82.7,Sprinkler,17.6,23.5,No_Previous_Crop,86.27
Region_A,Sandy,5.98,1187.4,30.8,84.0,227.3,Flood,13.3,14.5,Wheat,156.9
Region_B,Sandy,5.67,855.6,32.9,86.6,65.1,Flood,7.1,16.5,Wheat,61.45
Region_A,Loam,6.91,1187.6,21.0,83.3,177.9,Rainfed,17.4,17.5,Barley,130.54
Region_D,Sandy,6.32,1067.6,30.5,75.4,158.6,Sprinkler,21.1,22.1,Maize,111.05
Region_C,Loam,6.65,1394.0,29.1,68.9,220.2,Rainfed,27.6,18.9,No_Previous_Crop,157.27
Region_D,Clay,6.69,262.5,15.8,82.2,155.5,Rainfed,20.5,6.0,Wheat,84.84
Region_A,Loam,7.39,1333.9,32.1,34.0,155.9,Flood,27.8,6.0,Barley,124.48
Region_A,Sandy,7.31,603.6,27.0,54.0,272.6,Rainfed,12.7,8.3,Rice,164.09
Region_A,Sandy,7.26,231.5,22.3,49.0,161.1,Flood,22.2,7.8,Rice,96.06
Region_A,Sandy,7.16,716.5,19.9,61.7,175.2,Sprinkler,36.5,11.9,Barley,110.63
Region_A,Loam,6.63,921.5,18.5,54.6,67.0,Rainfed,49.2,23.2,No_Previous_Crop,55.29
Region_B,Clay,5.66,331.1,15.2,39.7,289.6,Rainfed,33.6,14.6,Maize,161.08
Region_D,Loam,6.89,1195.8,17.6,51.0,194.3,Flood,4.1,6.7,Maize,136.36
Region_D,Loam,6.07,1269.7,34.4,86.8,200.0,Drip,36.5,11.6,No_Previous_Crop,142.83
Region_A,Clay,5.6,258.4,21.4,34.2,200.0,Drip,26.0,13.5,Barley,114.82
Region_A,Loam,5.65,554.4,32.9,41.9,299.2,Rainfed,33.7,24.9,Barley,170.17
Region_C,Clay,6.0,1379.8,19.3,42.1,158.4,Drip,9.4,7.6,Barley,122.98
Region_D,Sandy,5.86,1375.1,30.2,40.3,139.7,Drip,7.9,10.1,Rice,118.68
Region_B,Sandy,5.85,1436.0,34.1,58.6,102.6,Drip,1.7,11.6,Rice,101.19
Region_C,Sandy,5.96,296.1,31.3,66.2,288.0,Flood,48.3,18.0,Rice,164.2
Region_A,Loam,5.66,581.3,20.1,31.3,242.5,Flood,30.1,15.2,Rice,146.92
Region_D,Clay,6.02,1251.0,33.5,31.4,249.0,Rainfed,25.6,5.5,Barley,166.02
Region_C,Loam,6.73,504.0,22.9,86.9,250.5,Sprinkler,40.0,6.2,Barley,142.8
Region_A,Sandy,6.73,211.5,23.8,69.6,163.3,Flood,27.9,15.5,Wheat,90.36
Region_C,Sandy,7.24,476.1,18.4,69.3,161.0,Sprinkler,29.9,15.1,Maize,90.89
Region_A,Sandy,5.87,801.4,20.1,63.5,260.1,Sprinkler,33.4,12.5,Barley,169.63
Region_A,Clay,7.36,324.6,21.1,67.4,259.4,Sprinkler,32.6,6.6,No_Previous_Crop,140.82
Region_B,Sandy,6.49,1010.0,18.7,34.0,128.7,Flood,27.8,24.6,Maize,97.17
Region_A,Sandy,7.11,1256.8,30.6,31.3,130.9,Drip,43.9,7.5,Rice,105.22
Region_D,Clay,5.96,1304.9,24.2,34.2,112.0,Flood,41.9,5.4,No_Previous_Crop,98.22
Region_D,Sandy,5.64,1120.1,17.8,72.8,170.2,Sprinkler,5.3,13.6,Maize,112.6
Region_B,Loam,6.98,1137.1,22.5,55.1,183.0,Flood,41.2,24.8,Maize,126.51
Region_D,Loam,6.06,902.3,34.9,49.3,253.1,Rainfed,11.8,10.8,No_Previous_Crop,159.82
Region_A,Clay,7.25,555.1,33.2,58.1,150.4,Sprinkler,5.4,16.7,Maize,89.57
Region_A,Sandy,6.07,1444.5,25.9,48.3,228.0,Sprinkler,25.0,17.6,Barley,162.9
Region_A,Clay,5.99,1346.2,23.7,61.4,150.3,Rainfed,13.8,10.5,Maize,119.52
Region_D,Sandy,6.26,328.4,19.6,77.8,298.9,Sprinkler,30.3,13.7,Rice,161.77
Region_C,Loam,7.15,1080.8,20.3,45.3,168.8,Drip,41.1,16.5,Rice,115.86
Region_A,Clay,6.73,991.9,17.3,69.6,65.1,Flood,4.5,16.2,Rice,66.49
Region_A,Sandy,7.4,773.0,28.6,32.7,123.4,Rainfed,6.9,19.0,Barley,93.48
Region_D,Loam,5.73,573.6,17.5,47.6,128.4,Drip,23.3,21.8,No_Previous_Crop,88.16
Region_C,Sandy,6.43,1333.2,21.0,75.1,57.5,Rainfed,20.4,10.2,Rice,81.38
Region_C,Clay,6.31,512.3,16.4,39.6,93.2,Flood,37.0,15.4,Barley,68.4
Region_A,Sandy,7.15,699.9,26.5,84.1,235.9,Rainfed,29.8,5.7,Barley,148.98
Region_C,Sandy,6.69,337.6,16.8,58.9,138.4,Sprinkler,24.1,23.1,Maize,81.01
Region_A,Loam,7.49,1375.2,28.6,44.1,115.4,Rainfed,5.0,20.5,Rice,110.15
Region_D,Loam,6.05,1474.5,27.3,44.3,104.9,Drip,25.5,24.9,No_Previous_Crop,100.51
Region_A,Clay,6.03,651.8,32.5,74.0,124.9,Drip,31.0,19.6,Maize,75.96
Region_D,Clay,6.01,1298.9,25.7,58.8,158.2,Rainfed,27.6,20.2,Maize,126.97
Region_D,Loam,6.54,417.3,24.5,82.3,144.8,Flood,15.5,11.8,Maize,84.0
Region_B,Loam,5.66,790.6,17.6,60.0,237.6,Sprinkler,43.1,9.2,Maize,143.11
Region_D,Sandy,6.09,430.6,28.6,86.9,213.9,Drip,5.3,19.7,Maize,125.63
Region_B,Loam,6.0,1242.4,33.9,43.8,254.3,Sprinkler,21.5,22.9,Rice,168.41
Region_D,Clay,7.4,1004.6,21.1,52.3,250.9,Sprinkler,19.2,5.7,Barley,163.6
Region_D,Sandy,7.47,1405.2,23.5,35.7,74.9,Drip,42.3,23.9,No_Previous_Crop,73.5
Region_D,Loam,5.74,1036.5,31.2,39.4,210.1,Rainfed,21.9,11.8,Wheat,136.4
Region_C,Loam,7.03,527.6,34.7,49.6,196.8,Flood,37.7,19.9,Barley,121.46
Region_C,Loam,7.1,1035.0,24.1,38.0,115.4,Sprinkler,33.8,20.8,Barley,90.7
Region_D,Loam,6.6,796.7,25.6,55.0,255.4,Rainfed,3.4,19.2,Rice,161.86
Region_A,Sandy,6.38,926.4,33.5,40.6,256.9,Sprinkler,8.0,12.5,No_Previous_Crop,160.99
Region_A,Sandy,7.21,1489.2,24.6,75.5,255.5,Flood,19.1,16.4,Rice,175.08
Region_B,Sandy,7.47,1127.3,20.9,63.3,183.8,Sprinkler,31.8,10.2,Maize,127.38
Region_A,Loam,5.77,690.1,34.3,60.1,194.1,Rainfed,14.2,18.2,Rice,124.93
Region_C,Clay,7.02,338.6,30.2,68.2,258.6,Sprinkler,42.3,7.3,Wheat,145.13
Region_B,Clay,6.25,1262.7,15.1,58.9,107.6,Flood,43.8,12.3,Rice,96.37
Region_B,Sandy,6.63,355.1,31.1,66.4,95.0,Sprinkler,37.5,5.0,Rice,63.02
Region_D,Loam,6.1,414.4,25.1,79.0,208.7,Rainfed,2.4,12.1,No_Previous_Crop,120.83
Region_C,Sandy,6.75,664.1,22.4,34.6,225.8,Drip,16.0,5.6,Barley,137.58
Region_A,Clay,7.34,472.0,27.3,35.7,166.3,Drip,4.7,14.8,Wheat,102.57
Region_D,Clay,7.18,1022.3,19.6,60.3,151.7,Rainfed,7.2,22.6,Maize,104.58
Region_C,Loam,6.97,1408.8,32.7,73.4,299.3,Sprinkler,33.5,8.6,Wheat,205.19
Region_A,Sandy,7.39,210.1,34.7,54.0,287.2,Sprinkler,43.8,6.0,Rice,162.32
Region_C,Sandy,6.92,335.7,31.5,73.4,141.7,Flood,18.1,15.2,Wheat,82.92
Region_A,Loam,6.34,1315.3,30.2,35.9,223.9,Sprinkler,46.7,10.1,No_Previous_Crop,156.21
Region_D,Sandy,6.35,310.1,28.8,75.0,91.3,Drip,24.6,12.2,Rice,60.25
Region_A,Sandy,5.95,576.2,27.3,59.6,180.7,Drip,18.9,5.8,Maize,116.56
Region_B,Loam,5.92,373.1,30.6,54.1,136.8,Drip,3.9,7.4,Wheat,87.31
Region_D,Clay,7.09,1034.8,33.2,55.4,299.0,Drip,31.8,17.2,Barley,183.87
Region_D,Sandy,7.28,1228.5,26.6,48.0,262.0,Rainfed,22.8,17.3,Maize,172.12
Region_A,Loam,6.14,1135.6,24.6,46.2,107.7,Rainfed,20.8,22.7,Barley,102.91
Region_A,Clay,6.69,339.5,29.2,64.0,215.5,Rainfed,17.9,23.3,Wheat,126.77
Region_C,Sandy,7.35,1269.0,17.2,76.1,55.5,Flood,25.1,19.2,Rice,62.6
Region_B,Sandy,5.64,1111.0,25.7,51.7,217.5,Drip,14.2,17.0,Maize,146.33
Region_C,Loam,7.17,1214.3,17.9,37.0,209.1,Rainfed,43.8,7.4,Rice,137.11
Region_A,Sandy,6.04,1192.1,27.6,75.2,89.4,Rainfed,28.6,24.7,Maize,89.21
Region_C,Loam,5.68,1072.3,27.8,50.7,208.2,Flood,26.7,24.4,Rice,141.64
Region_B,Loam,6.8,575.1,17.4,50.4,235.7,Rainfed,12.7,10.2,No_Previous_Crop,150.6
Region_D,Sandy,6.85,1475.9,15.8,38.8,50.9,Drip,23.0,24.2,Maize,72.99
Region_B,Clay,6.75,771.3,28.7,83.2,156.2,Drip,26.9,8.9,Rice,108.89
Region_C,Loam,6.67,1459.1,32.6,57.0,273.0,Drip,36.4,10.2,Maize,191.97
Region_B,Clay,5.9,417.4,25.2,32.1,122.1,Rainfed,18.3,16.1,Barley,80.54
Region_B,Clay,6.19,1087.8,28.1,36.6,180.3,Rainfed,21.1,18.8,No_Previous_Crop,130.67
Region_A,Clay,7.19,1183.8,15.2,37.5,56.7,Flood,32.4,18.8,Maize,64.73
Region_D,Sandy,6.47,1278.1,34.2,68.6,197.1,Flood,46.9,8.4,No_Previous_Crop,148.85
Region_A,Sandy,7.0,1079.8,23.0,48.9,157.5,Sprinkler,38.0,18.9,Rice,121.41
Region_C,Sandy,6.95,1204.5,26.6,67.5,156.0,Flood,25.9,7.1,Rice,126.44
Region_D,Sandy,6.48,1203.6,23.5,88.1,223.9,Flood,26.1,22.3,No_Previous_Crop,154.15
Region_A,Loam,7.49,475.5,22.5,72.4,203.6,Sprinkler,29.5,13.2,Barley,122.7
Region_D,Loam,6.8,265.8,23.9,71.9,83.3,Flood,8.2,13.3,Rice,44.15
Region_D,Loam,7.32,1430.5,24.8,65.4,145.5,Drip,33.0,22.5,Maize,118.56
Region_A,Clay,5.76,1119.0,28.3,46.6,212.5,Sprinkler,38.5,5.9,Wheat,143.78
Region_A,Sandy,6.66,947.8,18.9,67.7,252.8,Drip,37.1,23.7,Barley,164.58
Region_B,Loam,6.34,549.9,17.7,55.2,275.5,Drip,45.1,22.5,Barley,163.76
Region_B,Clay,6.83,226.6,17.9,78.1,196.8,Drip,21.7,15.9,Rice,112.74
Region_B,Sandy,6.17,782.9,15.7,54.6,293.1,Sprinkler,36.6,17.2,Barley,181.16
Region_A,Sandy,7.0,475.9,18.8,57.3,260.1,Flood,8.7,23.1,Maize,146.69
Region_D,Loam,7.31,319.9,34.5,45.4,102.8,Rainfed,24.7,23.6,Barley,78.2
Region_D,Sandy,6.46,1490.4,24.9,66.6,294.3,Flood,3.9,23.2,Maize,198.05
Region_C,Clay,6.31,1158.7,17.3,76.0,142.7,Rainfed,20.5,12.3,Rice,118.77
Region_D,Loam,5.7,405.5,33.7,74.2,106.7,Flood,1.1,19.7,Maize,69.74
Region_A,Sandy,5.59,334.7,23.8,54.6,112.4,Sprinkler,29.7,10.0,Barley,64.57
Region_D,Loam,6.72,590.2,24.1,69.6,63.8,Rainfed,43.0,23.2,No_Previous_Crop,51.56
Region_C,Sandy,6.86,1449.2,23.9,86.3,183.0,Rainfed,18.3,6.9,Rice,137.69
Region_A,Clay,6.18,241.2,16.6,84.6,65.2,Sprinkler,18.9,22.2,No_Previous_Crop,45.63
Region_D,Clay,6.22,969.0,26.9,69.5,220.8,Flood,18.1,10.0,Maize,138.61
Region_A,Clay,6.94,1126.0,23.3,35.7,216.7,Flood,4.2,7.3,No_Previous_Crop,147.74
Region_C,Clay,7.15,735.9,26.5,39.2,276.5,Drip,22.1,17.2,No_Previous_Crop,174.32
Region_B,Loam,5.95,1422.5,24.0,69.3,67.3,Flood,49.5,5.6,Rice,80.16
Region_B,Clay,5.95,1458.2,23.1,40.2,87.3,Rainfed,44.8,8.4,Rice,96.39
Region_C,Loam,6.19,1181.1,29.9,65.0,269.9,Sprinkler,23.1,20.8,Barley,178.95
Region_B,Loam,6.25,1069.9,19.8,84.3,65.8,Sprinkler,25.1,7.4,Maize,64.69
Region_C,Clay,6.49,1275.0,22.5,70.1,191.7,Drip,44.5,14.5,No_Previous_Crop,136.77
Region_C,Loam,7.44,265.2,25.9,84.6,69.8,Flood,11.4,18.3,Wheat,40.76
Region_A,Loam,5.79,1064.4,23.9,52.9,199.6,Sprinkler,6.4,10.0,No_Previous_Crop,134.42
Region_D,Clay,6.79,360.4,15.3,60.7,99.9,Rainfed,28.7,10.9,Maize,58.51
Region_A,Sandy,6.5,558.7,15.9,51.8,177.2,Sprinkler,46.0,8.7,Wheat,111.52
Region_B,Clay,6.76,1260.8,19.5,78.9,127.0,Rainfed,31.6,6.9,Maize,106.2
Region_B,Loam,6.09,1012.3,25.8,42.8,124.2,Drip,4.8,19.2,Maize,95.05
Region_C,Sandy,7.19,352.3,18.0,42.7,97.6,Sprinkler,44.2,9.0,Barley,59.27
Region_A,Loam,6.7,1009.4,17.7,42.0,207.3,Drip,48.4,15.5,No_Previous_Crop,133.54
Region_D,Sandy,6.28,1368.2,21.6,49.6,185.0,Flood,48.6,5.1,Wheat,127.65
Region_B,Clay,5.52,324.6,21.4,57.0,170.0,Sprinkler,2.2,7.0,Rice,98.39
Region_A,Loam,6.58,316.8,18.0,40.8,291.7,Sprinkler,0.1,7.2,Rice,158.43
Region_C,Clay,5.93,1426.5,19.3,59.4,296.9,Flood,15.7,17.3,Barley,186.46
Region_C,Clay,6.12,1283.3,20.7,36.8,224.2,Rainfed,46.3,24.3,No_Previous_Crop,150.6
Region_C,Loam,6.3,948.3,23.8,33.6,97.1,Drip,34.9,14.5,Maize,81.09
Region_A,Clay,6.3,293.6,18.3,44.8,145.2,Flood,37.5,8.8,No_Previous_Crop,87.63
Region_B,Sandy,6.55,1466.3,20.8,86.6,56.9,Sprinkler,49.7,6.8,Rice,81.15
Region_D,Loam,7.39,704.8,15.4,31.7,58.0,Drip,33.9,12.9,No_Previous_Crop,56.08
Region_A,Clay,7.19,406.4,27.8,53.1,245.5,Flood,33.9,10.7,Maize,138.37
Region_D,Loam,6.88,1167.9,18.5,60.3,238.7,Sprinkler,16.4,8.2,Wheat,157.59
Region_C,Clay,6.26,554.9,21.8,61.8,238.9,Sprinkler,0.9,13.1,Maize,134.13
Region_A,Loam,6.75,1037.7,23.9,63.7,186.6,Drip,2.2,8.0,Rice,121.9
Region_A,Clay,6.31,1197.3,33.7,73.7,244.4,Rainfed,5.2,23.4,Wheat,166.63
Region_C,Loam,7.01,1471.0,24.2,84.0,130.1,Drip,32.4,9.9,Wheat,112.38
Region_D,Sandy,7.11,1436.0,25.1,45.5,84.2,Sprinkler,45.6,13.5,Barley,89.53
Region_C,Loam,6.44,1189.9,22.7,64.7,217.5,Rainfed,21.3,24.5,Maize,148.39
Region_D,Clay,5.58,1266.7,34.5,58.0,292.0,Rainfed,5.9,16.7,Rice,194.78
Region_B,Loam,7.24,518.0,17.0,74.8,153.5,Sprinkler,36.4,23.9,No_Previous_Crop,92.38
Region_C,Clay,5.57,599.6,19.3,73.0,74.7,Flood,30.9,19.4,Maize,65.56
Region_D,Sandy,7.23,460.1,16.8,79.0,215.5,Drip,42.1,6.2,No_Previous_Crop,125.12
Region_A,Clay,7.03,879.8,15.4,87.4,282.8,Drip,20.5,10.8,Barley,172.83
Region_C,Sandy,6.62,652.3,25.1,79.8,243.2,Drip,6.4,7.8,Wheat,140.67
Region_D,Loam,6.99,940.3,21.5,58.9,158.9,Rainfed,29.7,14.4,Wheat,109.19
Region_B,Loam,7.49,905.4,32.4,48.8,197.3,Rainfed,48.4,24.0,No_Previous_Crop,131.07
Region_B,Sandy,6.41,1120.1,31.0,62.1,226.6,Drip,0.4,23.1,Barley,154.85
Region_C,Sandy,5.62,1188.7,28.8,44.6,204.5,Rainfed,27.8,16.8,Barley,139.96
Region_D,Sandy,5.77,511.7,18.0,80.6,211.4,Rainfed,10.3,7.1,Rice,128.68
Region_A,Clay,7.06,1476.1,15.6,53.5,91.5,Flood,39.5,15.9,Maize,90.54
Region_C,Clay,7.24,1374.5,25.2,37.1,200.1,Flood,40.2,14.6,No_Previous_Crop,147.1
Region_C,Clay,5.61,431.7,26.5,38.2,163.4,Rainfed,28.3,16.0,Rice,97.38
Region_B,Loam,6.94,1153.7,33.4,41.4,146.7,Flood,20.6,13.4,Barley,117.88
Region_C,Clay,6.87,778.6,26.4,41.7,132.2,Sprinkler,44.6,5.9,Wheat,98.74
Region_C,Clay,6.06,812.3,15.6,70.1,92.7,Drip,28.1,21.9,Rice,73.05
Region_A,Loam,6.8,215.7,15.6,85.7,252.3,Rainfed,28.9,8.5,Maize,129.51
Region_D,Sandy,5.51,390.4,21.5,56.9,83.4,Flood,27.5,9.1,Barley,50.23
Region_C,Loam,7.35,479.7,15.0,67.8,236.3,Drip,2.8,20.3,Barley,150.79
Region_A,Sandy,6.11,702.6,16.3,83.8,98.1,Rainfed,35.6,17.3,Wheat,74.67
Region_A,Clay,6.57,1050.0,21.0,31.2,212.5,Drip,36.3,12.9,Maize,137.62
Region_C,Clay,6.9,338.3,21.5,68.2,187.3,Sprinkler,9.0,23.0,Barley,110.25
Region_B,Clay,6.31,636.0,31.5,85.6,122.7,Sprinkler,24.0,24.0,Barley,78.53
Region_B,Clay,6.19,1312.3,23.9,68.8,137.7,Drip,7.0,22.2,No_Previous_Crop,114.61
Region_C,Sandy,6.67,731.5,26.9,32.3,281.5,Flood,42.3,21.8,Barley,158.7
Region_D,Loam,5.58,1143.8,26.8,74.3,205.8,Sprinkler,18.1,11.9,Maize,146.19
Region_D,Sandy,6.09,1182.2,31.4,61.8,289.7,Sprinkler,25.6,14.4,Barley,188.29
Region_D,Loam,7.49,343.6,18.9,55.0,143.8,Rainfed,41.3,22.9,Rice,86.66
Region_B,Loam,6.53,881.0,30.0,72.3,188.1,Sprinkler,19.9,11.1,Barley,141.64
Region_A,Clay,7.26,989.6,30.3,80.5,168.1,Flood,23.3,23.8,Barley,120.87
Region_B,Sandy,6.88,898.4,27.6,37.0,179.7,Flood,11.1,16.3,Barley,119.17
Region_C,Loam,6.82,948.1,32.8,72.8,225.5,Drip,21.9,5.4,Barley,148.22
Region_B,Sandy,5.64,1079.2,32.9,31.4,95.8,Sprinkler,49.5,18.6,Wheat,85.23
Region_B,Clay,5.53,960.1,33.3,48.3,169.4,Drip,2.5,5.7,No_Previous_Crop,110.13
Region_B,Loam,6.15,558.9,23.3,53.9,166.9,Drip,23.1,10.5,Wheat,101.06
Region_A,Loam,6.11,527.5,28.7,30.7,263.0,Flood,33.3,5.3,Barley,156.29
Region_C,Sandy,6.5,627.1,18.0,78.3,104.4,Drip,19.3,24.9,Maize,79.26
Region_D,Clay,7.17,1045.4,17.4,33.6,91.2,Flood,14.7,7.8,Maize,71.46
Region_A,Loam,5.71,229.1,34.4,70.6,256.4,Rainfed,17.0,22.7,No_Previous_Crop,148.83
Region_A,Clay,5.79,705.4,26.7,50.7,162.9,Sprinkler,43.0,17.8,Barley,108.0
Region_D,Loam,6.92,1377.6,18.9,33.0,299.3,Sprinkler,4.1,19.0,Barley,187.06
Region_D,Loam,7.07,472.5,24.5,46.4,273.1,Sprinkler,47.4,11.7,Maize,154.69
Region_B,Sandy,6.37,331.4,22.4,65.0,53.1,Drip,7.1,9.0,Barley,40.5
Region_C,Loam,6.62,616.4,32.6,39.7,152.5,Flood,34.8,22.1,Barley,105.95
Region_B,Loam,5.95,1489.2,25.5,51.6,93.1,Sprinkler,33.0,13.2,No_Previous_Crop,98.78
Region_C,Sandy,7.38,967.5,17.9,83.0,202.4,Rainfed,35.9,21.2,Rice,134.14
Region_B,Clay,5.97,884.2,25.4,87.3,147.0,Drip,13.3,6.1,Maize,113.83
Region_B,Clay,7.27,1054.3,30.7,32.1,160.3,Drip,5.9,14.0,Maize,115.48
Region_C,Clay,5.71,832.1,34.5,71.9,78.8,Flood,18.0,16.0,Wheat,73.46
Region_D,Sandy,6.97,1230.2,19.2,46.8,127.1,Rainfed,31.7,5.5,Maize,97.94
Region_D,Sandy,5.93,598.8,23.9,37.9,277.3,Drip,1.0,23.8,Rice,157.63
Region_C,Sandy,7.45,850.6,28.5,88.1,108.6,Drip,44.4,24.5,Rice,79.36
Region_A,Loam,6.13,1075.5,22.2,72.0,168.8,Drip,3.9,22.1,Wheat,124.46
Region_C,Sandy,6.88,540.4,18.9,74.2,162.9,Sprinkler,19.3,24.8,Barley,97.4
Region_B,Clay,6.24,1146.8,23.0,77.5,81.0,Rainfed,40.0,9.5,Rice,76.89
Region_D,Clay,5.7,670.2,31.2,59.6,298.6,Sprinkler,32.7,17.4,No_Previous_Crop,167.38
Region_D,Loam,6.02,1099.5,32.1,88.7,273.6,Drip,28.9,9.7,Wheat,178.74
Region_B,Sandy,7.11,1459.3,15.4,46.9,281.4,Flood,39.2,24.8,Rice,188.44
Region_A,Loam,6.84,738.2,20.3,83.2,261.2,Sprinkler,1.9,7.1,No_Previous_Crop,160.55
Region_C,Clay,6.9,454.3,30.3,77.3,233.2,Sprinkler,45.8,8.8,Rice,134.33
Region_A,Sandy,5.57,1463.3,33.1,60.2,210.9,Sprinkler,24.0,13.7,Maize,156.95
Region_D,Clay,7.03,1253.2,34.4,42.4,228.6,Flood,41.9,15.6,Wheat,155.11
Region_A,Sandy,6.36,1412.2,16.0,47.7,262.5,Drip,19.9,18.0,No_Previous_Crop,167.8
Region_C,Clay,5.65,945.1,30.5,61.0,191.4,Drip,34.4,21.3,Rice,129.39
Region_C,Sandy,5.88,1259.3,31.9,62.3,99.2,Sprinkler,19.0,11.8,Rice,92.02
Region_A,Loam,6.3,315.1,26.0,74.2,218.6,Drip,28.2,7.8,No_Previous_Crop,125.66
Region_D,Loam,7.15,232.6,24.6,33.2,245.6,Sprinkler,37.7,11.5,Wheat,134.05
Region_D,Sandy,5.89,633.0,21.8,85.8,56.5,Drip,31.4,5.1,Wheat,64.26
Region_B,Sandy,6.1,1014.5,16.8,77.6,274.2,Sprinkler,47.0,21.9,No_Previous_Crop,171.52
Region_A,Sandy,7.39,1311.9,16.9,62.2,167.0,Flood,36.9,16.0,Wheat,125.43
Region_D,Loam,6.93,662.7,33.9,56.4,141.3,Drip,8.4,18.6,Maize,97.46
Region_D,Sandy,6.55,1020.8,29.5,85.6,115.1,Flood,5.5,12.2,No_Previous_Crop,89.71
Region_A,Clay,7.19,1328.4,34.4,76.9,163.0,Rainfed,18.8,17.7,Rice,127.7
Region_A,Loam,6.04,751.4,26.8,86.4,239.6,Sprinkler,37.3,16.6,Maize,141.65
Region_A,Clay,6.52,910.6,19.8,33.8,65.3,Sprinkler,18.1,5.4,Barley,63.55
Region_D,Sandy,5.98,1023.7,23.6,32.3,121.2,Drip,39.1,8.6,Maize,104.48
Region_C,Sandy,6.66,500.3,34.4,47.9,199.6,Drip,40.0,22.6,Rice,120.85
Region_B,Loam,7.24,456.4,28.3,32.2,189.1,Sprinkler,35.1,23.7,Maize,107.09
Region_A,Loam,7.02,1175.6,30.7,73.9,112.9,Rainfed,40.3,21.2,Wheat,97.67
Region_A,Sandy,6.27,425.8,15.5,48.7,60.0,Rainfed,34.7,6.9,Rice,48.44
Region_D,Clay,7.01,282.4,26.8,63.0,145.1,Drip,22.5,22.2,Barley,89.99
Region_C,Sandy,7.41,885.8,34.7,76.4,165.3,Sprinkler,16.0,8.0,Barley,119.21
Region_B,Sandy,7.19,501.0,33.3,89.5,94.6,Sprinkler,3.7,6.0,Maize,70.82
Region_C,Sandy,6.14,915.2,33.4,31.7,210.1,Sprinkler,3.9,23.7,Rice,137.91
Region_C,Clay,6.44,1450.1,33.0,44.8,81.0,Drip,11.5,12.2,Maize,87.45
Region_C,Loam,6.26,959.4,15.8,83.0,212.9,Drip,17.6,12.5,Maize,145.31
Region_C,Loam,5.58,406.5,25.2,62.8,132.3,Sprinkler,3.5,5.3,Maize,79.01
Region_C,Sandy,5.99,904.2,18.3,82.4,296.6,Drip,4.9,9.3,Barley,185.86
Region_B,Clay,5.62,1128.7,17.1,34.5,279.3,Drip,39.6,15.3,Maize,176.39
Region_C,Loam,6.37,825.3,33.0,70.7,110.2,Flood,42.5,24.9,Barley,84.21
Region_B,Clay,7.08,947.9,16.5,60.3,140.7,Drip,1.0,7.0,Wheat,102.64
Region_D,Clay,7.49,1457.3,26.8,68.8,272.5,Flood,20.9,5.2,No_Previous_Crop,180.49
Region_B,Clay,6.43,765.4,24.2,47.0,181.5,Flood,40.1,6.1,Barley,119.35
Region_D,Loam,6.84,570.9,25.9,57.4,267.5,Drip,30.4,5.5,Rice,157.45
Region_C,Clay,5.9,1003.0,20.7,31.3,196.4,Rainfed,26.1,16.2,Barley,134.94
Region_A,Loam,5.52,443.2,33.5,57.7,254.8,Drip,14.3,24.8,No_Previous_Crop,153.43
Region_D,Sandy,7.07,1472.9,32.8,72.0,230.2,Rainfed,49.7,8.4,Maize,159.13
Region_D,Clay,5.51,303.8,21.6,38.3,275.7,Flood,34.9,18.7,Barley,149.8
Region_B,Sandy,6.35,604.0,19.0,80.8,92.1,Flood,47.6,11.6,Barley,69.57
Region_B,Clay,6.06,861.9,23.2,70.6,290.3,Drip,41.2,21.1,Wheat,172.9
Region_C,Clay,7.09,673.8,17.5,72.5,190.7,Flood,34.3,21.3,Maize,128.05
Region_C,Loam,6.9,1106.9,32.9,45.0,89.5,Drip,26.1,5.4,Rice,84.17
Region_B,Sandy,5.85,1209.3,15.2,44.2,86.9,Drip,34.8,6.8,Barley,82.33
Region_B,Sandy,7.44,715.9,28.1,79.8,190.8,Flood,42.1,9.5,Wheat,129.41
Region_C,Loam,6.71,1159.0,21.1,60.4,196.7,Flood,4.7,21.2,Maize,142.11
Region_D,Clay,6.87,233.0,20.3,67.2,219.6,Rainfed,38.9,11.8,Rice,123.61
Region_B,Loam,6.91,1056.1,27.0,63.8,88.6,Sprinkler,24.4,19.8,Wheat,85.88
Region_B,Clay,6.63,267.1,25.5,73.7,257.3,Drip,27.5,9.1,Rice,131.59
Region_B,Loam,6.15,1061.3,16.9,87.0,205.2,Drip,4.8,22.6,Maize,144.98
Region_D,Sandy,5.84,684.7,16.9,87.8,225.0,Drip,37.5,23.6,Wheat,138.57
Region_C,Clay,7.48,326.1,20.5,31.7,232.8,Rainfed,39.2,5.9,Wheat,130.86
Region_C,Loam,5.81,461.7,18.1,54.2,267.6,Sprinkler,10.1,21.2,Barley,152.58
Region_C,Clay,7.18,973.4,20.5,86.9,116.6,Flood,47.4,23.9,No_Previous_Crop,96.73
Region_A,Clay,6.08,718.1,32.6,34.8,177.8,Rainfed,28.2,9.7,No_Previous_Crop,119.02
Region_B,Clay,6.12,693.6,17.8,82.6,102.1,Rainfed,32.8,6.0,Rice,76.63
Region_D,Sandy,5.88,1221.9,23.6,58.3,231.1,Flood,0.2,23.0,Barley,162.88
Region_D,Loam,7.02,1306.3,16.6,46.3,164.4,Drip,37.7,9.2,Maize,126.52
Region_C,Loam,6.95,546.7,30.5,34.0,81.2,Drip,18.3,14.7,Maize,66.61
Region_D,Sandy,5.68,1296.2,19.9,41.1,188.1,Flood,49.3,10.5,No_Previous_Crop,135.03
Region_A,Loam,6.67,476.7,20.6,84.0,64.1,Rainfed,34.5,7.6,No_Previous_Crop,55.72
Region_B,Sandy,6.91,1074.6,34.0,86.1,244.2,Rainfed,34.5,14.9,No_Previous_Crop,148.67
Region_A,Sandy,6.87,732.8,15.0,66.1,292.8,Sprinkler,5.7,22.5,No_Previous_Crop,164.2
Region_A,Clay,5.76,617.5,28.1,44.0,114.9,Sprinkler,46.7,11.7,Rice,80.4
Region_A,Clay,6.8,756.4,27.8,44.5,166.1,Flood,1.8,12.1,Rice,105.01
Region_D,Loam,5.52,636.3,23.7,63.5,221.0,Drip,32.1,11.9,Wheat,135.82
Region_A,Sandy,7.17,650.8,32.0,57.9,134.2,Flood,47.3,23.4,Barley,89.97
Region_D,Clay,6.0,899.1,30.8,72.1,233.8,Flood,11.8,11.3,Maize,145.89
Region_A,Sandy,7.46,293.5,23.1,37.0,136.8,Rainfed,32.3,23.7,No_Previous_Crop,68.57
Region_A,Clay,5.68,859.3,16.0,43.2,275.3,Sprinkler,0.6,23.5,Barley,164.91
Region_B,Loam,5.92,1334.9,32.3,69.1,249.9,Flood,9.8,24.7,No_Previous_Crop,167.05
Region_A,Sandy,5.92,1494.9,30.6,76.5,137.9,Sprinkler,0.4,22.2,No_Previous_Crop,112.72
Region_B,Loam,6.05,645.5,34.1,83.4,96.7,Flood,13.2,13.8,Maize,73.36
Region_B,Sandy,6.92,1182.9,16.3,75.6,231.5,Drip,10.8,12.6,Barley,151.23
Region_A,Loam,7.19,1012.2,18.5,58.3,165.6,Sprinkler,43.0,6.8,No_Previous_Crop,117.02
Region_C,Clay,6.99,469.3,23.5,52.0,212.8,Rainfed,19.4,23.5,Barley,125.1
Region_B,Loam,5.69,747.3,31.6,68.1,118.9,Drip,47.3,15.1,No_Previous_Crop,93.99
Region_D,Sandy,6.01,481.3,33.6,31.7,285.3,Rainfed,12.2,19.1,Barley,172.71
Region_D,Clay,6.12,1322.4,30.2,45.0,143.5,Drip,27.8,22.0,Wheat,115.32
Region_D,Loam,6.33,331.6,16.3,37.4,221.5,Flood,16.9,22.8,No_Previous_Crop,122.11
Region_C,Loam,6.6,1289.3,17.1,65.8,62.8,Drip,40.6,12.2,Wheat,63.1
Region_C,Loam,5.96,1032.2,34.4,72.8,193.2,Rainfed,6.2,10.0,Barley,135.69
Region_B,Sandy,7.02,298.8,24.9,71.7,177.0,Flood,49.5,18.6,No_Previous_Crop,103.84
Region_D,Sandy,6.13,391.7,17.3,63.6,249.0,Drip,11.2,23.6,Maize,145.74
Region_A,Sandy,6.22,746.9,35.0,88.9,81.0,Rainfed,12.6,13.2,No_Previous_Crop,77.5
Region_A,Clay,6.9,1310.9,33.2,71.0,76.6,Rainfed,36.3,7.1,Maize,76.53
Region_C,Clay,5.97,907.2,24.3,42.0,64.2,Flood,43.1,12.1,Wheat,64.51
Region_C,Loam,6.87,489.4,32.4,44.9,168.6,Flood,45.5,15.6,Wheat,110.76
Region_A,Loam,5.54,811.7,17.9,89.7,122.8,Flood,5.8,6.5,No_Previous_Crop,89.09
Region_C,Loam,6.78,611.6,28.6,68.1,288.3,Rainfed,47.4,15.7,Maize,155.69
Region_C,Sandy,7.16,377.3,32.9,67.0,131.2,Rainfed,14.0,21.1,Maize,82.28
Region_A,Sandy,7.18,564.6,31.7,84.6,92.2,Flood,12.7,24.9,Rice,76.2
Region_B,Loam,5.89,1112.6,34.6,41.7,95.5,Flood,45.8,16.6,Maize,84.1
Region_A,Sandy,5.8,1347.9,34.9,86.9,100.6,Sprinkler,32.9,16.9,No_Previous_Crop,105.35
Region_C,Sandy,6.97,585.1,22.5,69.1,52.9,Sprinkler,16.4,15.1,Rice,50.61
Region_B,Loam,6.16,895.2,34.1,84.7,140.2,Flood,48.8,7.4,Maize,107.31
Region_D,Clay,6.17,1452.3,19.9,52.9,291.0,Flood,48.6,6.6,Maize,186.29
Region_A,Loam,7.05,1066.8,22.4,80.7,189.1,Drip,5.5,9.7,Rice,129.88
Region_D,Sandy,6.56,870.0,21.0,36.2,60.3,Flood,15.3,11.2,Wheat,55.54
Region_B,Clay,6.78,859.1,26.1,51.2,227.7,Drip,12.9,5.5,Barley,140.96
Region_D,Clay,6.6,716.4,24.6,52.5,271.1,Flood,23.2,10.5,Rice,153.24
Region_C,Sandy,6.28,1480.2,33.6,62.2,269.2,Sprinkler,37.3,15.7,Maize,189.89
Region_B,Sandy,5.51,983.2,22.3,88.4,199.7,Rainfed,26.6,18.9,Wheat,138.84
Region_D,Clay,5.93,1436.7,18.1,76.0,178.7,Sprinkler,25.5,19.2,Rice,134.91
Region_C,Loam,5.81,1244.3,25.5,72.5,60.5,Sprinkler,41.1,24.6,Wheat,79.25
Region_A,Sandy,6.76,749.6,29.8,69.4,250.9,Rainfed,47.5,5.1,Maize,150.81
Region_D,Loam,7.2,419.5,17.1,76.3,170.8,Drip,0.6,21.5,Barley,100.68
Region_B,Loam,7.45,913.0,35.0,83.2,181.6,Sprinkler,36.4,14.9,Barley,123.33
Region_A,Clay,7.37,1496.6,23.9,78.7,141.5,Drip,43.8,24.7,Rice,117.79
Region_C,Loam,7.3,1294.3,16.8,85.2,73.8,Flood,39.5,7.8,Barley,71.85
Region_A,Clay,7.08,228.2,26.9,66.8,278.9,Sprinkler,37.0,11.7,Barley,153.49
Region_B,Sandy,5.9,1094.4,20.6,70.1,82.0,Flood,46.3,20.3,Barley,81.0
Region_B,Loam,5.82,848.1,17.4,65.5,80.9,Flood,49.2,24.2,Barley,71.05
Region_C,Loam,6.1,1246.7,32.9,69.8,157.0,Flood,11.7,18.2,No_Previous_Crop,129.85
Region_B,Clay,5.92,582.6,18.3,66.2,140.9,Flood,48.4,22.6,Rice,92.77
Region_B,Sandy,6.32,525.6,26.5,82.5,259.8,Flood,38.1,13.2,No_Previous_Crop,160.32
Region_B,Loam,6.22,247.3,34.0,69.7,130.0,Rainfed,38.8,13.9,Maize,78.64
Region_D,Clay,6.45,376.1,31.1,72.5,116.1,Sprinkler,18.3,11.8,Maize,78.52
Region_B,Loam,6.1,378.9,30.2,81.6,218.8,Drip,37.4,24.3,Wheat,127.07
Region_D,Loam,6.96,1427.1,28.1,83.9,116.6,Flood,42.8,10.5,Rice,103.39
Region_A,Sandy,7.16,606.9,34.4,43.6,157.0,Flood,8.5,14.1,Barley,106.51
Region_A,Clay,6.99,715.3,29.6,49.3,203.1,Flood,2.5,24.6,Barley,134.03
Region_B,Clay,6.94,251.9,29.1,68.9,105.4,Drip,2.0,17.1,No_Previous_Crop,66.24
Region_A,Sandy,6.82,496.1,20.6,62.4,86.4,Sprinkler,45.1,15.4,Wheat,64.11
Region_C,Loam,7.03,1372.4,31.7,37.0,214.3,Rainfed,6.6,21.8,No_Previous_Crop,160.19
Region_D,Clay,6.65,880.1,26.6,83.3,51.3,Rainfed,14.8,8.8,Maize,54.18
Region_B,Sandy,7.32,922.4,32.3,76.7,95.7,Sprinkler,46.4,6.3,Rice,85.47
Region_C,Loam,6.05,1452.9,16.7,77.3,234.3,Rainfed,43.2,16.5,No_Previous_Crop,171.87
Region_A,Clay,6.98,1498.3,16.7,42.3,229.8,Rainfed,26.8,20.2,Maize,159.32
Region_D,Clay,5.72,547.1,22.3,89.5,73.0,Sprinkler,33.0,9.6,Maize,62.82
Region_B,Loam,6.84,499.9,18.1,72.1,258.1,Sprinkler,26.9,5.6,Rice,147.6
Region_A,Sandy,6.98,368.4,32.6,37.6,70.8,Drip,11.6,6.0,Barley,57.29
Region_D,Loam,7.35,389.8,21.7,63.6,172.6,Flood,28.7,12.6,No_Previous_Crop,95.32
Region_D,Sandy,7.31,529.1,17.9,45.3,165.9,Flood,20.9,19.9,No_Previous_Crop,96.83
Region_C,Clay,5.76,1445.0,15.3,58.2,142.1,Drip,7.1,11.5,Barley,116.29
Region_B,Loam,7.16,1461.4,24.1,70.8,290.5,Drip,14.3,17.1,Maize,190.89
Region_A,Clay,7.27,530.7,28.2,62.5,170.9,Flood,44.0,20.8,Rice,113.68
Region_B,Loam,5.78,347.1,19.1,65.7,79.0,Drip,25.1,23.3,Barley,54.89
Region_D,Loam,5.75,803.3,26.2,73.2,54.7,Rainfed,29.1,9.0,Rice,64.73
Region_C,Sandy,7.2,953.4,16.2,71.6,142.9,Drip,27.8,8.7,Barley,105.62
Region_D,Clay,5.6,606.8,29.2,84.5,286.7,Flood,40.7,10.9,Barley,173.39
Region_C,Sandy,6.92,626.2,26.2,77.0,111.9,Rainfed,12.4,21.6,Rice,84.45
Region_A,Sandy,7.14,1340.0,15.9,63.7,176.0,Sprinkler,32.8,11.5,No_Previous_Crop,132.61
Region_B,Sandy,6.59,1324.0,32.8,42.1,189.3,Flood,37.9,7.0,No_Previous_Crop,138.9
Region_D,Loam,6.85,432.4,22.0,82.0,285.7,Sprinkler,13.7,22.0,Rice,159.85
Region_C,Loam,6.38,701.7,17.9,90.0,245.0,Flood,33.5,7.1,Rice,146.16
Region_C,Sandy,6.26,799.2,27.9,78.3,92.5,Rainfed,22.9,8.4,Wheat,68.21
Region_B,Sandy,5.73,1242.3,27.6,32.5,75.2,Sprinkler,41.1,22.0,Rice,81.05
Region_C,Loam,5.78,1384.8,33.3,47.8,122.1,Rainfed,38.9,8.5,No_Previous_Crop,117.74
Region_D,Sandy,6.71,524.0,27.8,81.3,131.1,Sprinkler,2.4,20.5,No_Previous_Crop,93.52
Region_A,Clay,7.23,589.5,31.2,78.3,232.5,Drip,16.0,14.4,Wheat,139.87
Region_D,Loam,6.8,1443.5,17.9,44.1,106.5,Drip,37.2,18.3,No_Previous_Crop,92.3
Region_A,Loam,7.46,1465.8,21.0,44.5,164.8,Drip,25.8,10.8,Wheat,119.54
Region_A,Sandy,6.44,1438.8,28.2,47.0,195.2,Drip,9.8,17.7,Rice,148.16
Region_C,Loam,6.65,889.1,15.3,80.6,124.0,Sprinkler,27.5,9.5,Barley,89.68
Region_B,Sandy,6.75,1005.5,23.4,89.6,65.3,Rainfed,37.0,24.3,Rice,73.17
Region_A,Clay,5.87,1241.1,19.3,56.7,59.0,Sprinkler,8.7,8.1,Barley,83.08
Region_B,Clay,5.61,1176.2,20.3,78.2,72.8,Flood,45.4,21.2,No_Previous_Crop,72.59
Region_A,Clay,7.41,594.2,33.2,34.0,282.7,Rainfed,8.1,19.6,Rice,169.52
Region_A,Loam,7.23,321.3,21.8,83.5,158.0,Sprinkler,4.8,5.1,No_Previous_Crop,92.74
Region_C,Loam,5.65,1202.3,34.7,51.0,293.6,Drip,24.1,8.2,Wheat,190.93
Region_A,Sandy,6.48,692.5,31.2,52.2,172.0,Sprinkler,31.0,17.1,Barley,111.31
Region_A,Loam,6.3,688.6,25.8,65.3,103.0,Drip,36.1,13.8,Maize,77.68
Region_B,Sandy,7.09,491.4,21.9,74.2,270.1,Drip,42.8,18.8,Barley,145.17
Region_A,Loam,6.13,237.4,18.7,51.7,145.1,Sprinkler,38.4,7.5,Barley,80.72
Region_A,Loam,7.24,567.6,20.2,33.9,280.8,Rainfed,8.9,9.1,Maize,166.5
Region_D,Loam,6.55,723.6,25.1,70.1,96.8,Flood,30.4,8.9,Maize,76.7
Region_C,Clay,5.52,1252.4,18.3,71.4,126.6,Sprinkler,38.2,15.9,No_Previous_Crop,106.44
Region_A,Loam,5.82,384.4,30.9,69.1,131.0,Drip,31.8,17.3,No_Previous_Crop,81.48
Region_C,Clay,6.69,611.6,24.2,80.6,131.3,Drip,2.0,17.6,No_Previous_Crop,85.43
Region_C,Loam,7.47,452.2,20.5,39.3,241.1,Flood,15.5,21.2,No_Previous_Crop,138.84
Region_B,Clay,7.19,748.5,15.9,83.9,100.4,Sprinkler,30.6,18.2,Rice,66.83
Region_D,Loam,5.55,1110.9,18.5,67.7,238.1,Flood,30.6,22.3,Barley,158.76
Region_B,Clay,7.4,1041.8,28.0,67.8,241.6,Flood,4.5,23.9,Barley,153.81
Region_A,Loam,6.84,357.3,29.0,74.1,73.8,Sprinkler,40.0,12.5,Barley,48.27
Region_A,Loam,7.02,1027.0,26.6,69.6,293.3,Sprinkler,43.5,5.3,No_Previous_Crop,176.2
Region_A,Sandy,5.52,278.6,28.8,86.4,173.1,Flood,42.5,17.6,Maize,105.67
Region_D,Sandy,5.82,352.9,29.8,51.4,142.3,Drip,37.3,12.2,Maize,91.12
Region_D,Loam,6.18,753.9,30.8,35.2,292.7,Sprinkler,20.0,14.7,Maize,172.28
Region_B,Loam,5.82,432.2,27.8,40.9,250.8,Rainfed,35.3,20.4,No_Previous_Crop,152.48
Region_A,Sandy,7.03,1212.9,22.6,47.2,234.2,Rainfed,6.3,19.9,Wheat,158.61
Region_A,Sandy,7.18,706.5,28.1,82.5,270.4,Rainfed,19.0,5.2,Rice,159.91
Region_B,Loam,6.85,1439.5,31.4,69.1,85.9,Sprinkler,29.6,9.4,Maize,90.95
Region_B,Clay,6.22,1493.6,27.6,82.2,191.7,Sprinkler,6.6,6.9,Barley,143.69
Region_D,Sandy,6.91,449.5,20.6,59.7,280.3,Drip,32.0,15.7,No_Previous_Crop,155.94
Region_D,Clay,7.14,520.6,33.7,36.6,72.3,Rainfed,25.6,11.3,Rice,53.62
Region_A,Clay,5.53,690.6,18.3,84.0,269.2,Flood,45.4,12.5,Barley,158.83
Region_C,Clay,5.86,209.3,18.6,85.3,133.3,Rainfed,29.4,5.8,No_Previous_Crop,83.69
Region_B,Clay,7.43,1088.3,22.9,89.6,72.7,Sprinkler,43.2,12.4,Maize,65.28
Region_B,Clay,7.36,547.2,19.2,85.0,164.4,Drip,3.5,15.0,No_Previous_Crop,113.8
Region_C,Loam,6.98,710.9,16.3,47.4,295.7,Flood,41.7,10.1,No_Previous_Crop,174.75
Region_C,Clay,6.19,295.4,18.6,36.5,233.7,Flood,32.7,22.0,No_Previous_Crop,137.13
Region_D,Clay,7.22,1278.6,19.9,87.3,198.4,Drip,40.4,12.1,Wheat,139.99
Region_B,Clay,6.29,1363.5,33.6,89.9,91.0,Sprinkler,26.4,22.6,Rice,89.76
Region_A,Clay,6.07,746.2,19.0,48.2,52.4,Flood,15.3,20.5,Barley,48.92
Region_B,Loam,6.49,596.2,31.7,57.4,239.4,Drip,11.4,15.8,Wheat,143.2
Region_C,Loam,6.4,321.6,20.1,74.8,220.5,Sprinkler,15.6,12.9,Rice,118.62
Region_C,Sandy,6.3,575.5,16.3,62.4,245.8,Sprinkler,15.0,20.7,Wheat,143.37
Region_C,Loam,6.79,756.8,23.6,68.5,288.5,Flood,11.3,15.3,No_Previous_Crop,174.33
Region_A,Clay,7.32,423.2,20.5,51.4,236.9,Flood,20.9,24.0,Rice,134.34
Region_D,Loam,7.44,1436.9,21.2,30.2,84.0,Rainfed,21.3,20.7,Maize,93.84
Region_B,Loam,6.29,828.2,31.1,76.3,250.6,Drip,10.4,24.4,Rice,157.97
Region_D,Clay,7.47,1303.3,21.5,70.0,238.1,Sprinkler,14.9,11.4,Wheat,158.65
Region_A,Clay,6.38,377.8,25.2,61.8,209.5,Rainfed,28.3,15.9,Rice,121.14
Region_A,Sandy,6.02,1460.5,22.6,61.2,115.1,Drip,14.4,11.2,No_Previous_Crop,107.11
Region_D,Clay,7.06,727.3,28.9,87.5,114.6,Sprinkler,7.5,9.9,Barley,94.54
Region_C,Sandy,6.23,1334.0,29.6,54.5,200.1,Drip,40.5,8.2,No_Previous_Crop,142.44
Region_C,Clay,7.41,1392.5,18.3,77.8,95.9,Drip,2.9,8.6,Rice,92.28
Region_B,Clay,6.55,554.3,31.8,82.7,226.6,Flood,35.8,18.2,Wheat,127.64
Region_A,Clay,7.47,424.3,21.5,55.3,299.7,Flood,34.1,19.6,Rice,172.74
Region_A,Loam,6.92,1016.7,24.4,30.1,165.6,Flood,4.7,18.7,Rice,111.23
Region_B,Loam,5.86,1062.5,31.0,31.8,128.1,Rainfed,17.7,19.9,Maize,106.88
Region_D,Loam,6.84,1133.5,19.3,61.5,122.8,Flood,4.2,18.7,Rice,92.27
Region_C,Clay,5.74,892.3,16.9,41.4,160.1,Flood,4.2,11.1,Rice,117.66
Region_D,Sandy,7.31,431.0,33.7,38.9,134.3,Drip,3.6,11.2,Wheat,90.01
Region_A,Clay,6.58,1315.9,30.0,34.0,177.7,Sprinkler,34.5,18.7,Maize,132.8
Region_D,Clay,7.35,804.7,32.0,38.2,242.6,Sprinkler,32.6,6.2,Rice,150.69
Region_D,Clay,6.36,770.4,31.6,37.7,297.9,Sprinkler,12.3,20.6,Rice,187.08
Region_D,Clay,6.43,729.6,24.4,48.2,264.2,Sprinkler,10.7,10.7,Wheat,161.77
Region_A,Sandy,5.71,985.9,28.0,85.3,72.2,Drip,26.7,10.4,Maize,74.53
Region_D,Loam,6.13,1365.6,21.6,36.4,62.4,Drip,46.1,6.2,Barley,82.25
Region_C,Clay,6.64,438.2,32.3,82.9,281.6,Flood,22.4,6.9,Maize,165.72
Region_C,Loam,6.69,1461.3,24.5,38.0,70.7,Flood,26.8,9.8,No_Previous_Crop,81.21
Region_C,Clay,7.09,1270.5,20.0,82.1,246.3,Flood,18.1,20.5,Wheat,162.56
Region_B,Loam,5.63,1140.6,32.8,67.6,223.6,Drip,25.1,16.6,Maize,154.98
Region_A,Loam,6.09,1210.6,30.9,77.3,253.6,Drip,3.9,19.8,Barley,171.73
Region_A,Clay,6.09,432.3,20.5,77.3,61.5,Rainfed,28.9,15.7,Barley,51.02
Region_B,Sandy,6.34,563.3,26.4,38.1,142.8,Flood,20.7,22.3,Barley,86.98
Region_A,Clay,6.56,1061.1,32.8,30.5,142.7,Drip,40.8,5.1,Maize,117.94
Region_C,Sandy,5.59,1371.1,33.0,52.2,189.7,Flood,47.7,10.2,Maize,141.38
Region_C,Sandy,6.99,1404.3,33.9,72.3,88.5,Rainfed,8.5,22.6,Rice,95.05
Region_B,Loam,7.29,318.8,21.2,47.6,127.0,Flood,11.3,18.8,Wheat,77.2
Region_C,Sandy,6.72,329.9,19.3,64.7,121.6,Drip,36.4,16.0,Maize,89.69
Region_B,Sandy,6.53,784.8,32.9,45.4,50.9,Sprinkler,45.2,23.6,No_Previous_Crop,55.61
Region_A,Sandy,6.52,828.7,28.3,38.3,124.2,Rainfed,11.9,23.5,Wheat,100.44
Region_B,Clay,6.44,314.6,20.7,52.8,75.3,Flood,14.8,11.8,Rice,56.58
Region_C,Sandy,7.42,1112.2,16.4,55.5,227.1,Flood,17.3,15.3,Wheat,156.15
Region_D,Loam,7.4,419.6,20.7,53.5,172.4,Rainfed,15.6,21.3,Rice,107.54
Region_D,Loam,7.22,1431.5,27.7,63.9,89.0,Flood,28.5,12.3,No_Previous_Crop,99.34
Region_A,Loam,6.82,1417.1,32.6,58.1,200.1,Sprinkler,41.0,19.6,Barley,142.65
Region_D,Sandy,5.65,1037.7,30.0,62.3,211.8,Drip,26.0,21.5,No_Previous_Crop,147.57
Region_A,Sandy,7.22,941.3,24.6,36.7,167.6,Flood,27.7,9.9,Rice,116.14
Region_D,Loam,6.39,1415.2,24.8,52.9,180.4,Flood,31.9,8.2,Barley,141.09
Region_C,Clay,6.81,441.6,32.7,53.6,205.4,Rainfed,11.1,20.6,Wheat,117.99
Region_D,Clay,6.01,1299.3,15.2,37.8,125.1,Rainfed,27.0,24.9,Barley,103.64
Region_B,Clay,6.38,435.1,29.5,79.2,204.8,Flood,9.7,11.6,Rice,126.93
Region_D,Sandy,5.8,261.8,19.0,83.6,189.3,Flood,8.6,7.6,No_Previous_Crop,116.73
Region_D,Sandy,5.65,1095.5,30.4,44.0,242.7,Flood,29.2,21.0,Barley,158.8
Region_B,Sandy,6.08,910.8,32.5,50.5,80.6,Rainfed,21.8,24.6,Maize,72.84
Region_C,Loam,5.6,1205.0,16.6,57.8,248.9,Drip,23.5,17.9,No_Previous_Crop,160.76
Region_C,Loam,6.06,329.3,16.2,87.2,280.2,Sprinkler,29.4,12.3,No_Previous_Crop,151.96
Region_A,Loam,5.92,1265.9,29.8,73.9,237.4,Sprinkler,46.2,19.7,Wheat,167.97
Region_B,Sandy,6.99,1005.4,22.5,78.7,299.7,Flood,40.4,20.8,Wheat,181.98
Region_B,Sandy,6.88,566.7,22.8,72.7,85.3,Rainfed,14.7,8.6,No_Previous_Crop,62.13
Region_C,Sandy,5.5,345.7,26.1,73.0,200.1,Flood,33.8,5.7,No_Previous_Crop,117.48
Region_B,Loam,7.32,1255.6,25.1,84.0,188.6,Drip,12.7,10.4,No_Previous_Crop,142.42
Region_D,Sandy,6.86,1321.6,28.9,59.5,170.8,Rainfed,47.6,21.3,Rice,131.4
Region_B,Sandy,6.9,1052.3,18.1,56.2,229.1,Sprinkler,19.6,5.8,Barley,148.51
Region_C,Clay,6.76,805.9,30.3,53.7,278.4,Flood,14.9,5.0,Rice,171.72
Region_D,Loam,7.07,1344.1,26.3,67.4,109.3,Rainfed,4.4,15.0,Barley,99.98
Region_A,Sandy,6.78,1047.4,18.3,58.9,274.7,Rainfed,21.6,11.4,Rice,171.61
Region_C,Loam,5.88,1158.9,23.1,33.4,140.5,Rainfed,5.7,8.1,No_Previous_Crop,104.32
Region_B,Clay,6.28,1267.8,30.5,57.8,248.6,Rainfed,4.1,16.9,Maize,162.4
Region_B,Sandy,5.97,757.3,21.3,32.8,130.7,Flood,0.8,6.8,No_Previous_Crop,90.53
Region_A,Loam,6.98,1191.8,25.2,84.9,123.5,Drip,15.9,23.2,No_Previous_Crop,104.05
Region_B,Clay,6.91,522.6,31.7,39.4,193.0,Flood,10.4,16.4,Barley,125.94
Region_C,Clay,6.65,263.9,21.6,39.5,180.2,Flood,3.8,11.2,Wheat,95.02
Region_C,Loam,6.34,592.3,17.7,57.1,169.5,Rainfed,34.9,14.1,Wheat,105.9
Region_D,Loam,6.92,583.9,34.3,55.3,146.7,Flood,30.9,24.1,Barley,102.45
Region_D,Clay,5.82,1053.5,15.3,34.9,54.8,Drip,49.7,16.4,Wheat,60.94
Region_A,Sandy,6.27,707.6,21.4,87.3,66.0,Sprinkler,13.7,20.0,Rice,59.73
Region_D,Loam,5.83,1123.4,24.8,44.2,73.9,Flood,44.5,19.4,Maize,66.9
Region_D,Loam,5.92,472.4,19.8,82.2,222.7,Rainfed,13.4,23.6,No_Previous_Crop,137.01
Region_D,Clay,6.35,1323.8,18.6,73.9,215.1,Flood,42.1,9.0,Rice,149.33
Region_C,Clay,6.94,273.7,18.9,46.5,84.4,Sprinkler,32.6,19.5,Wheat,50.46
Region_D,Clay,7.34,654.2,26.0,66.0,70.7,Drip,26.8,13.0,Rice,56.33
Region_C,Loam,5.82,1062.6,29.1,75.5,279.8,Sprinkler,3.6,8.9,Wheat,175.91
Region_B,Sandy,6.15,833.8,19.8,60.5,203.0,Rainfed,32.3,24.3,Barley,130.87
Region_A,Sandy,6.73,1484.6,20.6,82.3,188.5,Flood,19.3,10.5,Wheat,145.3
Region_C,Loam,6.15,693.9,30.9,63.9,95.1,Flood,29.3,11.0,No_Previous_Crop,75.44
Region_A,Loam,6.33,1131.7,32.0,73.1,284.5,Rainfed,30.7,18.3,Rice,175.28
Region_B,Clay,7.22,1028.0,33.9,81.2,74.6,Rainfed,39.5,21.7,Wheat,73.87
Region_A,Loam,6.68,438.2,30.7,49.9,158.1,Drip,28.2,22.5,Maize,105.67
Region_A,Sandy,6.72,360.7,19.3,81.9,64.5,Flood,45.1,22.0,Wheat,51.11
Region_B,Sandy,5.57,950.1,29.3,39.6,225.6,Rainfed,36.4,23.4,Barley,151.81
Region_A,Loam,6.94,247.4,25.9,61.6,93.6,Sprinkler,45.8,12.0,No_Previous_Crop,65.31
Region_B,Loam,5.84,579.6,19.9,67.5,98.1,Drip,8.8,22.4,No_Previous_Crop,65.78
Region_D,Loam,6.38,1047.8,27.2,75.0,232.6,Drip,34.3,21.3,Rice,151.65
Region_D,Loam,7.17,1262.9,29.8,81.9,126.4,Rainfed,44.5,12.9,Rice,102.9
Region_D,Clay,7.41,739.9,16.7,89.0,264.8,Rainfed,14.0,19.4,No_Previous_Crop,159.92
Region_C,Sandy,6.3,426.0,20.3,61.0,184.9,Sprinkler,14.9,12.3,Wheat,102.34
Region_C,Clay,6.12,320.4,19.3,90.0,287.6,Sprinkler,39.8,22.2,Wheat,151.78
Region_D,Loam,5.92,928.5,24.5,72.7,255.6,Sprinkler,35.4,25.0,Maize,171.23
Region_A,Clay,5.82,562.8,22.0,52.6,252.7,Rainfed,18.2,9.9,Rice,137.79
Region_C,Sandy,6.2,513.7,23.6,30.3,77.6,Flood,34.0,10.1,Rice,49.41
Region_B,Loam,6.93,1107.7,16.2,79.7,254.2,Rainfed,28.6,16.0,Barley,162.29
Region_D,Loam,5.83,1447.0,33.7,65.2,199.4,Flood,27.5,15.1,Rice,154.39
Region_D,Loam,7.49,816.5,29.8,30.0,120.2,Drip,15.4,12.2,Wheat,94.01
Region_A,Sandy,6.29,795.4,29.5,40.9,268.2,Drip,35.2,17.5,No_Previous_Crop,157.46
Region_D,Clay,5.75,937.1,22.3,76.1,227.3,Sprinkler,8.9,14.6,Maize,145.49
Region_D,Clay,6.54,882.2,16.3,49.6,271.0,Sprinkler,11.6,24.3,Maize,171.96
Region_A,Clay,5.9,1438.4,16.6,43.1,63.3,Rainfed,9.5,9.7,Barley,82.4
Region_B,Sandy,6.32,1186.4,21.5,64.7,297.3,Sprinkler,15.7,9.9,Barley,175.56
Region_A,Loam,7.06,1055.9,19.5,46.7,279.1,Sprinkler,3.6,14.6,No_Previous_Crop,177.02
Region_B,Loam,6.78,700.9,24.5,66.8,281.8,Flood,34.1,5.8,No_Previous_Crop,171.68
Region_D,Sandy,6.31,802.1,19.7,50.1,110.0,Drip,21.4,18.7,Maize,82.19
Region_D,Sandy,5.96,789.6,27.2,72.9,170.4,Drip,44.9,5.3,Maize,105.04
Region_C,Clay,5.96,729.8,24.4,75.6,186.9,Drip,16.5,8.6,Barley,127.64
Region_B,Clay,6.13,1189.9,21.8,48.6,133.4,Drip,2.2,9.0,Rice,109.33
Region_A,Sandy,6.98,792.3,34.8,47.2,88.1,Rainfed,44.7,5.1,Maize,83.76
Region_B,Sandy,6.01,1289.1,16.1,53.8,163.2,Drip,8.2,22.0,Rice,112.84
Region_D,Loam,7.04,853.1,17.8,69.3,223.8,Rainfed,32.5,11.3,Maize,139.46
Region_D,Sandy,6.55,1077.5,34.9,68.5,294.3,Sprinkler,41.5,23.5,Maize,177.62
Region_C,Loam,5.73,546.3,22.3,42.8,113.5,Drip,42.0,13.1,No_Previous_Crop,75.61
Region_A,Loam,7.28,341.0,33.3,72.0,54.4,Sprinkler,23.2,13.4,Rice,45.17
Region_A,Loam,6.05,817.7,17.3,80.8,283.7,Rainfed,45.5,10.6,Wheat,167.5
Region_C,Loam,6.67,1386.8,26.6,46.5,132.5,Sprinkler,0.9,8.6,Maize,106.55
Region_C,Clay,7.38,239.3,32.7,60.4,200.8,Rainfed,31.1,6.1,Wheat,111.73
Region_D,Loam,5.59,996.6,26.3,39.1,73.6,Flood,47.2,22.6,Wheat,73.46
Region_B,Clay,6.73,996.9,26.5,32.5,185.7,Drip,17.4,22.0,Maize,130.39
Region_D,Clay,7.2,844.5,18.2,41.5,276.7,Flood,10.2,11.6,Rice,155.04
Region_D,Clay,5.82,313.5,22.3,63.0,145.0,Sprinkler,6.6,18.0,Rice,90.94
Region_A,Sandy,6.8,1280.2,32.7,69.4,175.2,Drip,48.5,14.8,Maize,134.81
Region_C,Clay,7.13,995.8,30.9,68.4,56.5,Sprinkler,49.2,5.9,Maize,64.03
Region_D,Sandy,6.73,1458.2,24.4,76.7,258.6,Sprinkler,44.8,14.1,Maize,177.95
Region_A,Clay,6.62,432.3,30.9,62.8,184.6,Flood,11.9,5.2,Wheat,107.85
Region_C,Clay,6.46,1088.3,15.3,74.8,246.2,Drip,33.1,23.7,Maize,156.12
Region_D,Clay,7.15,209.8,26.6,76.3,59.7,Drip,13.9,9.5,Rice,40.0
Region_A,Sandy,7.15,213.5,26.1,53.9,123.7,Flood,31.3,24.6,Rice,77.95
Region_B,Clay,6.96,1091.9,21.4,83.6,206.9,Sprinkler,39.8,9.7,Barley,137.0
Region_C,Sandy,6.26,1096.5,22.5,75.2,238.4,Drip,6.7,16.6,No_Previous_Crop,158.25
Region_D,Clay,6.76,1310.6,17.2,51.6,66.5,Drip,13.2,22.4,Barley,71.28
Region_A,Clay,7.47,207.1,25.0,40.3,71.9,Rainfed,25.7,12.1,Wheat,47.02
Region_D,Loam,6.37,790.2,22.4,59.5,74.2,Rainfed,9.1,14.2,No_Previous_Crop,66.0
Region_D,Loam,6.44,1140.5,26.3,79.3,272.5,Sprinkler,27.0,5.3,No_Previous_Crop,176.75
Region_C,Clay,7.3,977.5,31.4,34.2,184.4,Drip,33.8,21.1,Maize,121.14
Region_A,Sandy,7.15,1330.8,29.4,72.4,267.1,Drip,40.5,12.2,Maize,173.99
Region_A,Loam,6.33,909.7,21.2,88.4,216.3,Rainfed,43.7,21.7,Barley,140.13
Region_B,Loam,5.82,1267.6,16.6,47.8,55.0,Drip,37.0,9.5,No_Previous_Crop,71.9
Region_A,Sandy,7.26,475.6,25.3,78.6,282.6,Flood,0.5,5.8,Wheat,156.51
Region_C,Loam,6.02,1091.9,28.6,44.4,66.2,Drip,0.1,12.6,Rice,63.04
Region_C,Loam,5.55,821.2,16.8,79.4,252.8,Drip,45.7,7.6,Maize,158.0
Region_D,Clay,6.38,383.9,33.0,77.9,105.3,Sprinkler,46.1,21.4,Barley,68.92
Region_C,Clay,6.06,1169.3,24.1,76.6,217.3,Sprinkler,8.8,11.7,Wheat,146.04
Region_D,Sandy,7.48,683.5,28.9,82.8,186.7,Sprinkler,13.2,20.3,No_Previous_Crop,130.56
Region_A,Loam,6.59,1356.2,28.3,40.8,166.7,Flood,16.7,16.9,No_Previous_Crop,117.1
Region_B,Sandy,7.34,976.4,23.3,87.6,173.5,Flood,12.7,15.6,Barley,127.27
Region_D,Clay,6.48,1483.5,28.8,65.5,87.4,Flood,49.0,6.2,Wheat,96.56
Region_B,Loam,7.38,1477.3,17.5,36.4,220.8,Drip,15.9,17.3,Maize,161.07
Region_D,Loam,5.51,1088.9,23.0,56.5,142.4,Flood,8.6,9.8,Wheat,102.99
Region_B,Sandy,6.48,1268.8,32.1,63.3,135.7,Rainfed,12.1,10.9,Barley,107.99
Region_D,Loam,6.32,323.2,31.1,35.7,130.8,Flood,39.7,16.0,Maize,87.7
Region_C,Sandy,7.28,1269.1,20.6,88.7,145.0,Rainfed,15.7,20.4,Wheat,117.62
Region_B,Sandy,6.75,483.1,19.5,85.0,197.1,Drip,49.3,15.4,Maize,117.93
Region_D,Loam,5.8,823.1,27.5,86.9,172.9,Drip,20.8,6.1,Wheat,121.23
Region_D,Clay,5.59,1164.7,26.7,78.6,172.0,Rainfed,16.2,8.0,No_Previous_Crop,128.11
Region_C,Clay,6.58,484.2,27.0,69.6,255.3,Sprinkler,46.2,6.3,No_Previous_Crop,151.12
Region_C,Loam,6.55,1217.1,22.9,67.5,257.6,Rainfed,29.6,6.2,Rice,167.68
Region_B,Sandy,7.28,741.8,17.5,35.7,101.9,Flood,34.1,6.2,Maize,67.9
Region_B,Loam,5.55,1051.8,32.9,89.2,165.9,Flood,26.6,18.2,Maize,120.96
Region_C,Sandy,6.79,653.9,16.9,47.3,202.0,Rainfed,30.4,12.7,Rice,121.71
Region_C,Sandy,6.73,1048.0,30.2,50.0,267.5,Sprinkler,35.2,15.8,Maize,170.2
Region_B,Loam,6.56,1028.3,33.3,65.8,268.7,Flood,37.8,7.9,No_Previous_Crop,174.69
Region_C,Sandy,6.53,967.8,16.2,34.2,67.5,Sprinkler,33.2,13.2,Barley,63.02
Region_C,Clay,5.61,560.4,18.7,48.6,280.0,Flood,34.1,10.1,Maize,161.23
Region_B,Loam,7.3,572.7,21.2,50.3,151.3,Rainfed,30.5,8.3,Wheat,98.14
Region_A,Sandy,7.49,1464.3,16.0,86.5,223.0,Flood,48.7,8.1,Barley,153.45
Region_B,Sandy,7.26,495.3,16.9,82.2,197.7,Flood,19.3,17.4,Barley,120.32
Region_B,Sandy,7.45,655.1,20.0,82.9,147.5,Rainfed,46.4,12.9,Maize,95.64
Region_A,Sandy,6.27,957.9,15.9,63.0,144.5,Flood,25.0,7.7,No_Previous_Crop,104.08
Region_C,Sandy,6.05,1215.3,34.0,68.8,252.6,Drip,19.7,8.0,Barley,166.61
Region_C,Sandy,7.44,296.7,29.5,33.6,55.6,Sprinkler,39.6,13.3,Maize,36.15
Region_A,Clay,7.13,1286.0,22.3,34.7,201.3,Sprinkler,20.4,5.4,Maize,145.13
Region_C,Clay,6.12,810.4,20.5,59.9,165.5,Sprinkler,9.0,5.7,Wheat,112.35
Region_C,Clay,6.86,209.5,34.3,72.3,254.7,Drip,3.6,9.8,Maize,136.11
Region_B,Clay,7.09,285.8,29.1,35.4,250.3,Rainfed,28.8,21.5,Rice,142.83
Region_C,Loam,6.84,236.6,31.2,34.6,57.5,Drip,10.9,19.4,Rice,43.1
Region_A,Loam,7.31,510.4,19.5,88.7,151.8,Drip,16.7,17.3,No_Previous_Crop,86.88
Region_D,Sandy,6.85,1210.8,22.9,84.9,61.0,Sprinkler,15.3,12.3,No_Previous_Crop,73.07
Region_A,Clay,7.24,887.9,28.5,53.0,60.8,Flood,48.4,12.8,Wheat,63.55
Region_C,Loam,7.24,562.0,23.8,43.5,281.2,Flood,7.9,20.2,Rice,160.07
Region_D,Loam,6.22,1325.8,17.7,62.3,259.5,Drip,48.2,7.5,Rice,169.58
Region_B,Sandy,6.74,604.7,26.6,88.5,245.7,Drip,28.4,14.8,Maize,149.54
Region_D,Sandy,6.4,727.9,21.3,56.1,98.2,Flood,31.3,15.1,Wheat,82.35
Region_C,Sandy,6.23,227.8,17.5,68.5,295.6,Flood,39.0,9.8,Maize,161.4
Region_C,Sandy,6.46,1128.2,34.9,64.7,262.6,Drip,37.3,16.7,Rice,174.28
Region_A,Loam,7.0,520.2,20.3,73.7,296.4,Rainfed,18.2,16.5,No_Previous_Crop,162.57
Region_D,Clay,5.65,1321.5,20.8,75.2,179.8,Flood,38.4,8.1,Maize,143.76
Region_D,Sandy,6.82,965.7,34.6,41.5,84.3,Sprinkler,22.5,10.9,No_Previous_Crop,65.74
Region_C,Loam,5.86,1032.9,17.2,70.1,116.0,Flood,28.3,18.0,Barley,85.48
Region_C,Loam,7.38,797.4,33.1,37.6,237.4,Flood,45.2,8.9,Rice,152.38
Region_B,Sandy,6.17,892.9,19.1,53.9,110.6,Rainfed,44.5,6.9,Barley,83.3
Region_A,Sandy,7.28,470.1,30.4,71.8,140.4,Flood,23.9,11.7,Barley,87.73
Region_A,Sandy,6.39,908.8,25.2,88.0,265.9,Sprinkler,36.9,17.0,Rice,165.59
Region_D,Loam,6.5,640.2,18.1,40.6,265.8,Flood,21.2,23.9,No_Previous_Crop,152.13
Region_B,Clay,6.99,1484.0,29.1,79.5,270.3,Rainfed,25.1,5.0,Barley,177.72
Region_B,Loam,6.41,1108.9,25.4,30.5,251.8,Drip,6.8,18.1,Rice,160.21
Region_B,Clay,6.93,1155.9,20.9,76.3,230.5,Sprinkler,47.5,21.9,Rice,160.85
Region_C,Loam,7.01,337.3,29.6,34.3,96.4,Sprinkler,1.4,22.3,Rice,56.3
Region_D,Loam,5.58,563.9,29.3,67.0,103.4,Rainfed,18.7,11.5,Barley,66.47
Region_B,Loam,6.38,1463.9,33.8,44.6,149.9,Sprinkler,31.1,21.2,Rice,117.53
Region_C,Sandy,5.97,278.0,27.3,48.0,144.3,Drip,9.2,22.8,Barley,83.82
Region_B,Clay,6.58,1198.6,28.4,75.8,284.7,Sprinkler,44.6,7.8,Rice,181.67
Region_B,Sandy,6.45,795.3,33.2,45.8,51.8,Rainfed,37.3,18.4,Wheat,54.21
Region_A,Sandy,5.96,1389.4,26.3,86.4,247.2,Flood,34.0,8.0,Maize,171.48
Region_A,Sandy,6.49,854.1,21.9,89.0,291.8,Sprinkler,12.6,20.0,Maize,184.48
Region_B,Sandy,6.51,456.7,25.5,58.1,263.3,Sprinkler,29.0,9.1,No_Previous_Crop,157.44
Region_B,Clay,7.31,1458.2,34.7,77.5,152.2,Drip,1.4,22.8,Maize,134.16
Region_C,Clay,6.66,1261.6,33.7,49.2,119.2,Drip,19.6,16.1,Rice,105.44
Region_C,Clay,6.06,372.4,34.7,74.0,207.7,Drip,8.0,10.8,Maize,127.11
Region_A,Sandy,6.51,628.6,26.2,62.7,166.5,Flood,9.9,14.8,Maize,109.39
Region_A,Clay,6.92,1077.2,31.8,38.0,264.0,Drip,43.8,19.4,No_Previous_Crop,168.28
Region_A,Loam,5.5,358.3,29.5,84.4,265.5,Rainfed,47.6,22.8,Maize,148.46
Region_A,Clay,7.38,1264.5,31.8,52.3,113.7,Flood,2.3,23.3,No_Previous_Crop,101.13
Region_C,Sandy,5.64,1388.8,28.2,74.7,278.6,Rainfed,14.6,19.2,Barley,184.37
Region_D,Loam,6.78,1201.5,15.6,73.0,224.5,Flood,24.1,11.7,Maize,155.17
Region_C,Loam,7.47,948.0,26.7,80.2,284.9,Rainfed,29.4,22.2,Rice,173.09
Region_B,Clay,6.99,872.6,21.7,81.8,266.5,Drip,28.5,16.4,No_Previous_Crop,166.84
Region_D,Sandy,6.94,877.9,27.6,30.0,137.5,Drip,34.4,10.0,Wheat,108.63
Region_C,Loam,5.54,1096.1,28.5,68.4,279.2,Sprinkler,28.7,8.5,Barley,192.57
Region_A,Sandy,6.83,1063.9,27.0,45.5,137.0,Rainfed,41.5,14.4,Maize,104.16
Region_B,Sandy,6.37,518.7,27.7,46.8,68.3,Rainfed,11.6,23.0,Wheat,61.81
Region_C,Clay,7.21,978.0,32.9,50.4,69.1,Sprinkler,43.1,22.5,Barley,69.59
Region_A,Sandy,5.92,1131.2,27.3,36.3,255.7,Sprinkler,26.6,24.9,Wheat,173.05
Region_B,Sandy,7.47,1073.8,20.4,45.4,273.5,Rainfed,42.2,17.1,Wheat,171.31
Region_A,Clay,7.2,970.8,20.8,83.5,224.5,Flood,45.5,7.5,No_Previous_Crop,143.96
Region_D,Clay,7.26,1322.2,34.9,79.1,272.6,Rainfed,17.7,19.5,Barley,189.76
Region_A,Loam,5.84,484.4,20.1,77.6,154.8,Drip,20.3,24.8,Rice,93.05
Region_D,Sandy,7.06,912.3,17.7,75.2,271.2,Rainfed,7.1,21.0,Barley,166.66
Region_D,Sandy,6.07,959.1,20.1,81.2,218.3,Sprinkler,41.1,17.6,Rice,145.7
Region_D,Sandy,6.63,481.1,28.5,66.3,188.6,Flood,9.7,7.4,Rice,112.74
Region_A,Clay,6.35,1186.2,30.8,86.3,207.7,Sprinkler,12.5,10.1,Wheat,137.48
Region_C,Loam,6.41,278.2,20.5,52.7,265.3,Flood,7.9,17.1,No_Previous_Crop,158.17
Region_A,Sandy,6.29,670.2,18.4,52.5,54.2,Drip,3.9,9.2,Barley,51.72
Region_D,Loam,7.04,396.1,28.0,43.1,207.6,Rainfed,20.1,20.6,Rice,136.15
Region_A,Loam,6.23,1242.0,32.3,31.3,65.0,Sprinkler,36.9,12.8,Barley,82.09
Region_B,Clay,5.94,1406.1,28.4,81.9,257.4,Rainfed,33.5,14.8,Wheat,182.16
Region_B,Sandy,6.6,360.8,34.0,89.0,212.9,Drip,28.6,11.0,Rice,118.49
Region_C,Sandy,6.01,1017.9,25.9,50.6,123.0,Drip,18.7,19.9,Rice,97.22
Region_B,Loam,5.69,328.8,27.2,50.6,220.9,Flood,20.6,12.8,Wheat,137.69
Region_C,Clay,6.28,988.3,17.1,68.7,281.7,Rainfed,0.8,17.5,Rice,175.23
Region_D,Sandy,6.66,841.8,32.3,73.1,217.5,Drip,6.6,23.2,Wheat,143.38
Region_B,Clay,6.59,287.7,24.4,86.5,169.6,Sprinkler,35.8,11.1,No_Previous_Crop,89.85
Region_C,Clay,5.81,1081.4,24.3,56.0,213.0,Flood,26.8,14.4,Rice,146.6
Region_C,Loam,7.47,1303.0,18.8,65.1,106.3,Flood,12.7,11.6,Rice,106.29
Region_D,Clay,7.47,1011.6,24.4,34.0,272.0,Flood,4.4,22.7,Maize,167.91
Region_C,Loam,5.51,1330.0,19.9,58.8,77.5,Rainfed,19.3,8.0,No_Previous_Crop,80.69
Region_B,Sandy,6.77,1089.8,19.5,84.1,242.1,Drip,26.7,6.3,Wheat,155.05
Region_A,Clay,7.18,1104.4,27.8,81.4,67.2,Flood,31.3,18.0,Rice,79.41
Region_B,Loam,7.34,337.9,23.3,85.2,63.1,Sprinkler,5.6,23.0,Rice,47.99
Region_D,Clay,6.22,1370.7,18.0,40.1,189.8,Drip,41.9,7.4,Wheat,143.03
Region_D,Clay,7.21,1345.5,35.0,64.2,190.5,Drip,33.7,7.8,Rice,146.08
Region_A,Loam,7.31,1172.2,25.6,32.1,226.6,Rainfed,50.0,5.3,Barley,155.12
Region_B,Loam,6.39,919.0,29.3,56.9,175.0,Flood,16.5,22.1,No_Previous_Crop,128.74
Region_C,Clay,6.16,803.4,32.5,76.9,186.8,Flood,15.5,20.6,Rice,119.56
Region_C,Loam,6.02,1012.1,31.5,73.4,258.4,Flood,44.6,21.8,Maize,170.32
Region_A,Clay,7.41,590.1,30.2,43.2,230.8,Flood,39.2,13.5,Maize,142.84
Region_A,Sandy,6.87,1037.0,23.3,33.7,103.3,Drip,16.0,21.5,Wheat,80.63
Region_A,Sandy,7.19,1061.6,17.2,85.9,276.6,Drip,14.8,11.7,No_Previous_Crop,181.99
Region_A,Loam,6.4,957.7,34.4,44.2,199.1,Rainfed,11.9,13.6,Rice,137.54
Region_D,Clay,5.52,800.3,30.4,73.1,195.4,Sprinkler,31.0,12.7,No_Previous_Crop,124.08
Region_B,Sandy,6.58,457.4,24.6,69.9,285.5,Rainfed,23.2,10.8,Maize,157.87
Region_C,Loam,6.08,1234.7,25.3,74.5,255.0,Drip,41.4,23.1,Barley,171.7
Region_D,Clay,6.45,1325.2,22.9,54.6,239.2,Drip,21.2,9.9,Maize,173.67
Region_A,Clay,6.52,1459.7,18.1,52.5,115.4,Sprinkler,0.6,17.4,Wheat,99.33
Region_A,Loam,7.31,1075.2,24.7,41.0,278.9,Drip,26.8,10.6,No_Previous_Crop,180.67
Region_C,Loam,6.88,377.8,27.9,76.4,273.9,Rainfed,44.7,6.8,Barley,157.08
Region_A,Clay,5.8,1244.8,16.2,36.0,75.1,Rainfed,38.5,10.9,Maize,74.61
Region_D,Sandy,5.88,1113.6,20.6,47.0,88.1,Flood,1.6,18.0,No_Previous_Crop,80.26
Region_A,Loam,7.24,284.2,33.4,44.5,118.0,Flood,16.0,10.8,Maize,75.5
Region_C,Loam,5.97,763.9,22.7,31.5,179.3,Drip,15.8,9.1,Maize,118.42
Region_C,Sandy,6.4,1345.5,21.4,79.4,96.8,Sprinkler,35.8,14.3,No_Previous_Crop,88.04
Region_B,Clay,6.15,857.0,29.8,70.6,117.2,Sprinkler,34.4,23.8,Rice,90.61
Region_B,Sandy,5.72,746.6,30.0,66.8,214.7,Sprinkler,47.8,8.5,Wheat,136.01
Region_C,Loam,6.65,1353.5,19.0,68.9,275.0,Sprinkler,22.6,21.7,No_Previous_Crop,171.54
Region_D,Clay,7.15,277.1,34.9,76.1,150.4,Rainfed,22.7,7.4,No_Previous_Crop,94.77
Region_B,Clay,6.72,1429.3,28.6,53.8,129.8,Flood,16.4,12.5,No_Previous_Crop,118.07
Region_A,Loam,6.89,1113.2,34.9,44.7,248.3,Flood,44.8,11.8,No_Previous_Crop,163.04
Region_D,Loam,6.8,1050.5,23.4,55.1,62.2,Flood,43.9,7.4,No_Previous_Crop,65.47
Region_B,Clay,7.49,595.2,15.1,64.9,280.0,Flood,15.5,12.8,Barley,168.22
Region_B,Loam,5.66,355.2,21.7,51.3,161.6,Flood,31.3,23.4,Rice,100.07
Region_C,Loam,7.05,646.4,18.7,74.6,136.8,Flood,46.1,15.6,Rice,89.27
Region_B,Loam,5.75,614.1,30.7,66.1,181.6,Sprinkler,20.2,21.4,Rice,116.71
Region_D,Sandy,7.02,374.0,32.7,84.5,172.9,Sprinkler,10.9,20.0,No_Previous_Crop,109.07
Region_D,Sandy,6.87,613.7,24.0,83.6,114.4,Rainfed,8.5,5.0,No_Previous_Crop,78.59
Region_C,Clay,6.82,979.2,22.3,72.6,138.9,Rainfed,14.7,7.0,Rice,96.2
Region_C,Sandy,7.12,634.4,17.1,58.2,247.2,Flood,2.4,14.7,Wheat,137.7
Region_A,Sandy,7.07,1110.3,18.5,45.0,220.4,Rainfed,48.8,11.7,Rice,145.44
Region_A,Loam,7.07,799.3,31.6,54.6,266.7,Flood,42.0,22.4,Maize,162.31
Region_D,Sandy,7.38,1124.8,16.7,43.1,211.6,Rainfed,0.1,11.2,Barley,143.3
Region_D,Sandy,7.3,1088.8,21.7,39.2,248.8,Flood,16.3,15.2,Barley,160.84
Region_B,Clay,5.64,787.9,27.6,84.9,233.8,Sprinkler,6.4,15.7,Rice,147.27
Region_A,Clay,6.14,397.3,15.6,55.2,262.1,Flood,18.1,22.4,Rice,145.84
Region_B,Loam,6.37,795.9,21.3,65.0,280.1,Drip,37.7,14.8,No_Previous_Crop,173.97
Region_B,Clay,6.49,1450.2,24.4,42.0,234.9,Sprinkler,31.4,23.4,Wheat,153.04
Region_A,Sandy,7.38,1272.0,19.1,68.2,52.9,Drip,48.1,9.5,Wheat,68.05
Region_A,Loam,7.26,1333.4,25.2,36.5,86.5,Flood,35.4,9.6,No_Previous_Crop,93.04
Region_B,Sandy,5.74,1437.6,27.1,67.3,298.0,Drip,18.7,12.2,No_Previous_Crop,205.23
Region_B,Sandy,7.22,1153.4,34.1,63.8,179.3,Flood,38.6,5.3,Wheat,132.12
Region_B,Clay,5.93,1110.6,30.0,81.7,125.7,Sprinkler,36.6,10.0,Barley,107.57
Region_C,Loam,6.07,1004.6,24.2,60.7,295.2,Drip,25.6,9.7,No_Previous_Crop,180.13
Region_A,Sandy,6.68,1195.6,32.0,74.2,298.1,Drip,22.0,20.4,No_Previous_Crop,182.81
Region_D,Clay,7.07,760.2,16.7,77.2,207.2,Drip,27.0,20.9,Maize,131.33
Region_C,Loam,7.19,885.2,17.6,60.3,169.5,Flood,6.7,12.5,No_Previous_Crop,112.44
Region_B,Sandy,6.69,526.1,30.2,30.5,103.5,Drip,38.8,12.9,No_Previous_Crop,76.88
Region_B,Clay,6.05,1399.4,17.9,78.5,276.8,Drip,21.3,5.8,Barley,190.75
Region_A,Clay,6.96,766.3,26.5,46.9,106.3,Flood,4.6,17.2,Wheat,77.92
Region_A,Sandy,5.62,883.4,22.0,30.8,258.5,Sprinkler,9.5,16.9,Rice,165.46
Region_B,Loam,7.14,564.8,20.2,68.3,158.9,Rainfed,4.5,11.1,Maize,88.14
Region_C,Clay,6.2,314.3,22.6,47.4,181.8,Drip,7.4,15.9,Rice,106.59
Region_C,Clay,7.19,750.3,22.2,41.1,126.9,Drip,36.6,14.8,Barley,90.05
Region_A,Loam,7.23,363.0,23.2,65.1,256.5,Flood,35.7,17.5,Maize,149.11
Region_C,Clay,5.82,991.6,28.4,54.6,143.1,Rainfed,36.5,7.2,Rice,115.3
Region_C,Clay,6.0,739.6,34.1,44.3,94.8,Flood,11.0,18.8,Wheat,68.37
Region_D,Clay,6.37,537.1,23.4,36.5,85.0,Drip,4.5,18.6,Wheat,69.78
Region_C,Sandy,6.8,775.0,15.2,53.8,289.2,Drip,45.6,17.6,No_Previous_Crop,171.63
Region_C,Loam,6.97,1323.2,17.5,84.1,167.6,Flood,40.7,14.6,Barley,126.35
Region_B,Loam,6.83,800.8,17.1,72.6,204.3,Drip,17.3,15.1,Maize,129.54
Region_A,Loam,5.95,376.6,22.7,56.8,198.5,Drip,1.9,17.3,Maize,112.66
Region_A,Clay,5.65,1416.0,25.9,43.8,76.4,Rainfed,15.4,11.2,Barley,96.22
Region_D,Sandy,7.43,1387.6,19.7,50.6,113.7,Rainfed,45.4,15.2,Rice,103.89
Region_B,Loam,7.18,1149.2,17.0,90.0,99.7,Drip,39.8,8.5,Barley,89.75
Region_D,Clay,6.67,610.5,26.2,68.5,167.2,Sprinkler,44.1,17.7,Rice,104.18
Region_B,Loam,6.54,900.7,28.9,85.5,66.9,Drip,41.9,6.4,Barley,60.9
Region_C,Loam,6.17,1062.0,16.8,30.5,264.6,Flood,35.2,19.4,Barley,167.86
Region_A,Sandy,6.76,755.8,16.9,60.4,177.0,Sprinkler,10.3,9.3,Maize,119.45
Region_B,Sandy,5.78,735.2,25.1,35.7,249.9,Flood,31.7,15.2,Rice,155.59
Region_D,Loam,6.3,820.5,30.0,44.5,149.1,Drip,2.7,9.8,Rice,103.0
Region_C,Clay,6.5,431.8,20.5,54.2,153.8,Sprinkler,22.6,13.8,Wheat,86.41
Region_C,Sandy,6.69,370.8,16.0,42.9,127.5,Drip,16.2,19.1,No_Previous_Crop,78.62
Region_C,Sandy,7.08,1423.5,28.0,41.4,87.2,Drip,7.6,15.0,Wheat,94.18
Region_D,Sandy,6.25,353.2,19.3,81.7,181.0,Sprinkler,7.8,14.3,Maize,104.6
Region_A,Clay,7.17,1237.3,23.0,89.4,89.5,Drip,40.3,7.0,No_Previous_Crop,87.34
Region_D,Clay,6.96,1481.6,27.6,61.7,125.2,Rainfed,37.4,20.7,No_Previous_Crop,117.28
Region_C,Clay,7.3,557.2,23.5,40.6,170.5,Rainfed,19.0,8.9,Maize,110.02
Region_A,Clay,6.94,258.3,26.6,69.5,221.2,Drip,30.7,17.4,Wheat,123.78
Region_A,Loam,5.93,419.0,31.9,48.8,251.6,Drip,27.6,6.6,Barley,143.55
Region_C,Clay,5.65,550.3,15.4,44.9,257.9,Drip,38.9,22.4,Barley,139.9
Region_C,Sandy,6.8,976.3,25.6,85.0,187.2,Sprinkler,43.6,9.8,Wheat,134.62
Region_C,Sandy,5.91,925.7,20.3,83.2,171.7,Sprinkler,2.7,9.4,No_Previous_Crop,113.69
Region_A,Sandy,6.2,943.6,27.1,53.3,218.4,Flood,47.5,11.3,Barley,143.64
Region_A,Loam,5.68,1259.5,23.7,88.5,127.8,Drip,38.0,15.8,Barley,102.57
Region_D,Clay,6.14,899.1,16.1,49.4,243.6,Rainfed,2.7,11.6,Wheat,152.08
Region_D,Sandy,7.29,1242.2,23.5,46.9,178.3,Drip,32.4,15.4,Wheat,130.21
Region_D,Loam,7.18,559.5,32.0,87.8,80.9,Drip,48.7,20.0,Wheat,55.42
Region_C,Clay,5.77,209.6,31.2,86.0,201.8,Flood,31.9,12.0,Rice,112.62
Region_B,Clay,7.18,1050.3,21.4,67.0,267.6,Drip,35.9,6.9,Maize,171.0
Region_A,Loam,6.02,1156.5,21.6,88.4,282.4,Drip,16.2,14.6,Maize,187.24
Region_D,Loam,7.24,976.6,20.9,83.8,279.9,Drip,35.6,24.5,No_Previous_Crop,168.13
Region_B,Sandy,6.65,201.1,22.7,77.9,190.7,Flood,27.3,7.7,No_Previous_Crop,100.87
Region_B,Sandy,7.45,577.1,22.7,42.5,193.9,Sprinkler,14.3,13.6,Rice,116.92
Region_A,Clay,6.91,1394.7,28.7,55.3,157.2,Drip,28.4,9.9,Rice,122.85
Region_D,Loam,6.13,837.6,25.2,73.8,61.9,Drip,18.2,8.7,Maize,66.46
Region_D,Loam,6.75,229.9,23.6,74.0,253.7,Rainfed,0.2,21.2,No_Previous_Crop,140.82
Region_D,Loam,7.16,1215.1,32.9,80.5,208.6,Sprinkler,36.8,17.5,No_Previous_Crop,150.63
Region_A,Sandy,6.43,230.0,30.5,62.0,88.3,Sprinkler,36.5,7.1,Maize,56.37
Region_D,Loam,6.7,506.7,18.1,65.7,161.3,Sprinkler,28.7,6.4,Barley,96.72
Region_C,Clay,5.86,825.4,30.0,32.5,147.9,Rainfed,0.5,6.3,Wheat,105.71
Region_C,Sandy,6.41,731.3,28.8,78.2,180.1,Flood,45.7,16.6,Rice,119.71
Region_B,Loam,5.82,1191.3,18.9,89.6,258.2,Sprinkler,25.6,22.1,Rice,165.72
Region_D,Loam,5.96,1177.6,17.3,37.5,122.5,Rainfed,16.5,17.9,No_Previous_Crop,106.45
Region_D,Clay,6.3,683.2,28.7,64.4,194.4,Flood,36.2,20.6,Wheat,128.77
Region_A,Sandy,6.96,202.0,23.8,44.2,286.1,Sprinkler,7.1,17.6,Barley,160.71
Region_C,Sandy,6.5,1231.5,22.5,73.7,269.0,Flood,44.8,16.3,No_Previous_Crop,175.15
Region_A,Sandy,6.78,670.1,16.8,87.7,253.8,Drip,14.2,19.9,Wheat,144.41
Region_B,Clay,6.8,1073.1,30.2,59.9,64.9,Sprinkler,12.3,22.9,Barley,57.83
Region_A,Sandy,5.69,485.7,21.2,59.8,266.2,Drip,27.0,23.7,Maize,147.85
Region_C,Sandy,5.94,213.1,21.8,56.8,128.9,Rainfed,49.2,19.1,Maize,76.4
Region_B,Loam,5.58,1173.6,23.1,86.5,76.7,Sprinkler,37.5,20.6,Barley,82.94
Region_B,Loam,5.78,769.9,30.0,38.9,280.5,Flood,16.9,25.0,Wheat,159.44
Region_C,Sandy,5.66,423.2,15.1,46.8,275.0,Rainfed,5.1,19.4,Barley,145.54
Region_A,Sandy,6.42,653.7,32.6,76.6,121.4,Rainfed,33.1,24.1,Barley,73.64
Region_D,Clay,7.31,756.5,31.5,43.5,161.9,Rainfed,39.9,14.0,Rice,105.18
Region_D,Sandy,6.15,623.2,21.9,74.9,121.3,Sprinkler,3.3,14.9,Rice,85.49
Region_C,Clay,7.46,452.8,33.7,89.7,60.1,Sprinkler,18.2,13.9,Barley,45.65
Region_D,Clay,6.99,651.9,15.2,50.7,274.1,Sprinkler,14.5,16.4,No_Previous_Crop,165.3
Region_A,Sandy,5.89,1323.9,23.4,60.5,182.3,Drip,27.8,24.1,No_Previous_Crop,126.08
Region_D,Loam,6.61,382.3,16.6,84.6,95.5,Sprinkler,36.2,15.7,Rice,62.41
Region_A,Sandy,7.25,270.9,26.5,32.6,178.1,Drip,23.7,12.9,Maize,99.53
Region_C,Sandy,5.76,1311.1,34.2,56.8,199.4,Drip,12.2,18.6,Rice,149.95
Region_D,Clay,5.65,1167.0,28.1,54.4,247.0,Flood,15.8,17.1,Barley,171.39
Region_C,Clay,6.68,1416.9,24.5,85.9,236.6,Sprinkler,26.2,8.5,Wheat,164.63
Region_C,Clay,6.16,1492.1,31.8,50.5,229.6,Sprinkler,32.3,6.5,Wheat,162.81
Region_B,Loam,5.98,1342.2,27.6,38.5,246.3,Flood,3.4,9.6,No_Previous_Crop,169.95
Region_A,Loam,7.3,239.5,26.7,57.5,230.3,Flood,44.1,9.3,Barley,135.56
Region_B,Clay,5.75,1107.0,27.7,50.2,80.0,Flood,16.8,24.6,Barley,71.73
Region_B,Loam,7.4,233.4,29.8,44.0,274.7,Sprinkler,5.6,8.0,Maize,150.36
Region_B,Clay,6.47,801.8,26.2,52.1,192.2,Rainfed,38.6,15.3,Barley,123.77
Region_C,Clay,5.69,408.1,24.1,47.1,270.6,Drip,43.4,7.7,Wheat,158.39
Region_D,Clay,5.7,1142.3,17.1,45.9,160.0,Sprinkler,40.8,7.0,Barley,105.72
Region_D,Sandy,6.81,322.8,17.3,40.1,171.6,Flood,48.3,19.3,Wheat,101.25
Region_C,Clay,6.09,1491.8,26.3,85.8,61.9,Drip,5.7,6.5,Rice,80.22
Region_A,Loam,6.88,381.0,16.2,48.2,278.9,Drip,8.5,23.3,Barley,161.69
Region_B,Loam,5.76,867.2,20.6,56.2,73.7,Flood,23.5,11.9,Rice,58.1
Region_B,Sandy,6.82,642.3,27.9,41.3,259.2,Drip,31.1,18.3,Wheat,164.76
Region_C,Sandy,7.44,1426.8,24.2,40.3,247.7,Drip,13.7,11.3,No_Previous_Crop,166.66
Region_A,Sandy,7.41,291.1,26.3,38.0,86.7,Rainfed,18.0,14.6,No_Previous_Crop,58.03
Region_B,Loam,6.32,819.0,26.4,47.7,89.3,Rainfed,48.6,24.2,Rice,72.07
Region_D,Sandy,6.62,992.6,21.2,37.5,252.5,Rainfed,40.2,5.6,No_Previous_Crop,166.42
Region_C,Clay,5.52,282.6,18.2,45.4,271.3,Sprinkler,41.1,13.0,Barley,151.68
Region_B,Sandy,6.95,645.1,33.2,72.5,126.4,Rainfed,37.2,24.9,No_Previous_Crop,74.51
Region_A,Loam,5.53,1138.8,25.8,40.2,80.7,Drip,34.4,17.7,Wheat,86.09
Region_D,Clay,5.54,920.9,31.8,46.3,221.4,Drip,36.4,20.4,Wheat,151.22
Region_A,Clay,6.58,1458.2,17.2,30.2,211.9,Flood,0.4,19.0,No_Previous_Crop,147.95
Region_C,Sandy,7.03,613.8,17.6,59.4,106.1,Sprinkler,37.6,5.4,Wheat,74.35
Region_B,Loam,5.74,1303.3,25.1,88.1,204.4,Sprinkler,9.8,24.9,Barley,155.9
Region_A,Loam,7.48,1243.4,22.3,40.9,139.4,Drip,43.9,6.0,Maize,106.71
Region_D,Sandy,5.98,1037.4,23.5,78.6,138.5,Rainfed,42.7,14.6,Wheat,107.58
Region_A,Sandy,6.52,628.3,16.2,60.5,130.4,Flood,5.7,23.2,Maize,82.44
Region_C,Clay,7.14,740.4,31.9,72.0,242.4,Drip,37.0,16.4,Wheat,153.87
Region_C,Sandy,6.83,302.6,21.3,51.1,171.6,Flood,15.0,13.3,Barley,106.67
Region_C,Sandy,6.14,1417.4,25.3,52.0,221.0,Drip,38.1,10.3,No_Previous_Crop,157.87
Region_B,Clay,6.79,1414.7,24.2,86.5,111.3,Rainfed,38.8,17.1,Wheat,105.69
Region_B,Clay,7.32,487.4,31.7,76.9,242.5,Sprinkler,1.6,7.3,No_Previous_Crop,144.03
Region_C,Clay,7.32,264.3,30.9,54.1,117.4,Flood,29.3,14.8,No_Previous_Crop,69.89
Region_D,Clay,5.6,1013.1,32.3,73.7,181.5,Sprinkler,25.0,7.0,Barley,132.78
Region_D,Loam,7.02,1447.4,27.5,87.5,63.9,Sprinkler,45.8,13.3,Rice,81.9
Region_D,Clay,5.63,937.1,23.3,49.4,222.1,Sprinkler,8.5,10.6,No_Previous_Crop,142.74
Region_C,Sandy,7.21,933.7,20.5,36.0,260.7,Sprinkler,3.6,17.8,No_Previous_Crop,161.88
Region_C,Sandy,6.31,899.9,33.9,48.9,252.8,Drip,30.7,23.6,No_Previous_Crop,158.47
Region_D,Clay,5.86,1484.8,22.5,30.6,181.3,Drip,3.3,7.1,Maize,139.7
Region_D,Loam,6.9,343.2,17.1,33.5,174.2,Rainfed,36.3,23.5,No_Previous_Crop,93.03
Region_C,Loam,5.91,743.7,24.7,68.4,120.7,Sprinkler,39.4,21.5,No_Previous_Crop,83.44
Region_B,Loam,6.95,545.7,33.7,62.8,216.4,Sprinkler,0.9,23.4,No_Previous_Crop,133.83
Region_C,Clay,7.27,732.9,18.1,52.9,255.5,Drip,5.2,24.4,Wheat,152.65
Region_A,Clay,6.0,967.4,17.7,40.3,126.1,Drip,19.2,19.3,Barley,97.05
Region_A,Clay,6.55,356.2,26.0,71.7,168.1,Rainfed,30.8,17.0,Barley,97.05
Region_B,Sandy,7.23,1226.7,23.1,87.2,232.5,Sprinkler,9.0,23.6,Maize,158.74
Region_C,Sandy,6.12,447.8,33.8,89.0,293.8,Drip,17.4,16.1,Rice,161.42
Region_D,Clay,5.66,659.1,18.1,61.4,80.4,Rainfed,32.0,5.6,Barley,53.77
Region_B,Clay,6.39,712.5,22.8,63.5,128.3,Rainfed,28.9,18.7,Barley,96.07
Region_D,Clay,7.36,459.4,25.3,54.6,227.3,Drip,13.3,5.5,Rice,134.05
Region_C,Clay,6.06,829.9,30.7,73.6,196.5,Flood,14.2,9.5,Wheat,128.83
Region_C,Clay,6.38,1289.2,18.1,41.7,241.3,Drip,27.9,17.8,Maize,162.51
Region_D,Clay,6.97,689.5,28.4,52.5,257.3,Sprinkler,27.5,16.3,Barley,153.74
Region_D,Clay,7.02,211.7,22.5,89.2,236.1,Rainfed,30.6,6.0,Barley,129.11
Region_D,Clay,7.35,380.7,32.4,67.4,133.5,Drip,46.5,22.2,Maize,79.28
Region_D,Loam,6.93,1411.8,15.4,47.3,246.1,Sprinkler,35.3,6.0,No_Previous_Crop,180.28
Region_D,Loam,6.45,229.1,17.8,69.5,75.7,Flood,44.7,15.0,Barley,43.76
Region_B,Loam,6.89,1103.9,18.9,85.1,107.4,Drip,27.1,16.7,Wheat,80.94
Region_C,Sandy,6.62,876.7,32.9,81.4,117.5,Rainfed,23.8,6.8,Rice,82.17
Region_D,Loam,5.59,612.2,24.5,39.2,153.6,Rainfed,10.7,12.5,Wheat,105.76
Region_C,Clay,6.5,762.4,34.9,81.9,86.5,Sprinkler,1.4,14.6,Wheat,72.43
Region_C,Sandy,5.92,992.2,33.5,66.5,258.7,Drip,19.1,12.6,Wheat,167.36
Region_A,Sandy,7.3,1360.9,22.6,32.3,67.9,Flood,23.7,5.6,Rice,84.81
Region_D,Sandy,5.69,946.7,20.1,69.4,282.1,Drip,40.7,5.9,Wheat,169.4
Region_A,Sandy,6.45,1004.1,30.7,49.1,138.4,Flood,2.4,19.2,Barley,116.64
Region_D,Loam,6.68,937.3,30.9,61.8,212.2,Sprinkler,15.0,11.9,Barley,145.1
Region_B,Loam,5.5,1488.4,30.7,49.3,293.2,Rainfed,26.9,16.8,Wheat,200.53
Region_D,Clay,5.72,566.5,21.0,84.5,292.4,Sprinkler,32.4,21.5,Wheat,165.08
Region_C,Loam,5.98,1415.3,32.1,54.9,60.1,Sprinkler,15.8,24.2,Barley,79.54
Region_D,Loam,7.49,482.7,27.9,41.8,63.2,Flood,28.6,6.5,Barley,53.84
Region_B,Sandy,7.24,1017.9,21.1,33.8,195.6,Flood,22.6,7.0,Maize,128.25
Region_A,Sandy,7.42,680.1,17.7,81.0,282.2,Rainfed,40.5,18.1,No_Previous_Crop,170.58
Region_A,Clay,7.29,881.7,28.0,80.6,224.6,Flood,4.5,7.9,Wheat,145.65
Region_A,Sandy,6.65,981.9,17.0,74.1,93.8,Flood,2.8,24.5,Wheat,84.76
Region_D,Clay,6.31,1492.5,32.3,55.9,117.0,Flood,26.9,16.5,Wheat,112.36
Region_C,Loam,7.47,1015.2,20.3,77.8,293.7,Drip,23.6,5.3,Maize,173.83
Region_A,Clay,7.33,935.6,34.7,88.6,275.4,Sprinkler,46.4,23.1,Maize,178.08
Region_C,Loam,6.19,940.0,18.2,37.2,227.1,Flood,9.2,17.4,Maize,147.0
Region_A,Clay,6.86,1350.7,33.9,80.3,184.9,Drip,26.3,20.5,Maize,140.61
Region_D,Loam,6.09,962.2,34.4,71.8,211.2,Rainfed,10.7,11.2,Wheat,136.66
Region_B,Sandy,6.41,356.2,22.8,35.4,159.8,Flood,11.5,23.9,Rice,93.23
Region_D,Sandy,7.33,741.5,22.6,84.4,148.3,Rainfed,24.2,9.1,Maize,100.97
Region_A,Clay,6.01,1085.4,29.2,79.0,292.3,Sprinkler,8.5,7.8,No_Previous_Crop,185.99
Region_C,Clay,7.01,1159.4,21.9,46.8,50.7,Flood,8.3,12.2,Rice,58.01
Region_B,Clay,5.68,1002.9,22.4,45.3,286.9,Rainfed,41.0,22.7,Wheat,172.4
Region_C,Sandy,7.29,876.4,26.5,31.9,51.2,Rainfed,26.3,17.0,Wheat,52.35
Region_C,Loam,6.51,239.9,32.3,55.0,222.1,Drip,27.2,6.7,Rice,134.55
Region_D,Clay,5.79,403.4,17.2,66.1,102.8,Flood,34.1,24.4,Wheat,62.36
Region_D,Sandy,6.49,778.4,32.8,51.1,290.7,Sprinkler,31.5,18.8,Barley,179.16
Region_A,Clay,7.41,1005.5,23.1,70.2,226.2,Sprinkler,40.4,21.8,Maize,155.08
Region_D,Sandy,6.75,1305.9,15.7,77.4,222.1,Sprinkler,28.2,24.1,Barley,157.88
Region_A,Clay,6.42,1482.7,23.8,42.5,95.4,Flood,7.5,14.1,Maize,95.96
Region_C,Loam,6.76,364.6,31.5,86.9,286.1,Flood,26.3,7.2,Rice,166.49
Region_D,Clay,6.59,1243.5,26.8,82.7,67.4,Rainfed,11.5,14.4,Wheat,78.69
Region_A,Loam,6.84,912.3,24.1,60.0,128.7,Sprinkler,27.6,23.1,Rice,101.0
Region_A,Clay,6.07,511.2,24.3,71.3,52.1,Rainfed,46.9,17.2,Barley,55.48
Region_D,Sandy,7.29,757.6,19.6,36.3,72.2,Sprinkler,42.5,9.9,No_Previous_Crop,65.72
Region_D,Sandy,6.68,1112.2,34.6,35.0,147.4,Sprinkler,31.6,18.5,No_Previous_Crop,107.73
Region_A,Clay,6.53,1098.8,24.5,39.3,110.4,Flood,21.2,16.1,Wheat,88.16
Region_A,Sandy,6.25,1060.9,15.3,63.7,71.6,Rainfed,13.6,8.7,No_Previous_Crop,70.04
Region_C,Sandy,6.56,1427.8,21.7,67.9,151.4,Sprinkler,30.5,18.4,No_Previous_Crop,123.44
Region_C,Clay,7.01,1175.2,28.5,67.9,219.0,Rainfed,13.7,7.5,Wheat,152.75
Region_B,Clay,6.74,769.3,26.4,63.4,87.6,Sprinkler,49.4,17.7,Maize,73.16
Region_D,Sandy,7.21,668.6,20.9,34.1,98.5,Drip,47.0,19.0,Barley,76.68
Region_C,Clay,6.49,363.9,24.5,55.1,271.1,Flood,34.2,14.7,Barley,144.88
Region_B,Loam,7.06,929.2,17.0,59.9,290.2,Sprinkler,39.3,8.6,No_Previous_Crop,175.4
Region_A,Sandy,6.89,1366.9,19.1,75.5,222.8,Drip,20.3,22.8,Barley,167.85
Region_D,Loam,6.35,1324.8,34.3,30.9,216.3,Rainfed,26.6,8.7,Barley,153.17
Region_B,Loam,6.07,1370.6,35.0,49.1,64.5,Sprinkler,44.7,15.8,Barley,78.04
Region_B,Clay,6.7,394.2,21.7,76.9,144.1,Flood,41.0,14.9,No_Previous_Crop,86.37
Region_D,Sandy,5.95,1175.9,34.2,83.8,115.8,Flood,25.7,12.1,Rice,94.11
Region_A,Loam,6.59,1323.8,18.3,31.6,171.9,Sprinkler,24.6,22.9,Wheat,126.47
Region_B,Sandy,6.89,604.0,26.8,55.3,166.9,Sprinkler,20.6,15.1,Wheat,105.32
Region_C,Loam,6.97,635.9,22.4,56.9,151.3,Sprinkler,40.7,21.6,Barley,105.54
Region_D,Loam,6.1,241.6,27.7,50.9,281.9,Sprinkler,49.5,16.1,Barley,155.54
Region_B,Sandy,5.94,1414.1,34.7,55.6,269.0,Flood,28.2,23.3,Barley,181.31
Region_A,Sandy,6.48,440.4,20.3,50.3,188.7,Sprinkler,49.5,21.4,Barley,108.39
Region_C,Loam,5.86,1101.9,16.5,78.4,252.1,Flood,10.7,18.3,Barley,160.7
Region_C,Loam,7.28,1163.4,27.8,64.0,230.8,Sprinkler,48.3,11.3,Maize,156.86
Region_A,Clay,6.26,956.0,18.0,78.6,165.1,Drip,9.4,9.7,Rice,110.23
Region_B,Loam,5.79,1433.6,34.8,44.1,116.6,Sprinkler,17.0,17.9,Wheat,98.76
Region_C,Sandy,7.36,596.4,33.7,60.6,258.4,Rainfed,34.8,25.0,Maize,148.85
Region_B,Sandy,7.18,1267.2,32.7,41.5,141.8,Flood,15.6,14.7,Maize,103.27
Region_D,Sandy,7.3,568.1,20.9,54.9,128.2,Drip,7.5,16.2,Rice,86.37
Region_C,Loam,5.78,749.6,16.1,70.9,54.5,Flood,7.8,10.4,Wheat,55.02
Region_D,Clay,6.12,1487.1,35.0,35.5,225.8,Sprinkler,3.9,12.1,Rice,165.09
Region_A,Clay,5.59,680.1,22.2,72.8,221.0,Rainfed,2.8,20.6,No_Previous_Crop,131.55
Region_D,Clay,5.89,988.8,31.4,56.8,230.1,Flood,49.9,22.5,Rice,156.04
Region_D,Sandy,5.97,273.6,27.4,67.3,93.9,Sprinkler,20.9,20.1,No_Previous_Crop,69.55
Region_A,Sandy,6.41,415.8,28.8,42.8,139.8,Drip,27.9,21.2,Barley,86.67
Region_A,Loam,6.62,1000.0,20.6,46.6,112.0,Rainfed,41.2,16.1,Barley,85.22
Region_A,Loam,6.87,1476.7,27.9,72.5,166.0,Sprinkler,25.5,15.3,Barley,133.97
Region_A,Loam,6.94,1152.9,23.4,61.2,261.5,Drip,9.0,16.7,Barley,164.27
Region_A,Sandy,5.88,225.2,23.4,42.0,175.0,Drip,10.9,13.9,Maize,97.32
Region_A,Clay,7.04,455.0,21.4,78.9,90.1,Drip,47.6,6.7,No_Previous_Crop,69.66
Region_D,Clay,6.12,436.4,22.2,45.1,152.5,Rainfed,35.5,18.3,Maize,89.82
Region_A,Sandy,6.27,1156.0,15.3,36.4,229.8,Drip,40.2,12.4,Maize,151.26
Region_B,Sandy,6.11,458.7,26.6,53.7,177.3,Flood,7.6,12.9,Rice,111.79
Region_B,Loam,6.69,1001.8,17.9,38.6,275.5,Sprinkler,2.2,21.7,Maize,171.83
Region_D,Loam,6.17,563.5,19.2,80.1,62.2,Flood,6.4,15.7,Rice,53.61
Region_C,Clay,6.51,902.8,21.9,32.1,115.1,Sprinkler,34.5,20.3,Rice,83.05
Region_D,Clay,6.87,661.8,33.9,60.5,211.5,Drip,26.4,14.6,Maize,134.19
Region_C,Clay,7.27,1075.6,25.9,69.4,225.7,Rainfed,8.5,16.3,Maize,142.2
Region_A,Sandy,5.57,342.1,30.7,65.9,231.3,Sprinkler,31.6,16.3,Rice,133.19
Region_D,Loam,7.05,1019.7,16.3,57.0,229.5,Drip,28.8,7.3,Wheat,153.97
Region_C,Loam,6.36,449.0,28.9,32.7,244.6,Sprinkler,38.9,12.1,Wheat,142.79
Region_C,Clay,5.63,926.0,15.9,52.4,52.9,Rainfed,13.2,6.4,Barley,53.6
Region_B,Sandy,5.59,546.3,15.0,63.8,216.0,Drip,5.2,7.2,Barley,123.81
Region_D,Loam,6.14,379.6,23.0,83.7,285.7,Flood,9.4,7.8,Barley,151.1
Region_C,Sandy,6.69,1081.6,24.0,49.6,157.0,Rainfed,35.5,17.8,Barley,112.75
Region_A,Clay,5.82,466.6,20.0,66.6,189.0,Rainfed,0.2,13.9,Rice,112.18
Region_C,Clay,5.93,1072.7,17.3,59.4,254.6,Rainfed,41.3,5.7,Wheat,170.56
Region_A,Sandy,6.95,944.3,21.7,64.4,115.9,Rainfed,8.4,14.5,Rice,88.0
Region_D,Sandy,6.35,1229.3,21.3,89.7,115.7,Flood,29.3,21.2,No_Previous_Crop,99.55
Region_A,Clay,6.03,449.9,16.5,58.5,70.2,Flood,23.4,23.5,Rice,55.42
Region_A,Loam,6.74,971.6,32.1,65.4,160.3,Drip,48.7,8.1,Rice,121.66
Region_B,Loam,6.18,407.7,29.6,67.3,76.9,Sprinkler,41.2,11.3,Rice,52.11
Region_B,Clay,6.7,628.7,20.5,66.1,218.1,Rainfed,38.2,7.9,Wheat,128.14
Region_D,Loam,7.13,453.1,29.6,80.5,192.4,Flood,12.9,9.6,Maize,118.3
Region_B,Sandy,6.12,1278.5,35.0,77.1,236.5,Rainfed,43.9,13.6,Wheat,165.87
Region_C,Sandy,5.92,1066.5,33.6,48.6,183.4,Sprinkler,14.1,20.3,Barley,122.21
Region_C,Loam,6.71,1270.0,25.9,41.6,165.6,Flood,18.2,8.8,Barley,125.79
Region_D,Clay,7.36,1104.0,15.7,77.5,204.5,Rainfed,9.3,22.6,Barley,131.23
Region_D,Loam,5.62,1205.8,15.8,39.7,190.5,Flood,44.8,20.7,Wheat,142.19
Region_D,Loam,6.65,1125.6,27.0,44.8,200.3,Rainfed,21.3,20.7,No_Previous_Crop,137.92
Region_D,Clay,6.99,1078.0,18.1,70.2,122.4,Flood,13.1,8.0,Barley,89.98
Region_D,Loam,6.01,408.6,18.9,32.7,97.3,Flood,40.8,12.0,Maize,65.48
Region_D,Sandy,6.01,1400.1,28.4,47.0,63.9,Sprinkler,32.3,11.7,Rice,83.01
Region_C,Loam,7.06,271.7,17.8,50.0,93.0,Flood,45.5,5.2,Barley,46.62
Region_C,Loam,6.12,587.0,24.2,35.0,191.0,Drip,31.6,15.2,Barley,114.2
Region_B,Sandy,6.05,1392.1,16.2,37.0,250.5,Drip,28.1,21.9,No_Previous_Crop,167.5
Region_D,Sandy,7.45,1311.2,25.5,50.9,106.6,Flood,7.4,22.7,Barley,101.22
Region_A,Sandy,6.2,878.3,21.2,42.4,248.3,Drip,42.6,8.2,No_Previous_Crop,154.61
Region_A,Clay,5.57,784.2,16.1,86.8,156.4,Drip,32.0,16.8,Barley,99.02
Region_D,Loam,7.08,702.5,24.5,74.0,73.0,Sprinkler,43.2,9.2,Maize,64.16
Region_A,Loam,6.5,801.4,33.2,53.8,275.1,Drip,19.4,16.8,Rice,163.13
Region_D,Sandy,6.81,1144.9,33.5,32.1,211.7,Flood,30.4,17.0,No_Previous_Crop,143.38
Region_B,Sandy,5.58,255.3,22.7,41.5,176.0,Sprinkler,13.7,23.2,Maize,100.48
Region_D,Sandy,6.08,362.3,19.2,73.5,279.4,Flood,13.8,14.1,Barley,151.67
Region_B,Clay,7.14,1432.1,15.7,46.1,53.9,Flood,41.4,13.1,Rice,80.36
Region_B,Loam,7.48,477.1,15.4,68.5,78.6,Drip,24.2,15.0,No_Previous_Crop,60.14
Region_B,Sandy,6.97,594.7,23.3,79.6,111.6,Drip,3.1,9.3,Wheat,83.35
Region_C,Sandy,5.89,853.2,28.9,55.6,216.4,Rainfed,11.1,13.7,Maize,145.88
Region_A,Loam,7.43,1408.2,22.2,32.4,283.1,Sprinkler,6.9,12.7,Wheat,190.6
Region_C,Sandy,6.36,1176.0,23.5,57.8,218.9,Rainfed,3.1,7.8,No_Previous_Crop,149.85
Region_B,Sandy,6.26,617.3,16.0,86.4,100.4,Flood,47.8,18.1,Wheat,68.13
Region_B,Clay,5.61,1187.6,30.3,84.8,131.8,Rainfed,2.2,15.2,No_Previous_Crop,108.94
Region_C,Clay,7.14,946.9,19.4,85.3,114.7,Sprinkler,6.3,9.2,Wheat,87.67
Region_A,Sandy,5.94,858.4,19.3,87.1,227.0,Drip,27.7,14.8,Wheat,139.5
Region_C,Loam,5.88,1199.5,15.5,87.9,168.0,Sprinkler,43.5,24.8,Barley,120.78
Region_D,Loam,6.26,1295.9,22.4,49.5,163.2,Sprinkler,25.0,10.8,Wheat,127.76
Region_A,Clay,6.29,428.8,33.1,72.1,185.0,Rainfed,2.4,24.0,Barley,110.67
Region_A,Loam,7.25,595.0,25.2,63.6,117.8,Drip,46.7,24.0,Wheat,80.26
Region_C,Loam,6.74,515.2,34.7,50.2,224.1,Sprinkler,5.6,14.5,Maize,134.44
Region_D,Clay,5.79,568.1,16.7,75.7,108.1,Flood,38.1,8.8,Wheat,70.36
Region_B,Sandy,6.21,1148.1,20.2,62.7,76.4,Flood,43.4,13.5,No_Previous_Crop,72.48
Region_C,Loam,5.89,916.8,23.4,61.9,186.5,Flood,11.6,19.3,Wheat,122.95
Region_D,Loam,6.52,778.4,17.3,57.4,158.5,Sprinkler,35.1,7.2,Rice,103.51
Region_B,Loam,6.38,203.9,24.4,52.4,251.5,Rainfed,42.4,19.6,Maize,134.94
Region_C,Loam,6.52,972.5,17.5,78.2,179.7,Sprinkler,9.8,19.0,Wheat,117.93
Region_D,Clay,5.81,1310.0,30.8,88.4,266.5,Sprinkler,13.4,8.6,Rice,181.47
Region_D,Loam,6.59,626.0,28.8,84.9,239.1,Rainfed,8.4,8.3,Barley,144.45
Region_D,Loam,5.63,394.1,22.8,69.8,207.0,Flood,14.9,8.7,Wheat,111.91
Region_A,Loam,5.62,1222.1,22.9,50.7,247.3,Drip,37.8,18.1,Maize,166.85
Region_B,Loam,6.8,956.6,28.1,63.3,61.6,Sprinkler,35.1,18.0,Maize,68.27
Region_B,Sandy,7.39,237.6,33.5,70.1,141.5,Drip,17.2,24.8,Rice,94.28
Region_A,Sandy,7.43,1430.9,31.7,74.0,183.6,Drip,40.2,14.8,Barley,138.3
Region_B,Clay,5.85,724.8,22.8,63.8,123.3,Drip,12.3,20.1,Maize,85.44
Region_A,Sandy,5.7,1184.3,33.9,46.4,171.4,Rainfed,26.7,16.4,Wheat,129.35
Region_C,Sandy,6.93,853.8,26.2,89.7,133.0,Drip,17.4,8.4,Rice,95.6
Region_A,Sandy,6.03,1465.4,33.9,74.7,229.1,Drip,2.4,8.9,Wheat,159.34
Region_A,Loam,6.53,1421.3,19.3,80.9,75.2,Drip,35.7,7.5,No_Previous_Crop,78.95
Region_C,Sandy,6.25,301.5,23.7,68.9,224.4,Flood,9.1,16.0,Maize,125.67
Region_A,Clay,7.43,312.7,22.5,87.7,71.4,Flood,27.9,22.5,Rice,52.07
Region_D,Loam,5.95,828.1,21.9,74.9,286.5,Flood,22.7,10.9,No_Previous_Crop,174.01
Region_C,Clay,6.72,1366.2,22.0,57.0,104.3,Rainfed,33.5,5.3,Wheat,102.64
Region_C,Clay,6.78,1092.5,33.1,59.8,158.6,Drip,30.8,14.1,Rice,125.0
Region_D,Loam,6.77,742.6,34.8,68.7,234.1,Drip,37.5,12.7,Rice,146.78
Region_D,Loam,5.54,371.4,31.7,83.0,121.8,Sprinkler,43.0,19.5,Maize,79.95
Region_C,Clay,6.73,393.2,20.9,78.4,244.4,Sprinkler,36.4,22.5,No_Previous_Crop,144.35
Region_D,Clay,6.69,416.7,34.3,76.4,64.5,Flood,7.1,15.7,Wheat,52.22
Region_B,Sandy,5.95,1011.1,16.1,88.2,78.6,Flood,0.1,19.5,Maize,81.2
Region_C,Loam,6.3,200.1,20.2,33.9,169.8,Sprinkler,24.0,13.9,Wheat,100.74
Region_C,Clay,5.76,1453.1,32.7,40.1,242.9,Sprinkler,29.4,18.2,Maize,174.28
Region_D,Sandy,5.71,668.0,26.8,84.1,96.2,Drip,39.0,18.5,Maize,76.15
Region_A,Loam,6.16,838.1,33.7,77.0,79.8,Flood,47.2,14.9,Rice,56.6
Region_A,Loam,5.7,927.5,31.7,56.3,150.7,Rainfed,5.0,11.4,Barley,108.05
Region_C,Clay,7.37,332.7,27.4,45.6,218.6,Flood,24.0,13.4,No_Previous_Crop,124.97
Region_A,Sandy,7.06,968.0,26.9,66.3,124.7,Sprinkler,21.3,13.7,Maize,88.61
Region_B,Sandy,6.59,345.2,18.0,58.5,158.0,Drip,13.5,13.3,Barley,95.21
Region_B,Sandy,7.29,528.4,21.2,47.3,98.7,Rainfed,48.9,23.7,Barley,65.99
Region_B,Sandy,6.44,1176.5,15.4,52.4,266.2,Rainfed,19.3,22.2,Rice,174.7
Region_B,Clay,7.18,404.1,17.1,31.8,266.8,Drip,14.7,8.5,Barley,153.5
Region_A,Loam,5.68,564.3,33.5,32.4,198.8,Drip,14.6,22.3,Maize,120.54
Region_C,Clay,6.97,701.0,27.5,58.7,251.1,Drip,8.2,20.8,Barley,160.79
Region_D,Sandy,5.71,1101.6,19.0,41.3,118.2,Sprinkler,30.9,15.2,No_Previous_Crop,97.77
Region_D,Sandy,6.62,1156.4,19.8,37.0,215.7,Sprinkler,44.6,14.0,Rice,147.71
Region_B,Sandy,6.59,235.1,34.6,32.9,97.4,Flood,39.2,7.5,Barley,65.74
Region_A,Clay,6.0,1439.6,26.8,41.2,62.5,Rainfed,38.9,22.6,Wheat,80.08
Region_D,Clay,6.71,513.2,25.6,69.4,110.6,Sprinkler,7.1,22.8,Barley,78.55
Region_D,Sandy,7.22,1242.7,27.9,56.8,195.4,Flood,19.2,14.9,Wheat,145.56
Region_A,Sandy,6.84,1275.0,26.1,54.2,217.4,Sprinkler,23.9,19.6,No_Previous_Crop,151.95
Region_A,Loam,6.87,769.0,33.6,74.0,254.3,Sprinkler,40.1,6.7,Barley,164.6
Region_C,Sandy,6.28,914.5,27.4,32.8,221.2,Rainfed,16.7,16.5,Rice,153.84
Region_C,Loam,6.14,580.1,18.5,76.1,209.5,Sprinkler,14.3,13.1,Maize,126.97
Region_D,Sandy,5.97,571.8,29.7,45.0,141.3,Sprinkler,43.6,9.8,Rice,93.26
Region_D,Clay,6.93,1388.5,20.3,61.1,88.2,Drip,17.7,10.3,Maize,93.09
Region_D,Clay,7.42,1270.5,23.4,81.8,256.4,Flood,22.7,8.7,No_Previous_Crop,171.74
Region_B,Clay,6.78,644.2,30.0,55.1,258.2,Rainfed,35.3,20.6,Wheat,151.33
Region_A,Loam,7.4,734.5,22.8,79.7,255.6,Rainfed,12.2,6.2,Maize,151.72
Region_C,Clay,6.63,519.3,30.1,50.8,202.1,Flood,48.6,23.3,Rice,127.25
Region_D,Loam,5.88,425.3,24.6,69.7,77.0,Drip,14.1,24.5,Wheat,58.86
Region_D,Sandy,6.93,226.2,23.0,69.2,153.8,Flood,3.8,5.0,Barley,85.16
Region_A,Loam,6.37,660.2,18.6,78.3,70.8,Sprinkler,43.1,7.4,Rice,56.46
Region_D,Clay,6.42,830.4,22.6,42.0,224.6,Rainfed,23.6,11.3,Rice,135.63
Region_B,Clay,5.83,468.4,24.9,57.2,122.3,Drip,9.6,14.0,Barley,79.81
Region_D,Loam,6.72,1181.5,15.2,55.4,154.4,Flood,28.1,19.8,No_Previous_Crop,113.22
Region_B,Sandy,6.17,1048.7,30.8,42.9,264.3,Rainfed,7.0,9.7,Rice,168.11
Region_D,Sandy,7.1,1273.3,20.2,64.9,55.2,Rainfed,40.5,5.6,Rice,66.89
Region_C,Loam,6.96,1339.3,17.6,83.5,150.1,Rainfed,26.5,21.2,No_Previous_Crop,120.19
Region_C,Sandy,7.1,788.5,23.3,31.0,76.6,Drip,12.8,19.6,Rice,61.62
Region_D,Sandy,6.56,1272.5,21.9,50.3,142.5,Rainfed,46.6,15.0,Maize,105.63
Region_D,Clay,5.73,331.8,30.9,72.5,74.4,Rainfed,2.6,21.7,Rice,53.34
Region_D,Loam,6.59,1034.9,31.2,41.6,290.2,Sprinkler,0.7,21.4,Barley,192.98
Region_D,Clay,6.32,1126.5,16.0,56.0,252.4,Sprinkler,24.8,5.6,Wheat,160.4
Region_B,Loam,6.91,1295.0,15.8,35.6,282.1,Sprinkler,20.8,13.0,Wheat,186.15
Region_A,Loam,5.98,683.5,26.4,45.2,104.9,Drip,25.4,11.4,No_Previous_Crop,78.01
Region_C,Loam,7.05,734.9,29.4,42.8,102.8,Drip,0.1,19.8,Rice,83.81
Region_A,Loam,6.77,1375.5,32.0,80.9,120.1,Drip,19.8,11.7,No_Previous_Crop,106.08
Region_D,Loam,6.38,856.6,28.0,32.6,115.4,Flood,0.4,22.2,Maize,81.35
Region_D,Sandy,6.65,503.7,20.5,72.6,194.4,Rainfed,5.0,21.5,Rice,120.0
Region_B,Loam,6.57,645.3,34.9,64.3,112.8,Rainfed,42.8,8.9,Maize,83.5
Region_B,Loam,7.16,289.0,23.4,80.5,187.0,Rainfed,22.2,5.5,Barley,109.9
Region_A,Clay,5.92,1243.7,16.9,45.8,196.7,Sprinkler,41.6,19.6,No_Previous_Crop,142.09
Region_C,Sandy,6.78,1249.1,33.5,63.6,162.0,Sprinkler,33.8,17.8,Maize,122.4
Region_A,Sandy,5.58,742.4,31.9,30.1,161.6,Flood,39.0,8.9,Rice,106.5
Region_A,Loam,5.64,537.5,21.2,86.4,121.3,Sprinkler,34.7,17.4,Barley,80.51
Region_D,Loam,6.93,353.4,30.1,86.9,146.0,Drip,29.6,13.4,Maize,88.81
Region_B,Loam,6.66,1340.7,19.6,55.4,199.4,Sprinkler,41.6,15.5,Barley,143.76
Region_D,Clay,6.26,1008.3,20.1,59.5,241.0,Flood,35.1,18.0,Wheat,148.26
Region_C,Sandy,5.59,536.2,30.8,77.5,220.1,Rainfed,38.9,11.6,Maize,126.95
Region_C,Clay,6.93,950.3,21.5,81.0,286.7,Rainfed,27.1,8.1,Maize,175.32
Region_B,Loam,7.06,483.4,17.9,83.1,189.9,Drip,41.8,18.6,Rice,115.21
Region_B,Clay,6.79,529.9,21.8,88.5,162.1,Flood,17.3,9.5,Rice,89.76
Region_C,Clay,7.39,1317.5,18.2,79.4,53.1,Drip,16.9,11.8,No_Previous_Crop,65.64
Region_B,Sandy,7.3,611.7,33.5,43.4,71.1,Sprinkler,29.4,16.4,No_Previous_Crop,55.86
Region_C,Clay,7.11,237.2,18.5,48.6,59.3,Drip,46.5,20.7,Barley,44.81
Region_C,Sandy,7.11,595.5,28.4,81.7,156.4,Drip,19.2,19.2,No_Previous_Crop,94.13
Region_C,Sandy,6.52,746.6,31.2,71.2,195.6,Flood,19.5,8.6,No_Previous_Crop,127.79
Region_C,Loam,6.63,619.5,27.2,41.7,288.9,Drip,46.1,8.7,Wheat,168.03
Region_A,Clay,7.11,1375.8,25.1,48.0,164.5,Rainfed,3.7,10.3,No_Previous_Crop,126.32
Region_B,Sandy,6.96,600.9,30.1,59.0,56.7,Sprinkler,28.7,13.5,No_Previous_Crop,45.89
Region_A,Sandy,7.07,1108.0,23.7,59.3,153.8,Rainfed,41.2,25.0,No_Previous_Crop,112.73
Region_A,Sandy,5.99,765.8,17.2,65.8,166.9,Flood,9.3,6.7,Maize,111.44
Region_D,Sandy,5.93,228.9,21.8,47.1,298.3,Flood,13.1,23.2,Maize,165.94
Region_B,Sandy,5.82,1355.5,18.0,65.0,192.8,Flood,10.2,8.8,Maize,135.59
Region_B,Clay,6.56,857.9,32.7,83.7,236.3,Sprinkler,41.0,6.7,Rice,156.61
Region_D,Clay,5.59,818.8,19.2,36.7,90.3,Flood,33.2,14.3,Rice,64.25
Region_D,Sandy,5.79,730.6,28.1,71.7,216.2,Sprinkler,25.6,20.7,Wheat,133.59
Region_A,Clay,7.1,1335.9,22.1,39.9,90.7,Flood,1.3,21.3,Barley,80.71
Region_D,Sandy,6.31,349.5,23.6,88.6,128.7,Sprinkler,37.9,23.2,Wheat,67.49
Region_C,Loam,6.27,1159.6,19.2,45.4,288.2,Drip,19.2,17.5,No_Previous_Crop,172.25
Region_D,Clay,6.87,575.4,22.4,75.8,206.7,Flood,7.7,12.5,Barley,124.52
Region_B,Clay,7.33,394.2,16.8,76.8,88.4,Drip,40.0,9.3,Maize,53.28
Region_C,Sandy,5.96,488.9,32.5,82.0,279.9,Rainfed,17.6,24.0,No_Previous_Crop,161.47
Region_D,Sandy,6.01,1342.8,15.8,32.2,117.6,Sprinkler,26.4,11.1,Rice,104.55
Region_B,Clay,7.22,848.6,15.6,68.0,253.7,Sprinkler,42.3,16.4,Barley,151.9
Region_B,Loam,7.38,474.2,18.1,74.2,133.5,Sprinkler,30.8,9.3,Wheat,87.95
Region_B,Sandy,7.44,826.3,17.3,53.3,107.7,Rainfed,26.4,11.1,Barley,79.51
Region_A,Clay,5.79,338.4,18.5,65.1,142.9,Flood,15.1,7.4,Wheat,91.6
Region_D,Loam,6.89,352.0,19.0,60.6,280.1,Sprinkler,27.5,22.4,No_Previous_Crop,153.19
Region_A,Sandy,5.75,1227.0,30.1,79.4,162.0,Rainfed,9.2,10.8,No_Previous_Crop,120.94
Region_D,Sandy,5.69,1313.9,20.1,39.0,277.8,Drip,27.7,14.1,No_Previous_Crop,185.74
Region_B,Clay,7.23,1241.7,26.4,30.4,259.7,Flood,6.2,23.0,Maize,177.72
Region_A,Loam,6.23,479.5,31.6,44.1,251.3,Rainfed,13.5,14.6,No_Previous_Crop,144.14
Region_B,Clay,6.48,1302.8,19.7,41.0,61.1,Drip,29.2,9.6,Wheat,70.16
Region_C,Clay,7.38,231.6,18.4,32.8,116.6,Drip,13.4,7.2,Rice,70.4
Region_D,Loam,7.12,1151.6,24.6,73.4,202.5,Flood,7.2,7.3,Rice,147.77
Region_B,Clay,7.39,1355.5,17.2,84.9,103.2,Drip,25.7,14.9,Wheat,82.64
Region_C,Sandy,5.92,1024.0,32.7,35.9,231.2,Rainfed,34.6,19.2,No_Previous_Crop,150.26
Region_D,Sandy,5.79,439.6,23.5,41.3,141.6,Drip,42.0,20.1,Rice,91.85
Region_D,Clay,7.21,438.4,15.5,65.6,203.8,Flood,3.4,11.1,Barley,132.51
Region_D,Sandy,7.03,1245.6,19.9,30.1,221.0,Flood,34.1,14.7,No_Previous_Crop,148.34
Region_D,Sandy,7.37,241.7,19.3,88.8,228.4,Drip,7.5,17.0,Maize,123.34
Region_A,Sandy,5.54,227.8,25.8,39.1,195.4,Flood,39.5,11.0,Wheat,105.1
Region_A,Sandy,6.09,634.9,33.3,53.6,193.9,Drip,24.2,8.2,Barley,124.34
Region_D,Loam,7.17,1172.8,17.7,60.7,256.6,Sprinkler,14.0,16.3,Rice,169.39
Region_A,Sandy,6.46,1326.2,24.1,44.0,254.7,Flood,6.6,18.8,Barley,170.09
Region_D,Clay,6.67,1170.8,34.2,77.4,268.2,Sprinkler,33.1,8.5,Wheat,171.8
Region_B,Sandy,5.91,636.6,23.9,68.1,189.2,Drip,9.3,14.8,Barley,114.32
Region_C,Loam,6.21,567.6,16.6,34.2,91.0,Rainfed,30.9,23.4,Barley,70.45
Region_B,Loam,7.2,512.7,22.7,40.8,292.0,Drip,38.9,24.4,Barley,170.96
Region_C,Clay,5.69,480.4,34.6,80.0,55.6,Sprinkler,1.0,5.6,Rice,47.71
Region_C,Sandy,5.62,294.1,32.8,56.0,267.5,Rainfed,5.3,22.0,No_Previous_Crop,155.35
Region_C,Loam,7.29,1200.7,29.3,44.4,141.7,Drip,30.8,12.4,Barley,113.52
Region_C,Loam,6.91,351.8,16.9,51.5,250.6,Rainfed,9.2,20.3,No_Previous_Crop,135.99
Region_A,Sandy,6.73,994.1,23.7,83.0,121.5,Drip,1.0,19.1,Barley,100.3
Region_A,Clay,7.3,1094.6,23.6,32.0,254.9,Rainfed,13.2,9.8,Barley,164.79
Region_A,Loam,7.08,1113.8,23.2,89.6,196.2,Rainfed,9.0,14.1,Barley,142.47
Region_A,Sandy,6.64,1191.7,34.0,36.7,72.4,Sprinkler,31.4,16.0,No_Previous_Crop,76.11
Region_A,Clay,7.29,377.4,25.4,55.9,109.7,Rainfed,21.4,17.2,Wheat,68.69
Region_B,Loam,6.41,581.9,28.3,85.2,189.2,Sprinkler,15.5,23.3,Wheat,112.73
Region_B,Loam,6.41,850.5,18.3,42.3,145.8,Rainfed,25.9,15.6,No_Previous_Crop,104.61
Region_A,Clay,6.53,1083.8,27.0,71.6,271.9,Drip,6.5,10.8,Maize,174.88
Region_D,Sandy,6.54,1404.1,32.3,68.9,126.5,Sprinkler,22.2,13.1,No_Previous_Crop,107.36
Region_A,Sandy,6.8,1072.8,28.3,83.9,147.5,Sprinkler,23.0,21.3,Rice,115.93
Region_D,Sandy,6.05,603.0,30.8,56.1,194.5,Rainfed,10.5,21.1,Maize,119.03
Region_D,Clay,6.56,1093.5,17.1,41.9,121.6,Flood,40.1,16.3,No_Previous_Crop,108.24
Region_D,Loam,6.75,769.1,19.1,88.6,252.3,Drip,19.7,12.9,Barley,152.62
Region_A,Clay,6.67,710.2,17.9,42.5,252.3,Sprinkler,17.9,24.5,Barley,149.9
Region_A,Clay,7.13,817.5,26.1,37.4,289.1,Rainfed,44.2,20.2,No_Previous_Crop,176.79
Region_D,Clay,7.33,1364.0,23.4,74.9,261.5,Flood,19.1,14.8,No_Previous_Crop,169.72
Region_A,Loam,6.43,1009.2,26.0,70.0,223.4,Sprinkler,36.3,11.3,No_Previous_Crop,146.82
Region_A,Clay,5.82,1319.0,19.5,35.4,68.3,Sprinkler,45.0,10.8,Rice,74.03
Region_D,Clay,7.19,480.8,27.4,71.1,292.6,Flood,48.9,8.0,Maize,166.74
Region_A,Loam,5.85,427.2,31.5,33.6,274.6,Sprinkler,31.0,18.3,No_Previous_Crop,159.54
Region_A,Clay,6.73,405.5,19.0,83.9,71.2,Flood,37.6,24.1,No_Previous_Crop,51.19
Region_D,Sandy,5.85,1285.5,32.0,54.2,290.3,Drip,47.7,9.3,Wheat,184.26
Region_B,Clay,5.69,1250.3,16.8,52.7,68.7,Drip,49.8,9.1,Barley,71.41
Region_A,Clay,6.39,395.0,33.1,89.4,178.0,Rainfed,46.4,8.4,Wheat,106.69
Region_A,Clay,6.37,706.6,18.1,78.7,61.4,Rainfed,6.4,14.5,No_Previous_Crop,51.03
Region_D,Loam,6.38,277.7,21.1,73.7,264.7,Rainfed,38.5,6.3,Wheat,147.6
Region_A,Sandy,6.02,395.2,16.0,85.5,59.6,Sprinkler,14.2,5.6,Barley,45.77
Region_A,Loam,5.89,1212.4,24.6,78.9,242.5,Sprinkler,5.1,24.1,Maize,161.9
Region_A,Sandy,7.2,505.8,22.9,45.4,248.4,Sprinkler,23.9,24.9,No_Previous_Crop,140.89
Region_B,Clay,5.79,451.4,33.8,40.4,50.9,Drip,4.5,13.7,Barley,50.14
Region_C,Loam,7.12,1246.0,29.9,40.2,220.7,Sprinkler,33.8,5.0,Wheat,159.31
Region_B,Clay,5.78,1452.8,28.2,82.6,73.6,Flood,33.9,14.1,Rice,96.54
Region_C,Loam,7.07,208.8,28.9,58.8,256.2,Sprinkler,40.7,5.0,Maize,139.11
Region_C,Clay,6.82,281.0,19.3,60.6,73.2,Flood,33.0,5.3,Barley,55.47
Region_D,Sandy,6.34,1084.8,33.3,60.9,227.2,Drip,10.7,16.4,Maize,152.63
Region_B,Clay,5.53,537.7,32.3,50.1,86.5,Rainfed,24.9,16.6,Rice,64.89
Region_D,Loam,7.12,1102.2,27.5,39.9,156.2,Rainfed,27.6,12.6,Maize,108.64
Region_B,Loam,5.86,313.1,23.6,50.7,98.2,Flood,49.4,8.8,Rice,60.93
Region_A,Sandy,6.56,1230.2,21.1,45.6,117.4,Rainfed,38.5,7.7,Wheat,100.64
Region_D,Sandy,6.5,854.0,18.6,66.1,73.5,Rainfed,1.1,15.2,Rice,67.43
Region_B,Loam,5.73,751.3,30.5,41.9,207.5,Sprinkler,12.3,21.2,No_Previous_Crop,132.71
Region_D,Clay,6.54,373.4,16.4,37.5,160.1,Flood,12.6,24.4,Maize,98.42
Region_B,Clay,5.98,1400.2,18.7,43.1,65.2,Rainfed,7.3,22.4,Rice,77.64
Region_D,Clay,5.76,632.2,29.1,70.2,192.6,Rainfed,7.3,5.6,Wheat,123.05
Region_A,Clay,7.01,898.3,31.5,33.5,181.1,Sprinkler,11.3,23.2,Rice,125.54
Region_D,Loam,7.03,638.2,16.6,42.1,59.3,Sprinkler,6.3,23.3,Maize,57.39
Region_D,Loam,7.32,1254.9,27.7,41.4,216.5,Drip,46.0,9.2,Barley,151.08
Region_D,Sandy,6.19,1058.4,30.5,71.1,260.8,Rainfed,28.1,19.2,Rice,161.88
Region_C,Clay,6.06,333.5,31.5,50.8,262.3,Rainfed,15.8,12.6,Maize,140.57
Region_B,Loam,7.24,615.2,18.8,58.2,202.1,Flood,0.4,16.6,Wheat,116.19
Region_B,Clay,5.87,240.4,17.5,38.1,139.3,Drip,15.4,9.7,Rice,73.18
Region_C,Loam,7.46,1157.3,19.6,79.7,115.7,Flood,30.2,20.4,Rice,98.69
Region_A,Sandy,5.51,481.7,24.4,63.6,204.0,Flood,7.5,9.9,Rice,117.88
Region_B,Loam,5.59,370.3,25.8,61.8,238.2,Rainfed,27.8,16.5,Wheat,129.93
Region_B,Loam,6.42,1137.3,26.4,77.6,143.2,Drip,46.9,16.0,Maize,106.72
Region_C,Loam,6.69,1371.2,16.1,31.8,179.4,Drip,12.6,22.8,Maize,136.0
Region_C,Sandy,6.38,882.2,31.1,68.2,258.3,Sprinkler,14.7,14.4,Rice,164.52
Region_B,Clay,5.93,889.5,25.8,80.3,134.1,Flood,0.1,20.1,Rice,110.85
Region_B,Clay,6.44,248.7,27.7,86.4,198.4,Drip,11.6,18.4,Wheat,114.55
Region_C,Loam,7.28,544.7,16.2,44.4,78.0,Flood,47.8,15.6,Rice,64.57
Region_C,Sandy,7.47,849.6,29.9,67.0,210.1,Drip,24.7,15.1,Maize,127.73
Region_C,Sandy,7.23,364.6,22.4,52.6,130.1,Rainfed,12.6,14.2,No_Previous_Crop,77.24
Region_A,Loam,7.37,1070.0,33.8,33.8,118.2,Rainfed,18.8,18.2,No_Previous_Crop,92.81
Region_A,Loam,7.48,1010.4,19.4,59.5,293.7,Flood,30.7,11.8,No_Previous_Crop,180.64
Region_A,Clay,6.52,1416.1,20.3,82.8,259.0,Flood,21.1,13.2,Maize,177.32
Region_A,Loam,6.64,1056.9,18.8,66.6,219.8,Rainfed,10.5,9.3,No_Previous_Crop,147.94
Region_D,Loam,7.29,1337.9,30.2,66.6,153.7,Rainfed,3.5,24.4,Barley,130.09
Region_B,Clay,6.77,864.1,28.5,33.0,211.8,Sprinkler,48.9,23.5,Rice,133.03
Region_C,Clay,6.98,657.5,23.2,33.4,262.7,Sprinkler,31.5,5.9,No_Previous_Crop,159.18
Region_B,Sandy,5.93,490.4,24.2,46.7,148.9,Flood,12.9,15.9,No_Previous_Crop,90.01
Region_B,Clay,6.93,699.7,31.3,62.4,58.3,Flood,43.1,24.1,Rice,61.62
Region_B,Loam,6.24,708.0,24.9,63.9,80.7,Rainfed,24.8,5.7,No_Previous_Crop,63.79
Region_B,Clay,5.89,1482.3,21.6,79.6,142.2,Drip,43.9,24.8,Rice,112.44
Region_B,Clay,5.75,1395.1,22.4,48.5,134.6,Sprinkler,32.5,17.5,Barley,113.46
Region_D,Clay,6.74,1288.0,18.2,58.9,197.5,Rainfed,28.5,8.9,Maize,146.07
Region_C,Clay,7.26,917.2,28.6,59.9,299.5,Drip,26.2,10.7,Maize,182.98
Region_A,Clay,7.47,568.6,16.5,45.2,78.2,Drip,8.5,14.2,No_Previous_Crop,62.52
Region_A,Clay,5.72,1087.0,17.3,46.5,197.6,Rainfed,21.2,13.4,Wheat,144.27
Region_B,Loam,6.51,841.3,34.1,69.3,281.9,Rainfed,36.7,8.6,Wheat,184.6
Region_D,Clay,5.98,1072.5,16.4,46.9,293.7,Drip,15.2,21.1,Maize,182.62
Region_A,Clay,6.61,1146.8,29.1,53.5,252.4,Rainfed,21.4,5.6,Rice,166.42
Region_C,Loam,7.24,1324.8,20.4,87.5,254.8,Flood,46.9,19.4,Barley,169.29
Region_D,Clay,5.74,1133.1,32.1,81.4,132.0,Flood,14.7,5.7,Rice,108.97
Region_B,Sandy,7.44,1097.3,21.5,77.0,224.7,Sprinkler,19.1,5.8,No_Previous_Crop,136.48
Region_D,Sandy,5.86,1153.8,28.2,72.2,237.3,Drip,12.5,5.3,Maize,172.32
Region_B,Clay,6.11,1157.8,28.4,83.6,243.0,Sprinkler,26.9,12.1,Maize,161.11
Region_A,Clay,6.26,837.7,15.0,57.7,78.4,Flood,42.8,18.2,Wheat,66.16
Region_B,Sandy,6.71,531.1,31.8,43.0,295.6,Rainfed,24.4,18.2,Rice,160.53
Region_A,Clay,5.68,434.0,20.7,49.9,130.9,Sprinkler,14.5,21.6,Rice,86.2
Region_B,Loam,6.76,804.4,17.0,59.3,253.8,Rainfed,47.4,5.2,Rice,155.08
Region_B,Sandy,6.28,1499.0,19.7,88.3,235.3,Rainfed,13.5,16.9,Wheat,166.81
Region_D,Loam,6.86,1438.8,19.7,74.2,60.0,Rainfed,30.6,5.7,Maize,68.23
Region_A,Sandy,6.25,1187.0,26.2,52.7,70.5,Rainfed,31.2,24.2,Maize,72.42
Region_B,Loam,7.17,741.5,23.1,42.6,62.5,Rainfed,41.2,6.3,No_Previous_Crop,68.48
Region_A,Loam,5.63,1331.7,21.9,87.0,143.1,Drip,33.2,6.8,Maize,121.95
Region_A,Loam,6.5,672.4,25.4,60.1,136.1,Sprinkler,28.9,16.0,Maize,95.27
Region_B,Sandy,6.5,433.6,28.5,31.4,253.8,Rainfed,33.1,21.5,Barley,152.87
Region_B,Clay,7.15,580.1,28.6,63.3,189.3,Drip,4.7,5.7,Maize,123.68
Region_B,Loam,5.93,1198.2,34.8,87.3,294.8,Rainfed,34.4,20.3,Wheat,183.03
Region_C,Sandy,5.6,527.8,33.2,51.6,286.8,Rainfed,35.3,18.6,No_Previous_Crop,173.57
Region_A,Sandy,6.77,1457.8,20.7,69.0,192.2,Flood,6.5,10.1,No_Previous_Crop,138.72
Region_C,Loam,5.68,992.2,21.6,35.3,166.8,Flood,40.9,22.5,Barley,114.48
Region_B,Clay,5.62,250.6,31.3,30.9,133.1,Drip,7.3,23.1,No_Previous_Crop,81.03
Region_A,Sandy,6.71,995.9,34.9,74.1,234.4,Drip,47.3,12.6,Rice,153.6
Region_B,Clay,5.6,707.1,29.2,62.2,90.3,Sprinkler,14.3,22.6,Barley,65.67
Region_C,Loam,7.31,967.2,30.5,71.4,244.4,Rainfed,0.5,11.9,Barley,154.53
Region_C,Sandy,5.63,762.9,16.2,83.4,94.3,Flood,25.0,11.7,Maize,87.23
Region_D,Clay,6.67,1191.6,24.5,78.3,249.3,Sprinkler,41.0,16.6,Barley,173.6
Region_D,Loam,7.26,931.7,18.5,63.3,200.2,Drip,21.8,6.1,Rice,127.57
Region_B,Clay,5.71,1424.4,18.0,60.4,100.1,Flood,20.5,14.4,No_Previous_Crop,109.15
Region_B,Sandy,6.58,1272.4,33.0,44.1,194.5,Sprinkler,29.8,5.6,No_Previous_Crop,144.73
Region_C,Loam,6.76,929.8,17.1,85.8,226.3,Drip,18.2,14.2,Rice,140.75
Region_A,Sandy,7.09,1248.4,18.3,59.6,260.4,Drip,1.1,9.9,Rice,172.52
Region_D,Loam,6.71,1115.9,25.0,65.1,225.9,Sprinkler,16.5,13.7,No_Previous_Crop,152.24
Region_C,Clay,5.54,1341.9,27.4,82.0,284.5,Rainfed,3.0,17.2,Maize,199.52
Region_B,Clay,5.81,538.4,27.0,89.8,137.7,Rainfed,39.0,19.6,No_Previous_Crop,84.83
Region_A,Loam,6.3,279.7,33.7,60.9,67.6,Sprinkler,36.2,20.0,Maize,48.69
Region_B,Clay,6.77,716.7,34.9,64.8,73.0,Rainfed,49.1,12.4,No_Previous_Crop,63.24
Region_B,Sandy,6.12,307.9,21.4,52.9,192.0,Sprinkler,19.6,19.4,Rice,112.91
Region_C,Clay,6.36,1212.6,23.3,84.1,192.2,Flood,14.7,24.2,Barley,140.16
Region_C,Clay,6.98,1208.7,15.3,32.2,240.1,Drip,38.9,11.4,Wheat,160.03
Region_A,Sandy,6.53,726.5,17.2,75.5,242.7,Drip,4.4,14.0,No_Previous_Crop,148.49
Region_B,Loam,5.89,816.0,31.6,71.6,196.2,Drip,24.1,15.9,No_Previous_Crop,126.54
Region_B,Loam,7.41,831.1,33.0,46.1,120.9,Flood,16.8,13.9,Maize,93.3
Region_D,Loam,6.2,759.3,24.6,30.8,143.1,Rainfed,42.9,22.6,Maize,100.42
Region_A,Sandy,7.42,1046.9,30.0,76.5,82.7,Rainfed,0.9,16.3,Wheat,84.86
Region_B,Clay,7.45,453.6,16.1,74.2,228.7,Rainfed,8.3,19.7,Maize,135.85
Region_A,Sandy,7.01,1205.1,30.7,62.1,171.6,Drip,32.9,16.8,Rice,131.79
Region_A,Sandy,6.63,361.6,26.1,30.3,81.9,Sprinkler,35.8,17.4,Rice,55.7
Region_D,Clay,7.01,1046.0,29.4,62.1,119.6,Drip,40.8,12.1,Rice,91.6
Region_C,Clay,6.47,450.7,32.4,82.5,108.5,Drip,0.9,17.1,Maize,74.49
Region_D,Clay,6.62,968.2,21.8,73.1,186.5,Flood,39.3,5.6,No_Previous_Crop,128.01
Region_B,Clay,7.28,267.5,20.5,70.0,101.4,Rainfed,7.8,11.0,Barley,67.78
Region_C,Clay,6.41,1137.5,18.5,72.2,59.7,Drip,12.5,17.3,Maize,61.6
Region_B,Sandy,5.92,1251.9,17.4,89.4,172.7,Rainfed,7.7,14.4,No_Previous_Crop,126.61
Region_A,Loam,7.4,821.0,24.1,48.3,162.6,Rainfed,22.9,13.3,Maize,113.16
Region_B,Sandy,7.33,1306.2,21.3,50.6,168.6,Rainfed,34.6,8.3,Barley,134.8
Region_C,Sandy,6.45,376.1,17.9,71.6,64.4,Rainfed,19.7,24.8,Wheat,53.88
Region_C,Clay,6.76,1133.8,32.5,42.3,265.4,Flood,27.0,10.9,Maize,170.25
Region_B,Sandy,5.61,419.8,33.4,71.5,79.3,Flood,43.2,5.5,Maize,58.38
Region_D,Loam,7.01,369.2,34.3,47.5,226.7,Drip,10.9,13.2,No_Previous_Crop,128.78
Region_D,Sandy,6.54,562.2,28.9,53.2,194.0,Flood,11.5,22.9,Maize,115.85
Region_C,Loam,7.27,1241.8,24.1,77.4,157.3,Rainfed,44.1,6.6,Wheat,128.99
Region_A,Sandy,6.7,273.2,24.5,43.3,105.9,Rainfed,40.5,24.6,Rice,65.84
Region_C,Sandy,5.88,464.3,18.8,46.9,70.5,Sprinkler,28.3,13.7,Wheat,55.28
Region_A,Clay,5.81,642.6,26.6,46.0,272.0,Sprinkler,29.6,12.1,Wheat,161.54
Region_D,Loam,7.19,1130.6,33.2,51.4,194.4,Drip,43.6,25.0,Maize,132.63
Region_B,Sandy,6.58,496.3,22.1,58.4,111.8,Sprinkler,25.6,11.1,No_Previous_Crop,82.49
Region_B,Sandy,6.03,872.5,21.1,71.8,82.0,Flood,28.6,12.6,No_Previous_Crop,72.29
Region_A,Clay,7.36,865.1,21.0,88.5,159.2,Sprinkler,27.7,16.3,Maize,108.06
Region_C,Loam,6.94,1012.0,27.9,58.7,167.8,Rainfed,34.6,16.5,Maize,119.69
Region_B,Loam,5.55,1389.7,25.9,67.7,127.5,Drip,3.6,8.0,Maize,107.64
Region_B,Sandy,6.31,624.6,32.2,85.4,165.0,Rainfed,3.9,12.1,Maize,106.87
Region_C,Clay,7.19,1021.7,23.4,79.1,229.5,Rainfed,23.1,23.0,Maize,157.04
Region_C,Sandy,6.27,1160.6,30.6,80.8,67.0,Drip,3.2,5.9,Rice,82.68
Region_D,Loam,6.95,1244.3,30.5,66.3,132.0,Sprinkler,26.7,14.4,Maize,106.98
Region_D,Loam,6.21,599.8,17.6,61.0,199.4,Flood,29.4,12.2,No_Previous_Crop,119.46
Region_D,Loam,5.55,1002.2,22.8,58.3,228.2,Sprinkler,27.1,20.9,Barley,152.7
Region_B,Sandy,7.09,1034.5,27.8,40.4,215.3,Sprinkler,31.0,16.8,Wheat,141.62
Region_A,Loam,6.85,1185.8,22.4,34.9,250.2,Rainfed,8.5,9.3,Wheat,172.59
Region_D,Sandy,6.77,445.7,27.1,86.8,60.6,Flood,6.0,12.9,No_Previous_Crop,56.33
Region_D,Loam,6.69,721.8,30.7,81.7,99.1,Sprinkler,33.2,5.9,Rice,87.47
Region_A,Sandy,6.49,1185.2,17.8,37.9,159.5,Drip,43.0,7.8,Barley,114.09
Region_D,Clay,7.39,223.6,18.0,78.0,67.7,Rainfed,44.4,10.1,No_Previous_Crop,55.91
Region_D,Loam,5.77,283.9,19.7,73.3,242.5,Rainfed,5.3,13.5,No_Previous_Crop,130.66
Region_B,Loam,5.84,1248.2,28.4,79.3,135.7,Sprinkler,38.8,20.3,Maize,107.67
Region_C,Loam,6.32,1055.6,34.8,40.2,244.2,Flood,45.7,20.7,Barley,159.08
Region_B,Sandy,5.69,634.4,27.1,60.9,184.7,Flood,38.1,17.0,Maize,113.25
Region_B,Sandy,6.88,410.1,17.5,77.5,59.4,Drip,13.3,5.8,Barley,44.14
Region_B,Sandy,6.02,239.0,30.5,64.7,268.4,Drip,18.9,22.3,No_Previous_Crop,146.17
Region_C,Clay,7.36,1055.6,26.6,72.1,66.3,Drip,12.9,24.1,Wheat,74.74
Region_D,Sandy,6.85,1024.0,24.4,39.3,164.1,Flood,11.3,11.2,Rice,115.09
Region_D,Sandy,7.11,474.0,26.5,87.7,88.8,Flood,19.6,15.8,Barley,68.98
Region_A,Loam,6.09,1101.6,18.5,72.3,234.8,Drip,28.1,16.6,Wheat,155.36
Region_D,Sandy,6.63,1497.6,34.6,56.8,299.1,Rainfed,18.6,5.5,Barley,207.21
Region_B,Clay,6.22,494.3,31.2,39.4,244.0,Sprinkler,17.7,6.4,Maize,142.38
Region_A,Loam,6.16,958.0,25.5,64.9,85.3,Flood,46.1,5.3,No_Previous_Crop,77.76
Region_B,Loam,6.44,1303.0,19.3,72.4,185.6,Rainfed,47.0,7.8,Rice,135.19
Region_A,Sandy,5.93,1080.9,20.4,45.7,107.5,Drip,6.1,8.1,Barley,93.24
Region_D,Clay,6.06,261.8,21.2,55.6,105.5,Drip,10.1,5.2,No_Previous_Crop,69.95
Region_A,Sandy,5.92,1372.1,21.1,84.4,193.1,Rainfed,29.9,11.4,Maize,144.94
Region_B,Sandy,6.62,375.0,21.5,77.1,75.6,Rainfed,17.3,12.0,Maize,46.3
Region_B,Loam,6.91,635.4,16.8,66.6,63.3,Flood,1.1,16.0,Barley,53.7
Region_C,Clay,7.34,545.9,26.8,54.8,148.5,Sprinkler,25.7,22.2,Barley,91.19
Region_D,Sandy,5.71,219.3,32.9,34.1,59.5,Drip,1.6,24.2,No_Previous_Crop,46.26
Region_C,Clay,5.95,686.2,22.3,45.2,183.7,Rainfed,46.4,15.4,Barley,123.07
Region_C,Loam,6.63,660.7,33.5,60.9,99.0,Rainfed,28.0,10.1,Rice,75.85
Region_D,Clay,5.66,1367.2,28.0,79.1,175.6,Sprinkler,4.0,15.0,Barley,127.24
Region_D,Clay,5.95,345.9,28.6,45.4,93.4,Rainfed,23.6,9.8,Wheat,58.33
Region_D,Sandy,7.38,1314.3,34.7,35.0,169.9,Flood,25.6,11.4,Rice,119.34
Region_A,Loam,6.47,473.0,26.3,86.7,149.1,Rainfed,16.8,15.3,Maize,92.73
Region_A,Sandy,6.26,234.8,26.8,76.5,89.2,Rainfed,28.9,21.4,Maize,51.33
Region_C,Clay,7.18,265.2,26.3,66.1,179.1,Flood,42.2,19.7,Wheat,90.99
Region_A,Sandy,6.08,1281.1,16.8,45.9,221.0,Sprinkler,9.3,13.8,Rice,159.93
Region_C,Sandy,5.93,813.5,26.8,73.3,75.9,Sprinkler,14.8,19.6,No_Previous_Crop,73.14
Region_B,Sandy,6.61,1431.2,19.4,41.1,110.7,Flood,48.6,19.2,Wheat,98.2
Region_C,Sandy,6.83,1399.1,23.2,89.7,91.0,Rainfed,49.7,6.7,Rice,94.35
Region_C,Loam,6.98,844.6,33.1,80.7,189.1,Sprinkler,38.3,11.2,Wheat,129.02
Region_C,Sandy,6.97,338.9,15.7,61.5,264.5,Rainfed,36.7,17.8,Maize,142.64
Region_B,Clay,6.09,260.7,28.0,55.3,77.0,Flood,4.1,14.5,Maize,52.72
Region_A,Clay,7.21,1361.7,23.3,82.3,153.3,Flood,13.1,22.0,Maize,128.81
Region_C,Loam,6.68,702.5,16.7,65.8,259.2,Rainfed,45.3,17.1,Rice,148.52
Region_D,Loam,5.61,481.9,23.8,46.7,251.4,Drip,8.9,8.7,Maize,141.83
Region_C,Loam,6.29,502.5,21.5,45.8,277.8,Flood,11.9,20.8,Rice,156.18
Region_D,Sandy,6.47,848.7,17.9,68.0,227.5,Sprinkler,9.2,9.7,Wheat,143.48
Region_D,Clay,7.21,1208.9,20.1,45.8,80.0,Rainfed,10.4,5.0,Rice,74.07
Region_C,Loam,5.89,1425.8,28.8,74.5,299.7,Sprinkler,2.0,8.5,Barley,201.25
Region_C,Loam,6.37,1422.2,30.8,43.4,104.1,Rainfed,31.9,10.4,Maize,103.03
Region_B,Loam,7.42,241.8,24.2,87.0,91.1,Flood,31.5,18.3,Maize,53.45
Region_A,Sandy,6.26,493.6,19.3,77.7,254.9,Drip,7.0,13.7,Maize,151.59
Region_D,Loam,6.81,443.8,35.0,61.5,203.3,Flood,35.3,5.1,Rice,118.2
Region_B,Sandy,6.34,1240.4,23.1,86.0,186.8,Drip,25.9,10.2,Maize,130.93
Region_D,Loam,7.4,742.3,27.4,38.5,287.9,Rainfed,15.9,5.8,Wheat,179.76
Region_D,Loam,5.62,377.9,20.8,46.9,154.6,Flood,13.7,20.2,Maize,99.22
Region_B,Sandy,6.89,429.6,20.6,58.4,146.1,Drip,39.7,22.3,Maize,95.13
Region_A,Loam,5.94,832.0,22.5,63.7,258.7,Rainfed,6.3,19.7,Wheat,162.43
Region_B,Clay,5.57,424.8,33.0,40.6,207.7,Drip,30.8,13.9,Wheat,116.64
Region_D,Clay,6.33,746.1,23.5,32.3,199.1,Sprinkler,9.6,11.8,Barley,118.75
Region_B,Clay,6.71,545.8,31.8,73.7,63.9,Sprinkler,48.2,18.9,Barley,51.54
Region_A,Sandy,7.36,928.6,26.2,53.6,144.6,Flood,42.6,18.6,Rice,108.49
Region_C,Sandy,7.3,468.9,25.2,83.6,226.8,Flood,18.7,7.6,Barley,126.08
Region_C,Clay,7.39,1000.1,34.4,66.3,249.6,Sprinkler,4.0,9.7,Wheat,162.2
Region_C,Clay,7.37,1382.5,28.6,70.1,106.0,Drip,27.0,8.1,No_Previous_Crop,103.3
Region_C,Sandy,5.61,510.2,18.1,59.5,97.1,Sprinkler,34.0,19.8,Rice,73.22
Region_A,Sandy,6.06,1448.7,19.6,71.9,299.7,Sprinkler,24.6,20.0,Rice,203.29
Region_B,Sandy,5.94,318.5,17.7,66.2,284.7,Sprinkler,13.6,5.8,No_Previous_Crop,158.84
Region_B,Loam,6.01,972.2,32.6,62.7,298.3,Sprinkler,6.9,23.7,Rice,181.61
Region_B,Sandy,5.51,945.5,28.1,81.3,244.2,Sprinkler,40.7,19.9,No_Previous_Crop,150.75
Region_C,Sandy,6.63,465.6,21.0,54.2,240.5,Drip,44.6,12.5,Wheat,137.87
Region_B,Clay,7.02,1137.4,33.1,42.3,81.0,Flood,28.2,6.5,Maize,82.56
Region_B,Loam,5.8,1165.2,33.4,79.9,127.7,Flood,28.9,17.4,Barley,114.34
Region_B,Loam,7.22,341.1,16.3,38.8,126.8,Flood,37.9,20.2,Rice,75.04
Region_C,Sandy,7.22,1408.2,25.7,89.4,149.4,Flood,38.8,12.6,Wheat,123.83
Region_B,Loam,5.68,554.1,23.5,44.4,102.9,Flood,32.3,15.0,Wheat,69.84
Region_D,Clay,6.89,1178.7,30.8,67.9,75.2,Rainfed,30.0,14.1,Wheat,86.16
Region_B,Sandy,6.53,341.9,25.6,47.5,59.8,Rainfed,3.4,22.2,No_Previous_Crop,53.83
Region_A,Sandy,6.37,1461.6,27.3,77.8,290.3,Flood,13.7,12.0,Wheat,190.24
Region_A,Sandy,6.4,1354.5,33.8,35.1,98.1,Sprinkler,42.0,5.7,Wheat,89.31
Region_C,Clay,7.42,1496.0,30.9,61.9,102.8,Rainfed,2.8,24.7,Barley,107.01
Region_A,Clay,7.12,317.2,27.9,79.1,168.1,Rainfed,35.7,18.3,Barley,95.41
Region_B,Loam,6.28,831.3,15.2,82.3,257.7,Drip,46.6,6.1,Rice,155.16
Region_C,Loam,5.91,1303.7,16.1,48.1,250.0,Sprinkler,1.6,15.4,Wheat,160.64
Region_A,Clay,5.62,1144.2,23.3,58.6,124.0,Drip,31.9,10.1,Rice,105.07
Region_C,Loam,5.94,1175.5,15.4,58.2,67.5,Drip,9.9,10.8,Wheat,68.78
Region_A,Clay,5.74,782.5,22.8,48.6,85.9,Drip,13.1,19.3,Barley,65.86
Region_B,Sandy,6.71,680.7,31.5,86.0,160.5,Drip,44.1,10.8,Maize,118.35
Region_D,Clay,5.7,241.2,28.8,56.6,158.2,Drip,4.7,14.5,Barley,89.89
Region_D,Sandy,6.66,501.8,31.3,33.7,269.7,Flood,6.8,19.0,Barley,148.41
Region_D,Loam,6.87,649.3,17.6,67.8,164.5,Sprinkler,6.8,9.7,Rice,102.11
Region_B,Sandy,6.86,1073.0,18.9,31.1,135.7,Flood,12.9,21.8,Rice,103.03
Region_B,Loam,6.77,615.1,27.8,70.8,207.4,Rainfed,3.6,19.8,Barley,118.7
Region_D,Clay,7.02,1406.0,19.4,49.5,177.6,Rainfed,8.1,18.9,Wheat,138.31
Region_A,Sandy,6.61,588.8,21.6,72.3,268.2,Flood,9.5,23.4,Rice,157.71
Region_C,Clay,6.0,720.8,17.0,65.0,287.1,Flood,3.0,22.5,No_Previous_Crop,176.13
Region_A,Clay,7.3,909.9,15.9,56.2,113.4,Rainfed,10.5,7.4,Maize,85.82
Region_B,Sandy,7.09,1231.7,34.5,54.7,263.0,Sprinkler,29.8,24.1,Barley,175.01
Region_D,Sandy,6.98,968.7,19.6,60.0,186.9,Flood,17.0,10.5,Rice,126.64
Region_D,Loam,6.14,1249.3,25.3,61.0,212.9,Flood,31.0,17.2,No_Previous_Crop,155.18
Region_B,Clay,6.16,299.5,24.9,88.8,189.5,Rainfed,16.9,12.9,No_Previous_Crop,107.08
Region_C,Clay,6.07,667.1,23.4,49.0,204.9,Sprinkler,3.6,9.4,Rice,131.65
Region_C,Loam,6.15,883.5,34.7,45.1,212.4,Flood,23.6,8.8,Barley,149.1
Region_C,Sandy,5.72,799.3,27.8,63.9,140.4,Sprinkler,10.0,10.3,No_Previous_Crop,96.63
Region_A,Clay,6.03,1441.0,32.0,75.7,78.1,Sprinkler,26.9,21.6,Barley,90.92
Region_A,Loam,5.74,537.9,25.8,77.8,84.6,Flood,29.7,17.7,Rice,66.43
Region_A,Loam,6.31,703.4,28.5,38.7,117.8,Flood,6.3,18.3,Wheat,83.4
Region_A,Sandy,6.4,978.9,29.6,79.3,244.0,Rainfed,44.5,22.0,No_Previous_Crop,155.56
Region_A,Clay,5.8,670.0,27.5,37.1,134.2,Rainfed,22.7,14.7,No_Previous_Crop,97.38
Region_C,Clay,7.34,424.1,30.2,73.7,110.5,Sprinkler,31.3,5.9,Barley,77.42
Region_D,Sandy,6.67,544.9,17.1,85.5,169.1,Drip,3.0,13.0,No_Previous_Crop,99.27
Region_C,Loam,7.01,1289.0,30.7,54.8,190.5,Sprinkler,7.0,14.3,Maize,144.13
Region_D,Loam,6.02,569.6,16.0,47.7,84.6,Sprinkler,21.2,13.4,Wheat,58.2
Region_A,Loam,6.12,405.1,28.2,45.5,137.0,Rainfed,14.6,18.8,Barley,90.68
Region_D,Clay,6.46,553.8,33.5,69.1,65.9,Rainfed,27.7,6.0,Rice,51.36
Region_A,Clay,5.72,601.0,19.4,37.8,181.4,Drip,7.1,17.8,Maize,116.4
Region_A,Sandy,6.43,1377.0,21.2,88.0,159.7,Drip,45.8,13.1,Wheat,120.2
Region_B,Sandy,6.96,202.3,20.0,77.7,175.7,Flood,46.6,17.7,Wheat,97.86
Region_D,Loam,6.27,203.9,32.5,30.4,185.2,Rainfed,26.6,23.6,No_Previous_Crop,104.26
Region_B,Clay,5.89,484.5,23.6,39.2,67.9,Sprinkler,36.6,19.5,Barley,48.3
Region_A,Sandy,5.79,1399.2,22.5,59.7,288.3,Flood,16.5,8.6,Barley,189.35
Region_C,Loam,5.89,820.9,25.7,57.9,178.4,Sprinkler,9.2,9.4,Wheat,128.0
Region_C,Loam,6.52,502.2,23.9,89.5,64.7,Flood,35.7,11.2,Barley,48.18
Region_B,Clay,6.35,542.9,25.1,68.8,205.2,Rainfed,28.9,10.5,No_Previous_Crop,115.16
Region_D,Clay,7.46,1249.9,18.3,82.4,293.3,Sprinkler,22.1,11.7,Rice,180.07
Region_D,Clay,5.78,838.3,29.6,70.0,247.1,Sprinkler,34.8,5.4,Maize,149.92
Region_D,Clay,6.03,1215.4,27.0,65.9,203.4,Rainfed,42.5,5.8,Maize,139.39
Region_B,Sandy,7.38,697.1,26.3,76.6,176.9,Flood,4.5,21.9,Rice,122.29
Region_B,Sandy,6.84,815.5,31.1,48.0,135.2,Sprinkler,46.4,16.1,Wheat,96.49
Region_B,Clay,6.49,1060.6,26.4,34.0,213.3,Rainfed,27.9,11.5,Wheat,149.13
Region_A,Clay,7.13,591.2,23.5,50.7,125.1,Rainfed,8.2,16.3,Wheat,78.15
Region_D,Loam,7.46,426.2,20.0,60.6,147.6,Rainfed,48.7,6.0,No_Previous_Crop,85.36
Region_C,Sandy,6.39,1250.7,22.6,80.8,140.9,Sprinkler,14.1,17.8,Maize,107.42
Region_A,Sandy,5.81,644.2,29.3,35.7,177.4,Sprinkler,2.2,15.5,Maize,111.56
Region_B,Loam,6.35,660.8,32.8,61.7,227.6,Flood,8.0,15.8,Barley,137.93
Region_A,Loam,6.51,944.2,33.5,66.9,138.4,Flood,7.2,9.6,Maize,96.52
Region_D,Clay,7.11,901.0,25.7,46.2,299.6,Sprinkler,16.0,16.6,No_Previous_Crop,173.04
Region_A,Loam,6.33,1439.1,33.1,66.5,183.4,Rainfed,10.1,24.5,No_Previous_Crop,142.53
Region_B,Clay,6.17,510.0,20.4,85.0,231.5,Rainfed,16.5,6.7,No_Previous_Crop,142.5
Region_D,Sandy,6.2,368.3,27.8,67.7,133.7,Sprinkler,46.5,18.2,Barley,83.44
Region_D,Sandy,6.25,368.3,16.4,58.5,188.7,Rainfed,44.2,24.7,Maize,110.22
Region_A,Clay,6.12,1476.0,29.0,84.5,297.6,Flood,30.4,9.0,Maize,188.01
Region_A,Loam,6.64,625.7,26.6,81.6,131.5,Rainfed,44.9,6.1,Rice,94.77
Region_D,Clay,5.8,804.3,21.5,42.7,259.9,Sprinkler,25.8,11.8,Barley,155.2
Region_C,Sandy,6.73,331.5,19.4,50.9,76.1,Flood,47.9,9.1,Rice,49.02
Region_A,Sandy,7.2,1300.2,26.5,42.4,241.4,Flood,33.7,14.1,Maize,160.71
Region_A,Clay,6.61,758.4,16.8,74.1,202.6,Sprinkler,3.2,23.7,Barley,118.04
Region_C,Clay,7.37,1015.3,15.2,58.6,241.3,Flood,33.7,7.6,Wheat,159.71
Region_B,Sandy,7.08,643.1,16.6,57.3,61.6,Drip,13.1,5.7,Wheat,42.48
Region_C,Loam,6.39,1108.8,16.7,52.2,223.4,Drip,35.5,9.5,Wheat,153.24
Region_B,Loam,7.15,363.0,22.4,30.9,96.9,Drip,40.8,13.7,Barley,58.09
Region_B,Clay,6.27,255.3,27.8,73.3,254.2,Drip,46.6,7.7,Wheat,143.52
Region_A,Sandy,7.29,1452.7,27.0,36.8,144.2,Sprinkler,49.3,21.2,Wheat,123.9
Region_D,Loam,6.77,307.5,16.2,71.3,53.9,Sprinkler,20.5,21.7,Barley,35.68
Region_D,Sandy,5.54,1442.1,24.8,60.6,164.3,Rainfed,13.7,18.8,Barley,132.2
Region_D,Sandy,7.15,290.4,27.4,52.3,232.8,Drip,15.1,16.3,Maize,126.35
Region_B,Clay,6.28,972.1,22.7,34.8,243.4,Drip,49.9,8.3,Barley,155.52
Region_B,Sandy,6.82,1203.8,27.2,55.3,166.8,Sprinkler,8.8,23.2,Maize,119.7
Region_B,Loam,6.18,279.7,27.3,73.3,168.0,Rainfed,30.8,22.1,Maize,98.48
Region_B,Sandy,7.27,995.4,23.0,38.6,176.4,Sprinkler,16.4,10.0,Maize,128.49
Region_A,Sandy,7.2,1090.7,32.8,42.9,228.0,Flood,45.8,8.1,Wheat,168.94
Region_B,Sandy,6.29,1264.3,32.0,46.9,148.8,Rainfed,20.1,21.5,Maize,112.88
Region_B,Sandy,7.01,690.2,31.1,58.1,149.2,Drip,14.7,10.1,Rice,95.92
Region_A,Loam,6.04,812.5,33.6,67.5,60.0,Rainfed,37.5,5.2,Wheat,71.27
Region_A,Sandy,6.77,302.7,28.8,52.3,149.9,Sprinkler,24.1,5.8,Wheat,92.03
Region_A,Sandy,5.94,552.9,21.5,79.3,122.4,Drip,40.9,19.6,Wheat,85.37
Region_A,Clay,7.01,636.3,28.7,68.1,77.4,Rainfed,10.5,19.7,Maize,62.03
Region_B,Clay,6.05,203.9,15.9,45.0,177.3,Drip,14.4,23.7,Rice,98.31
Region_C,Loam,5.78,253.3,34.0,53.8,238.0,Sprinkler,14.6,7.8,No_Previous_Crop,127.5
Region_B,Sandy,7.19,665.6,19.6,50.0,81.1,Drip,11.8,9.3,Maize,68.32
Region_B,Loam,5.66,234.4,20.6,46.7,152.4,Drip,34.5,24.8,Rice,84.63
Region_B,Clay,7.03,985.5,21.8,67.0,169.2,Rainfed,47.5,21.6,No_Previous_Crop,116.69
Region_B,Sandy,5.55,1488.7,32.5,66.6,225.8,Drip,10.6,21.5,No_Previous_Crop,164.33
Region_C,Clay,6.1,619.1,27.7,38.5,66.8,Flood,35.1,21.2,Maize,55.85
Region_B,Sandy,6.29,1429.6,31.7,39.6,295.8,Drip,40.1,24.3,Wheat,191.36
Region_D,Loam,6.57,1488.3,16.6,33.3,231.3,Drip,20.0,23.5,Maize,170.77
Region_A,Clay,7.33,1432.8,22.9,71.0,76.5,Drip,34.0,5.6,Wheat,84.8
Region_A,Loam,6.41,419.0,25.0,50.8,152.4,Flood,26.7,8.2,Barley,94.65
Region_C,Clay,7.11,383.7,15.4,55.1,209.0,Rainfed,41.3,14.3,Rice,118.37
Region_A,Sandy,5.96,1464.3,25.8,41.9,272.8,Drip,46.3,19.0,No_Previous_Crop,181.76
Region_C,Sandy,6.47,395.4,27.5,47.1,95.4,Rainfed,6.3,12.5,Maize,71.95
Region_B,Sandy,7.45,1378.6,24.0,86.9,155.7,Flood,6.1,6.7,No_Previous_Crop,129.66
Region_D,Sandy,5.88,809.0,24.8,51.3,175.1,Rainfed,44.1,10.0,Wheat,124.17
Region_B,Loam,6.56,979.9,19.4,70.1,280.6,Sprinkler,6.8,6.4,No_Previous_Crop,171.91
Region_A,Clay,6.72,531.5,15.5,66.1,296.3,Drip,38.1,5.2,No_Previous_Crop,169.35
Region_D,Sandy,6.41,1469.9,15.5,87.9,111.0,Rainfed,26.2,8.7,Rice,100.84
Region_C,Loam,6.13,1176.7,23.6,57.3,213.6,Sprinkler,25.6,13.5,No_Previous_Crop,149.47
Region_B,Loam,6.99,253.0,18.1,76.3,85.8,Flood,0.8,24.8,Wheat,49.38
Region_A,Loam,6.27,393.7,16.7,76.7,244.6,Drip,20.4,8.3,Rice,142.53
Region_D,Loam,5.79,1173.9,24.0,70.0,209.2,Sprinkler,39.7,8.6,Barley,148.7
Region_A,Clay,6.15,868.5,21.5,63.1,267.9,Rainfed,9.9,15.0,Barley,156.93
Region_C,Clay,6.5,1465.6,30.4,67.9,78.5,Flood,42.9,9.1,Wheat,91.98
Region_D,Sandy,6.75,1269.4,18.3,81.8,216.4,Rainfed,39.5,11.2,Maize,152.73
Region_D,Sandy,6.58,398.7,31.0,76.2,180.7,Drip,37.0,7.8,Rice,118.43
Region_D,Sandy,6.59,333.5,16.0,89.6,121.1,Flood,0.9,10.1,Maize,75.12
Region_C,Loam,6.34,462.7,27.7,70.3,219.4,Rainfed,40.4,20.2,Maize,127.99
Region_C,Loam,6.77,849.7,16.7,73.0,139.0,Sprinkler,10.4,15.5,No_Previous_Crop,105.49
Region_B,Loam,5.69,1407.3,26.1,65.8,71.1,Rainfed,44.7,18.6,Rice,86.89
Region_B,Clay,7.48,606.2,23.1,72.8,82.0,Rainfed,20.8,12.0,Barley,59.83
Region_B,Sandy,6.46,1281.1,18.9,30.7,271.2,Flood,40.4,8.5,Barley,181.67
Region_D,Loam,6.74,559.4,29.8,31.8,173.1,Drip,13.5,15.6,Rice,120.69
Region_C,Clay,5.84,518.5,16.3,68.1,198.2,Rainfed,18.5,14.0,Wheat,111.05
Region_B,Loam,6.97,944.2,33.2,68.2,280.1,Rainfed,44.2,12.9,Rice,177.16
Region_B,Clay,7.28,424.2,22.6,36.5,293.9,Sprinkler,30.5,8.8,Wheat,164.73
Region_A,Loam,6.99,253.7,31.6,32.4,222.7,Flood,46.6,20.2,No_Previous_Crop,128.72
Region_A,Clay,6.02,207.8,17.7,53.7,64.4,Flood,43.7,19.7,Maize,38.5
Region_C,Clay,6.19,353.2,31.2,81.7,57.3,Drip,43.1,13.3,Wheat,47.19
Region_A,Loam,6.53,926.7,28.1,51.3,153.9,Flood,35.7,6.9,Maize,113.71
Region_A,Loam,7.27,390.0,20.7,87.0,164.9,Rainfed,12.3,11.8,No_Previous_Crop,100.9
Region_D,Sandy,6.33,398.7,33.4,85.4,123.7,Rainfed,27.6,22.2,Rice,78.67
Region_B,Clay,5.62,1128.0,26.1,30.2,161.2,Rainfed,29.4,9.5,Wheat,113.58
Region_C,Clay,6.98,1424.0,20.2,46.1,90.0,Drip,10.5,12.3,Maize,93.81
Region_D,Sandy,7.4,1386.9,17.7,40.4,282.9,Rainfed,24.8,9.3,Rice,185.69
Region_C,Clay,7.13,1471.1,29.5,75.5,167.6,Rainfed,2.6,13.7,No_Previous_Crop,138.01
Region_B,Sandy,6.07,676.3,15.9,55.7,285.3,Sprinkler,10.3,5.9,Rice,170.65
Region_C,Sandy,7.37,252.1,27.9,54.9,63.6,Sprinkler,21.1,14.2,Maize,51.52
Region_A,Sandy,6.27,883.1,18.3,48.4,240.2,Flood,17.4,24.0,Wheat,145.07
Region_B,Sandy,5.88,1173.4,27.4,33.6,280.7,Rainfed,33.8,11.1,Maize,178.94
Region_C,Clay,7.42,1190.4,34.7,54.1,278.4,Rainfed,24.3,10.0,Wheat,174.62
Region_A,Sandy,5.63,743.9,26.0,71.3,295.7,Sprinkler,27.0,7.4,Rice,180.82
Region_B,Sandy,6.21,1373.4,33.8,76.2,160.4,Sprinkler,39.2,22.2,Barley,123.8
Region_D,Loam,7.16,916.1,29.3,51.1,151.7,Rainfed,47.7,15.3,Barley,110.0
Region_D,Sandy,7.4,244.3,20.3,68.6,299.6,Sprinkler,25.8,5.9,Wheat,162.73
Region_C,Clay,5.62,1391.6,23.2,58.3,157.3,Drip,31.2,20.2,Wheat,120.69
Region_B,Clay,5.91,1435.3,23.6,89.1,62.4,Sprinkler,30.4,15.9,Wheat,76.82
Region_B,Loam,5.53,1249.8,23.4,73.9,98.3,Drip,3.5,15.1,Wheat,87.99
Region_C,Loam,5.79,677.3,16.1,64.1,160.4,Drip,10.2,20.8,Wheat,105.22
Region_D,Loam,6.61,1207.5,16.6,36.7,135.7,Flood,28.0,11.4,Wheat,100.8
Region_C,Sandy,5.96,567.0,22.4,57.1,178.3,Flood,8.8,13.7,Wheat,109.42
Region_C,Clay,6.52,1454.5,29.5,76.6,96.9,Flood,16.7,17.2,Maize,94.42
Region_C,Loam,5.81,335.1,28.9,73.2,164.7,Rainfed,2.4,22.8,Maize,97.0
Region_A,Sandy,6.68,617.3,21.6,89.5,224.3,Sprinkler,21.9,11.9,Maize,133.94
Region_A,Loam,5.55,593.7,26.3,51.1,158.0,Drip,31.1,10.7,Wheat,116.55
Region_A,Loam,5.81,1328.7,15.1,40.0,228.4,Rainfed,37.8,23.3,Barley,160.15
Region_C,Clay,5.77,867.1,15.5,82.3,90.4,Rainfed,18.5,21.5,Rice,70.1
Region_B,Clay,6.54,1170.0,21.4,48.0,266.4,Sprinkler,3.1,14.4,No_Previous_Crop,177.23
Region_C,Loam,6.36,960.9,35.0,79.8,142.0,Flood,3.9,8.4,No_Previous_Crop,109.02
Region_D,Clay,6.65,1140.3,19.5,84.8,243.6,Drip,9.5,19.4,Rice,163.41
Region_C,Sandy,6.21,1401.0,23.2,79.8,253.2,Drip,30.6,14.9,Maize,166.66
Region_A,Loam,7.45,743.9,30.5,49.0,148.0,Sprinkler,48.4,16.0,Wheat,107.07
Region_B,Sandy,5.54,1121.7,34.8,71.9,222.2,Rainfed,40.3,10.4,Maize,152.35
Region_D,Loam,5.71,975.7,16.0,42.3,105.2,Flood,47.2,19.9,Rice,83.43
Region_B,Loam,5.74,1450.6,23.9,71.2,256.8,Rainfed,32.3,5.7,No_Previous_Crop,175.81
Region_D,Clay,6.46,215.0,26.4,39.2,292.0,Sprinkler,20.4,17.8,No_Previous_Crop,162.18
Region_A,Clay,7.21,896.1,20.8,40.5,220.6,Drip,10.4,24.5,Barley,134.03
Region_D,Clay,7.35,1387.8,20.7,49.0,138.4,Sprinkler,6.2,20.7,No_Previous_Crop,113.12
Region_D,Clay,5.92,548.3,24.8,80.5,98.4,Drip,11.7,23.8,Rice,75.69
Region_C,Sandy,6.22,397.9,15.2,45.7,221.9,Rainfed,11.8,11.3,Maize,131.39
Region_D,Sandy,5.65,1416.7,20.6,62.6,76.2,Drip,26.9,22.4,Rice,78.52
Region_A,Clay,5.62,314.0,35.0,71.1,75.4,Flood,9.1,5.9,Maize,57.06
Region_A,Loam,6.5,913.2,23.0,35.6,207.0,Flood,2.8,14.8,Barley,135.13
Region_C,Clay,6.79,1416.2,17.2,84.8,161.3,Flood,13.8,17.9,Barley,130.33
Region_C,Clay,6.7,1312.0,33.2,67.3,264.9,Drip,24.7,8.4,Maize,175.49
Region_D,Loam,7.25,242.7,31.9,35.8,217.3,Flood,17.2,13.8,No_Previous_Crop,118.89
Region_B,Loam,7.45,1238.0,25.9,33.0,100.8,Drip,48.5,22.4,Rice,88.44
Region_B,Loam,6.44,1091.2,20.8,89.1,273.7,Rainfed,15.9,23.7,Wheat,169.08
Region_C,Loam,6.16,407.9,26.6,50.5,185.2,Flood,47.2,11.0,Rice,108.48
Region_D,Loam,6.37,844.6,16.2,78.6,257.7,Drip,14.7,23.4,Rice,157.47
Region_D,Clay,5.67,475.8,20.5,88.6,227.9,Flood,34.1,23.0,Maize,130.35
Region_B,Clay,5.88,1478.5,22.6,78.2,81.9,Sprinkler,47.5,7.7,Wheat,92.11
Region_A,Clay,6.63,1365.0,24.3,40.9,85.4,Rainfed,33.3,7.5,Rice,89.75
Region_A,Loam,6.99,923.9,35.0,72.3,161.4,Flood,5.3,23.5,Barley,124.58
Region_A,Sandy,5.61,1103.6,19.9,51.2,242.2,Flood,36.2,6.4,Rice,151.96
Region_B,Loam,5.8,1301.7,15.6,40.4,101.8,Sprinkler,40.2,14.2,Maize,92.54
Region_B,Loam,5.98,656.6,22.2,72.0,193.7,Drip,45.6,20.1,Maize,118.99
Region_A,Loam,6.53,1176.0,17.2,83.5,180.2,Flood,1.4,16.5,Barley,139.73
Region_A,Loam,6.77,496.2,23.8,82.8,276.9,Flood,41.8,12.5,Rice,161.0
Region_C,Sandy,6.72,567.8,32.8,89.9,218.2,Drip,6.1,7.8,Rice,129.58
Region_B,Loam,6.39,662.4,15.8,83.2,258.5,Drip,9.5,18.2,Rice,153.32
Region_A,Sandy,7.04,1264.6,20.6,85.2,270.1,Flood,11.2,7.1,Rice,172.1
Region_A,Loam,6.29,1351.3,21.3,35.1,231.6,Drip,18.5,19.5,Wheat,158.22
Region_D,Loam,6.83,1011.2,15.8,37.0,77.0,Flood,34.3,13.7,Maize,73.51
Region_B,Clay,6.09,825.7,29.4,32.8,254.3,Flood,27.0,15.6,Rice,161.29
Region_A,Sandy,7.29,1128.3,24.5,41.4,173.8,Sprinkler,40.6,5.9,Rice,133.07
Region_D,Clay,6.8,1076.3,22.4,44.9,276.0,Sprinkler,5.4,14.6,No_Previous_Crop,179.24
Region_A,Loam,7.45,346.5,26.4,60.2,230.3,Drip,8.2,24.3,Maize,133.04
Region_A,Clay,7.27,377.3,27.6,86.6,91.8,Rainfed,34.7,5.3,Rice,58.5
Region_A,Sandy,5.58,1351.3,17.5,37.7,71.1,Drip,34.6,18.2,Rice,72.66
Region_A,Loam,7.13,916.5,21.1,48.0,99.6,Flood,38.5,24.9,Rice,73.81
Region_D,Sandy,6.85,1274.6,31.3,44.4,76.9,Rainfed,2.5,24.9,Rice,84.91
Region_D,Clay,6.81,1385.9,32.2,78.7,83.4,Flood,45.5,23.3,Rice,81.61
Region_C,Sandy,5.95,1132.8,19.3,63.7,242.2,Flood,6.1,24.2,Maize,161.84
Region_A,Sandy,6.3,1154.0,32.9,46.2,275.3,Flood,14.5,22.3,Barley,173.19
Region_B,Loam,7.04,542.4,26.1,36.7,226.4,Rainfed,34.0,18.2,Rice,137.77
Region_D,Clay,6.6,1234.0,22.4,47.0,237.1,Flood,27.6,21.6,Maize,167.06
Region_B,Clay,6.45,1277.6,19.8,74.8,70.1,Sprinkler,17.0,22.9,Wheat,75.34
Region_D,Sandy,6.94,573.6,30.8,38.0,225.2,Rainfed,39.7,20.1,No_Previous_Crop,132.04
Region_D,Loam,6.28,744.1,15.7,59.0,208.5,Rainfed,46.5,8.3,Rice,130.76
Region_D,Clay,6.86,357.9,26.0,74.9,140.8,Flood,32.1,9.1,Rice,92.89
Region_B,Loam,6.7,1428.9,26.7,88.2,190.2,Sprinkler,27.0,22.2,No_Previous_Crop,142.53
Region_D,Clay,6.65,628.4,24.9,44.8,288.5,Sprinkler,28.2,21.0,Maize,160.76
Region_B,Sandy,5.66,1055.7,31.0,77.7,271.6,Flood,18.0,24.0,No_Previous_Crop,183.45
Region_D,Sandy,6.38,522.6,17.6,38.1,79.2,Flood,46.5,20.5,Maize,49.18
Region_B,Sandy,5.55,440.3,15.5,32.2,280.0,Drip,24.4,17.9,Maize,160.05
Region_D,Loam,5.74,1044.4,34.1,55.4,227.8,Drip,47.8,24.6,Wheat,150.51
Region_B,Clay,7.47,1079.8,20.2,87.9,257.0,Flood,15.4,6.2,Wheat,152.33
Region_B,Loam,6.71,1487.0,17.9,31.9,171.1,Sprinkler,19.5,19.6,Rice,131.01
Region_A,Loam,6.32,713.8,24.6,48.2,262.4,Rainfed,20.6,7.7,No_Previous_Crop,151.03
Region_B,Loam,7.2,866.2,33.4,84.8,125.1,Drip,0.5,14.4,No_Previous_Crop,100.27
Region_D,Loam,5.97,690.2,32.7,40.8,76.1,Drip,44.0,10.3,No_Previous_Crop,62.26
Region_C,Clay,6.32,673.5,24.5,74.2,286.8,Sprinkler,11.1,19.5,Rice,167.05
Region_C,Clay,7.36,722.9,25.5,39.5,218.4,Flood,40.7,14.1,Rice,136.07
Region_B,Loam,5.92,965.8,21.3,30.0,129.5,Flood,30.2,16.6,Barley,94.49
Region_A,Loam,5.89,1132.3,16.7,42.6,273.5,Sprinkler,39.4,21.0,Wheat,166.19
Region_D,Sandy,5.6,950.7,30.3,75.3,256.8,Rainfed,20.5,7.9,Rice,167.9
Region_A,Clay,6.63,552.3,16.7,43.9,77.5,Sprinkler,38.4,21.5,Wheat,55.55
Region_C,Loam,5.74,790.6,17.9,88.4,57.2,Flood,41.5,5.7,Rice,58.42
Region_C,Sandy,6.36,1064.1,27.2,65.4,236.4,Drip,42.3,24.7,Barley,154.84
Region_B,Sandy,7.02,1123.0,27.4,66.2,190.8,Flood,22.5,18.6,Barley,141.5
Region_B,Sandy,5.97,968.2,32.6,88.9,279.6,Rainfed,10.6,12.4,Wheat,168.08
Region_C,Clay,6.13,338.7,26.3,38.0,122.6,Drip,21.9,7.2,Rice,75.03
Region_C,Sandy,7.15,432.5,25.1,78.7,205.7,Sprinkler,22.5,17.4,Barley,122.42
Region_B,Sandy,5.66,246.7,29.7,46.5,287.8,Rainfed,6.4,5.9,Rice,157.46
Region_A,Loam,7.01,972.4,34.4,58.2,188.0,Rainfed,26.4,14.2,Maize,128.91
Region_C,Loam,7.18,679.4,24.0,72.8,74.2,Sprinkler,33.3,22.8,No_Previous_Crop,54.81
Region_B,Loam,7.46,425.6,34.4,40.9,105.7,Sprinkler,46.2,12.4,No_Previous_Crop,69.1
Region_A,Sandy,7.01,742.7,16.5,43.3,75.5,Flood,33.6,19.1,Rice,64.26
Region_D,Loam,6.16,368.0,32.3,39.2,72.7,Drip,2.3,12.3,No_Previous_Crop,56.82
Region_A,Sandy,5.91,367.7,32.9,54.4,92.4,Sprinkler,22.8,6.3,Barley,74.93
Region_B,Sandy,6.35,1474.0,33.7,57.7,225.6,Flood,6.2,11.6,Wheat,172.69
Region_D,Loam,6.84,1166.7,31.1,79.3,185.8,Drip,47.0,7.2,Barley,137.95
Region_B,Clay,7.28,1378.0,21.1,56.3,235.8,Sprinkler,6.8,10.4,No_Previous_Crop,169.24
Region_D,Sandy,6.77,428.6,19.4,59.0,101.3,Sprinkler,1.2,11.3,Rice,75.42
Region_B,Clay,6.95,712.6,25.1,54.0,76.4,Rainfed,18.5,7.4,No_Previous_Crop,64.9
Region_D,Loam,6.79,1260.0,22.7,68.3,195.8,Sprinkler,22.5,12.4,Maize,138.4
Region_A,Sandy,5.69,371.4,27.3,60.2,78.5,Flood,28.2,13.5,Barley,57.13
Region_B,Sandy,6.35,238.7,18.6,77.4,229.9,Drip,0.3,12.5,Rice,131.55
Region_B,Clay,6.73,389.9,33.1,49.4,56.4,Rainfed,16.3,9.2,Barley,42.18
Region_D,Loam,7.45,1344.2,16.0,81.3,273.9,Sprinkler,3.9,19.4,No_Previous_Crop,180.3
Region_D,Sandy,6.32,1498.5,17.9,70.8,155.9,Drip,16.9,12.3,No_Previous_Crop,123.33
Region_B,Loam,6.04,739.1,27.5,37.2,166.4,Rainfed,22.9,8.9,Rice,111.58
Region_D,Sandy,7.25,920.4,34.1,82.4,124.2,Drip,38.0,22.2,Barley,97.84
Region_C,Loam,6.7,477.1,31.9,76.2,186.7,Flood,16.6,12.7,Wheat,113.64
Region_D,Loam,5.68,220.0,33.2,38.7,271.6,Flood,8.3,23.5,Barley,146.34
Region_D,Sandy,6.78,945.1,19.9,30.7,58.9,Drip,20.0,6.8,Rice,62.16
Region_D,Clay,6.79,648.0,15.7,82.1,266.5,Sprinkler,35.0,18.8,Maize,152.69
Region_D,Loam,7.44,1409.7,23.9,86.8,249.9,Flood,1.2,12.3,Rice,171.89
Region_B,Clay,7.13,1052.2,20.4,41.3,274.2,Flood,27.1,9.9,Wheat,172.2
Region_A,Loam,6.96,449.8,23.0,80.7,138.5,Rainfed,23.3,9.7,Maize,92.22
Region_A,Loam,5.67,423.9,15.3,71.7,86.8,Sprinkler,39.2,11.6,Wheat,54.61
Region_A,Loam,6.56,636.2,24.1,58.8,128.8,Drip,43.4,16.9,Wheat,91.77
Region_C,Loam,5.55,476.6,20.6,66.8,293.9,Sprinkler,9.1,9.8,No_Previous_Crop,167.33
Region_D,Sandy,6.69,673.5,24.9,83.3,111.8,Drip,34.8,10.7,No_Previous_Crop,76.63
Region_D,Sandy,6.07,628.8,18.4,82.1,225.8,Drip,46.3,12.3,Maize,137.41
Region_A,Loam,6.97,703.4,26.6,56.4,134.8,Rainfed,1.4,14.4,Maize,98.32
Region_A,Loam,6.79,1422.7,31.4,47.1,224.9,Sprinkler,22.9,22.9,Rice,171.18
Region_C,Sandy,6.27,752.1,21.0,61.6,208.8,Rainfed,41.7,20.6,Wheat,132.38
Region_A,Loam,7.08,678.1,28.4,73.4,122.0,Sprinkler,21.7,5.6,Barley,84.75
Region_A,Loam,6.99,406.5,16.8,68.1,252.4,Flood,42.5,16.1,No_Previous_Crop,138.01
Region_D,Sandy,6.97,1203.6,15.6,52.5,228.8,Flood,38.1,13.2,Rice,154.78
Region_A,Sandy,7.32,1187.1,24.0,68.4,52.8,Sprinkler,16.3,24.7,Maize,61.88
Region_D,Clay,6.53,240.3,33.3,72.4,140.2,Sprinkler,9.3,17.2,No_Previous_Crop,87.5
Region_D,Clay,7.36,1311.9,27.6,80.2,238.9,Flood,49.5,19.3,Maize,159.84
Region_A,Clay,5.55,886.0,15.4,48.7,156.8,Rainfed,39.3,7.6,Maize,103.21
Region_C,Clay,7.28,531.4,18.6,37.4,297.0,Flood,49.3,16.8,No_Previous_Crop,167.88
Region_A,Sandy,6.15,663.8,23.7,38.3,82.1,Drip,11.8,16.1,Barley,61.53
Region_A,Sandy,6.97,536.2,24.0,52.0,264.2,Rainfed,43.9,22.7,No_Previous_Crop,152.01
Region_B,Clay,7.23,1322.7,22.8,44.0,277.0,Rainfed,24.8,15.6,Maize,172.92
Region_D,Clay,7.29,777.7,26.5,30.7,69.6,Drip,44.6,5.9,Wheat,62.25
Region_A,Clay,5.89,601.2,24.6,56.9,86.4,Rainfed,45.7,15.9,Maize,66.53
Region_A,Clay,6.48,1049.3,18.3,34.5,246.3,Sprinkler,9.5,14.6,Rice,159.64
Region_D,Clay,5.94,1346.9,32.0,67.3,85.7,Sprinkler,25.9,22.8,Rice,90.32
Region_D,Sandy,7.17,960.9,32.2,45.5,252.4,Rainfed,34.3,24.7,Wheat,162.5
Region_D,Clay,6.31,784.8,31.4,82.5,221.2,Rainfed,6.2,15.1,Wheat,141.09
Region_D,Sandy,6.76,1336.4,20.6,34.8,135.6,Rainfed,44.7,20.2,Wheat,108.21
Region_B,Loam,7.38,864.4,32.9,39.5,238.8,Sprinkler,19.6,5.6,Maize,148.93
Region_C,Loam,7.4,605.4,28.1,63.9,224.7,Sprinkler,12.1,24.9,Barley,131.38
Region_A,Clay,7.27,244.3,15.5,53.4,71.1,Drip,0.8,23.1,Wheat,50.42
Region_A,Sandy,6.91,614.2,30.0,84.2,85.2,Rainfed,21.7,8.3,Maize,68.24
