Soil_pH,Rainfall_mm,Temperature_C,Humidity_pct,Fertilizer_Used_kg,Pesticides_Used_kg,Planting_Density,Region_Region_B,Region_Region_C,Region_Region_D,Soil_Type_Loam,Soil_Type_Sandy,Irrigation_Flood,Irrigation_Rainfed,Irrigation_Sprinkler,Previous_Crop_Maize,Previous_Crop_No_Previous_Crop,Previous_Crop_Rice,Previous_Crop_Wheat,Yield_ton_per_ha,split
-0.8230665077182758,-1.3741944846507181,-1.5191048160635994,1.544748673625038,1.44039000613258,0.2858698136314489,-0.44137473418643497,False,True,False,True,False,False,False,True,False,True,False,False,151.96,train
-1.6814798096533896,-1.1189392652631964,1.3757900867919237,-1.1411835372564596,0.43170403914340694,0.38515119674444614,-0.1673977341712917,True,False,False,False,False,False,False,False,False,False,False,True,116.64,train
0.3506822928868829,-1.1705248750451773,-1.0366223322543455,1.354543173712829,-1.4674081607741398,0.8673750575790034,1.579205640925247,False,False,False,False,False,True,False,False,False,True,False,False,51.19,train
-0.2624700656382002,1.6583978914443844,1.5136422250231385,-0.9106314161507517,-0.3724621524700302,0.40642577884008846,1.0826223283977996,True,False,False,True,False,False,False,True,False,False,True,False,117.53,train
0.5083500422219038,1.7532833394889606,1.6859573978121578,0.9222579466396268,0.5499637732042065,-0.24599473875960678,-1.640024109252687,False,False,False,False,False,True,False,False,True,False,False,False,159.51,train
1.2966887888970082,0.6205381879032873,0.15235235998988694,0.5187917347046379,0.682136417154512,-1.196259405698293,0.24356776585142334,False,True,False,False,False,False,True,False,True,False,False,False,142.2,train
-1.5763679767633763,-0.2152556037456977,-1.5191048160635994,1.3257241585746158,-1.146019942326555,-0.02615739043797031,-0.544116109192114,False,True,False,False,True,True,False,False,True,False,False,False,87.23,train
-1.348625672168346,0.06352051543878971,-0.7609180557919145,-0.24203026494419855,-1.432625886050375,-0.13253030091618145,-0.5098689841902209,True,False,False,True,False,True,False,False,False,False,True,False,58.1,train
1.2441328724520022,0.11884808655210578,0.6003718092413372,-0.42647196182876507,-1.6121024236250006,1.6332600130221235,-0.35575692168170264,False,False,False,False,False,True,False,False,False,False,False,True,63.55,train
1.2266142336370003,1.064495171571009,0.23850994638439654,-1.729091446076015,1.1551753533977105,-1.3593645350982166,1.390846453414836,True,False,False,False,False,True,False,False,True,False,False,False,177.72,train
-1.1384020063883176,1.5359822993192689,1.7204204323699621,-0.29390449219298315,0.44561694903291277,0.3000528683618773,-1.229058609229972,True,False,False,False,False,False,False,True,False,True,False,False,150.33,train
-1.6639611708383877,1.1313159096305696,1.6342628459754525,-0.13828181044663013,1.6045623428287492,-1.380639117193859,0.31206201585520893,False,False,True,False,False,False,True,False,False,False,True,False,194.78,train
0.24557045999686794,-0.29918245074850586,0.3246675327789062,-1.619579188550804,1.4584767889889378,1.2006768437440647,1.1853637034034785,False,True,False,False,True,True,False,False,False,False,False,False,158.7,train
-0.56028692549324,-0.6511940988462718,-1.2778635741589721,0.034632280382650836,0.3162268870605087,0.2858698136314489,-0.4584982966873816,False,False,True,True,False,True,False,False,False,True,False,False,119.46,train
-1.4011815886133518,-0.7941904782937316,-0.4679822620505819,-1.0143798706483205,-0.8788920724480428,1.1794022616484225,-0.30438623417886346,False,True,False,True,False,False,False,False,False,True,False,False,75.61,train
0.5959432362969153,-0.9462744781172917,1.272400983118512,-0.8933400070678237,-0.11229073753627125,1.4276057194309153,0.12370282834479795,False,True,False,True,False,True,False,False,False,False,False,True,110.76,train
1.0864651231169813,-1.632657099465099,-0.07165736463583756,-1.5677049613020193,0.9590033239556782,0.8744665849442176,-0.5783632341940067,False,False,True,True,False,False,False,True,False,False,False,True,134.05,train
-0.38510053734321714,0.2752086136114778,1.5308737423020409,-1.158474946339388,0.03379481630354005,-1.4160967540199294,1.2709815159082107,True,False,False,False,True,False,False,True,False,False,True,False,126.15,train
1.5069124546770365,-1.6927957637187037,1.668725880533257,-0.36883393155233807,1.537780375359121,1.3070497542222759,-1.5201591717460619,False,False,False,False,True,False,False,True,False,False,True,False,162.32,train
0.08790271066184706,1.3857692801613768,0.4452881537312201,-0.24203026494419855,0.24666233761297954,1.5127040478134843,-0.5954867966949531,False,False,False,False,True,False,False,True,False,False,False,False,145.08,train
-0.5427682866782381,-1.190838379415284,-1.6914199888526187,-0.8472295828466819,0.6292673595743901,-0.9622390026462283,-0.6126103591958996,False,True,False,False,True,False,True,False,True,False,False,False,131.39,train
-0.5252496478632345,-0.9727354903888776,1.1345488448872971,-0.9394504312889652,1.0383069103258618,-0.8416830374375891,-0.047532796664666616,False,False,False,True,False,False,True,False,False,True,False,False,144.14,train
-0.43765645378822304,1.7522142076800076,-0.9160017113020321,1.6081505069291073,0.8157003520937683,-0.8416830374375891,0.34630914085710174,True,False,False,False,True,False,True,False,False,False,False,True,166.81,train
1.5945056487520495,-0.3857821272736965,-0.9849277804176396,1.4582916282103975,1.459868079977889,-1.6784832665328502,0.020961453339119272,False,False,False,False,False,True,False,False,False,True,False,False,161.26,train
-1.4712561438733613,-1.3755308994119093,0.37636208461561205,-0.5648032344921897,0.6153544496848842,-0.3381845945073896,-0.35575692168170264,True,False,False,True,False,True,False,False,False,False,False,True,137.69,train
-0.6303614807532495,1.627393068984748,-0.8815386767442285,-0.43223576485640786,1.5906494329392433,1.6474430677525518,-1.4174177967403832,False,False,True,False,False,True,False,False,True,False,False,False,186.29,train
0.07038407184684509,0.5521137521302973,-0.691991986676307,-1.6829810218548735,0.4984860066130351,0.7751852018312201,-0.33863335918075627,False,False,False,False,False,False,False,False,True,False,False,False,137.62,train
0.24557045999686794,-0.9802194130515485,-0.7609180557919145,1.3603069767404716,-1.5661898209896312,0.647537709257367,-1.2461821717309187,False,False,False,True,False,False,True,False,False,True,False,False,55.72,train
0.43827548696189433,-0.41144129068856783,-1.0021592976965417,0.962604567833125,-1.2851490412216133,-0.3027269576813192,-1.5372827342470083,False,False,False,True,False,False,True,False,False,False,True,False,71.14,train
-0.38510053734321714,0.9458215407772289,1.4964107077442377,0.7666352648932737,0.9423078320882714,-1.4302798087503574,1.4593407034186214,False,False,False,False,False,False,True,False,False,False,False,True,166.63,train
1.664580204012059,-0.061033340304231486,-0.7609180557919145,-1.2045853705605294,0.43587791211025884,0.7610021471007923,1.2881050784091568,False,False,False,True,False,True,False,False,False,False,True,False,131.1,train
-0.5427682866782381,0.3356145608173207,0.3246675327789062,0.5245555377322803,0.6139631586959338,-0.5154727786377414,-0.8352166717082036,False,False,True,False,False,True,False,False,True,False,False,False,138.61,train
0.876241457336953,-0.8441723903622829,1.668725880533257,-0.6224412647686167,0.2800533213477936,0.8744665849442176,0.8600160158854955,False,True,False,True,False,True,False,False,False,False,False,False,121.46,train
0.911278734966957,0.597017288106322,-0.45075074477168037,1.1701014768282627,0.17292391519859843,-1.4090052266547153,-0.886587359211043,False,False,False,True,False,False,False,False,False,False,True,False,129.88,train
-1.2610324780933346,-1.2239814654928258,-0.12335191647254345,-1.4697203098320937,-0.4628960667518182,-1.2955407888112898,-1.3831706717384902,False,False,False,False,True,False,False,False,False,False,False,True,83.25,train
1.1915769560069949,1.3419348759943048,1.7204204323699621,0.21907397726721736,0.19240198904390668,0.5908054903356545,-1.2119350467290257,False,False,True,False,False,False,False,False,False,False,True,False,146.08,train
0.1754959047368585,-0.3055972416022236,-1.1572429532066588,-1.100836916062961,-1.2698448403431568,-1.1891678783330788,0.07233214084195877,True,False,False,True,False,True,False,False,False,False,False,False,69.21,train
1.3317260665270136,1.2467821449974907,-1.1572429532066588,-1.060490294869462,-0.6034164566358271,-1.196259405698293,-0.30438623417886346,True,False,False,False,False,True,False,False,False,False,True,False,115.28,train
1.3492447053420156,-0.765056636499763,-0.26120405470375896,-1.1411835372564596,-0.08585620874621007,-0.4516490323508149,-1.0235758592186146,False,True,False,False,False,False,True,False,True,False,False,False,110.02,train
-0.49021237023323055,-1.5904263930114568,1.410253121349728,-0.09793518925313106,1.0897846769170332,0.05184941057938463,-1.0406994217195609,False,False,False,True,False,False,True,False,False,False,True,False,149.49,train
-0.5427682866782381,-0.9331776134576177,1.065622775771689,-1.2103491735881722,0.936742668132469,-0.5438388880985979,-1.451664921742276,True,False,False,False,False,False,False,True,True,False,False,False,142.38,train
1.0689464843019778,0.7124835234732431,-1.3640211605534818,1.077880628385979,1.0452633652706147,0.9950225501528566,-0.9037109217119895,False,False,False,False,True,False,False,False,True,False,False,False,167.38,train
-0.19239551037819075,0.7477648731686912,-1.5191048160635994,0.4035156741517839,0.17153262420964793,1.7325413961351204,1.3394757659119962,True,False,False,False,False,False,True,False,True,False,False,False,125.96,train
-0.017209122228167898,0.179521316710187,-0.89877019402313,-1.5331221431361635,-1.5494943291222243,-0.5154727786377414,-1.6229005467517406,False,False,False,False,False,False,False,True,False,False,False,False,63.55,train
1.2090955948219968,1.5717982149191936,0.4625196710101217,0.20178256818428902,-1.2197583647409358,0.22204606734452237,-0.44137473418643497,False,False,True,True,False,True,False,False,False,True,False,False,99.34,train
0.5959432362969153,-0.24946782163219264,0.9277706375404735,0.6283039922298487,1.443172588110481,0.4773410524922292,1.3052286409101035,False,True,False,False,True,False,False,True,False,False,True,False,168.9,train
0.5083500422219038,0.32679422339345887,1.6514943632543546,-1.0893093100076754,-1.2851490412216133,-0.2034455745683222,-0.6811046091996854,False,False,True,False,True,False,False,True,False,True,False,False,65.74,train
-0.47269373141822857,-0.7712041444012427,-0.5541398484450916,0.08074270460379226,0.8657868276959894,-1.7352154854545627,-0.30438623417886346,False,True,False,False,False,False,False,True,True,False,False,False,134.13,train
0.052865433031841554,1.1468183208603875,-0.53690833116619,-0.5820946435751181,-0.4754176856523735,1.5056125204482702,0.020961453339119272,False,False,True,False,True,False,True,False,True,False,False,False,105.63,train
-1.7165170872833952,-0.6674983589328043,0.221278429105495,-0.5359842193539762,-0.25976758236503306,0.40642577884008846,-0.7153517342015785,False,False,False,True,False,False,False,False,False,False,False,True,116.55,train
0.12293998829185102,1.6076141305191185,0.47975118828902386,-1.100836916062961,0.5791808839721692,-0.7991338732463047,-1.5715298592489013,False,True,False,False,True,False,True,False,False,False,False,False,156.58,train
-1.4011815886133518,0.5237817591930439,0.1695838772687891,0.32282243176478576,0.7558748395688931,1.0588462964397831,-0.544116109192114,False,False,True,True,False,False,True,False,False,False,True,False,151.2,train
0.2630890988118699,1.639153518883231,0.8071500165881601,0.08074270460379226,-0.08029104479040766,0.909924221770288,-0.3215097966798099,False,True,False,False,True,False,False,False,False,False,False,False,130.19,train
-0.6478801195682514,-1.1641100841914596,0.2729729809422009,-0.5705670375198325,0.11866356662952558,1.5481616846395547,-0.663981046698739,False,True,False,True,False,True,False,False,False,False,True,False,108.48,train
-0.47269373141822857,0.3008677770263492,-1.2089375050433646,1.0490616132477655,-0.1609859221495417,-1.1324356594113663,-0.886587359211043,False,False,False,False,False,False,False,False,False,False,True,False,110.23,train
1.6295429263820536,-1.2090136201674841,-0.7092235039552092,-0.8472295828466819,-0.03716102413293964,0.8886496396746454,1.5449585159233536,False,True,False,False,True,False,False,False,False,False,False,False,103.04,train
0.8412041797069475,0.8445213018789353,-0.53690833116619,-0.7838277495426126,-1.7526228135090094,-1.210442460428721,-0.4584982966873816,False,True,False,False,False,True,False,False,False,False,True,False,58.01,train
-1.38366294979835,0.1306085364505884,-1.398484195111286,-1.0950731130353182,-0.23055047159707087,-1.5011950824024982,-0.6468574841977927,False,True,False,False,False,True,False,False,False,False,True,False,117.66,train
-1.1559206452033195,-0.11235166713397422,-0.8470756421864241,0.1787273560737183,1.1607405173535132,0.569530908240012,-0.40712760918454216,False,False,False,False,True,False,False,True,False,False,False,False,169.63,train
0.210533182366864,-1.7168512294201455,-0.39905619293497446,1.0087149920542673,0.1951845710218077,0.1369477389619535,-1.229058609229972,True,False,False,False,True,True,False,False,False,True,False,False,100.87,train
1.1390210395619873,-0.4384368688646304,-0.17504646830924936,0.7147610376444892,-1.4256694311056222,0.5624393808747978,1.356599328412943,False,True,False,True,False,False,False,True,False,True,False,False,54.81,train
-0.052246399858171845,-1.095418365466231,0.6003718092413372,-1.6714534157995882,1.0730891850496265,0.5482563261443699,1.133993015900639,True,False,False,False,True,False,True,False,False,False,False,False,152.87,train
-0.5778055643082419,1.448580773937364,1.70318891509106,-0.5532756284369046,-1.5439291651664218,0.5340732714139416,-0.85234023420915,True,False,False,True,False,False,False,False,False,False,False,False,76.62,train
-1.331107033353344,-0.8866703797681635,-1.2089375050433646,1.1643376738006195,0.48318180573457875,-1.0686119131244394,-1.331799984235651,False,False,True,False,True,False,True,False,False,False,True,False,128.68,train
-1.1208833675733156,1.2842017583108447,-0.2784355719826611,0.005813265244437344,0.07831612794995897,0.17240537578802387,1.579205640925247,False,False,False,False,True,False,False,False,False,True,False,False,126.08,train
-1.4887747826883648,-0.8738407980607279,1.6170313286965503,0.32282243176478576,1.6504749454641185,0.27168675890102084,-0.047532796664666616,False,True,False,False,False,False,False,True,True,False,False,False,175.62,train
-0.7004360360132589,-1.3490698871403235,0.221278429105495,-1.2910424159751699,-0.7522845924535397,-0.24599473875960678,-1.3146764217347044,False,True,False,False,False,False,False,False,False,False,True,False,75.03,train
0.14045862710685453,0.8108436498969163,0.703760912914749,-0.39765294669055157,1.053611111204318,-0.28145237558567715,-1.5886534217498478,False,False,False,False,False,False,True,False,False,False,True,False,166.42,train
0.6134618751119172,0.7319951789866347,1.3068640176763162,0.4726813104834956,-0.8566314166248336,1.236134480570135,-0.047532796664666616,False,False,True,False,False,False,False,True,False,False,False,False,101.93,train
-1.348625672168346,-0.5645944223210808,0.703760912914749,0.5649021589257793,0.22161909981186886,-1.2813577340808617,-1.5886534217498478,False,False,True,False,False,False,True,False,False,False,False,True,123.05,train
-1.2785511169083366,0.45535732342005336,0.8416130511459639,0.09227031065907783,0.5763983019942677,1.1723107342832084,-0.7153517342015785,False,False,True,False,True,False,False,False,False,False,True,False,141.22,train
0.6660177915569246,0.1781849019489958,0.42805663645231795,-1.6945086279101589,-0.12342106544787568,-1.3593645350982166,0.6716568283750848,True,False,False,False,True,False,True,False,False,False,True,False,124.37,train
0.017828155401837607,-1.4963427938235951,0.5314457401257298,-0.5475118254092618,0.4386604940881598,0.7042699281790793,1.3737228909138892,False,True,False,True,False,False,False,True,True,False,False,False,111.85,train
0.7536109856319361,-1.0521185272036357,-0.34736164109826856,1.1701014768282627,-0.5310693252103968,-0.14671335564660956,-0.886587359211043,False,False,False,True,False,False,True,False,True,False,False,False,92.22,train
0.12293998829185102,-0.12491396588917146,0.10065780815318166,-0.31119590127591107,1.0953498408728357,-1.557927301324211,0.7401510783788704,False,False,True,True,False,False,True,False,False,False,True,False,161.86,train
1.3492447053420156,0.6558195375987355,-0.5713713657239937,-1.2218767796434573,1.0035246356020973,-0.6431202712115949,0.05520857834101207,False,False,True,False,True,True,False,False,False,False,False,False,160.84,train
-0.017209122228167898,0.3805180967933454,0.703760912914749,-0.9970884615653921,-0.41698346411644915,-0.2247201566639645,1.6819470159309255,False,False,False,True,False,False,False,True,False,False,False,True,116.64,train
0.8587228185219495,0.8878211401415301,0.9794651893771794,0.7781628709485593,-0.8872398183817463,1.0588462964397831,1.0826223283977996,False,False,False,True,False,False,True,False,False,False,False,True,97.67,train
-0.3325446208982097,-1.0176390263649024,0.4625196710101217,0.5706659619534217,0.5944850848506255,1.0659378238049972,0.9113867033883349,False,True,False,True,False,False,True,False,True,False,False,False,127.99,train
-1.5062934215033668,-1.1213448118333407,-1.6741884715737165,0.6513592043404197,-1.2503667664978488,0.9808394954224288,-0.5612396716930603,False,False,False,True,False,False,False,True,False,False,False,True,54.61,train
-0.9456969794232912,-0.20750439813078872,-1.3467896432745803,0.31129482570950023,-0.13594268434843101,-1.1395271867765802,-1.4002942342394369,False,False,False,False,True,True,False,False,True,False,False,False,111.44,train
-1.3135883945383404,1.6287294837459392,0.5486772574046312,1.2796137343534735,-1.4340171770393257,0.6049885450660824,-0.13315060916939891,True,False,False,False,False,True,False,False,False,False,True,False,96.54,train
-0.9632156182382932,-0.4274782678228624,0.23850994638439654,-0.8760485979848954,-0.9985430974977929,0.0022087190228858955,-0.5954867966949531,False,False,False,True,False,False,False,False,False,True,False,False,78.01,train
1.419319260602025,0.3537898015695211,-1.5535678506214032,-0.05182476503198964,-1.0694989379342728,-1.7990392317414894,0.2778148908533161,False,False,False,False,False,False,False,True,True,False,False,False,91.91,train
0.2981263764418754,-0.9000345273800757,-1.1917059877644625,0.30553102268185783,-0.21385497972966364,0.23622912207495045,-1.451664921742276,False,False,True,True,False,False,False,True,False,False,False,False,96.72,train
-0.6478801195682514,-1.4538448044177148,-0.019962812799132288,1.6369695220673208,0.17848907915440085,-0.6005711070203106,-0.33863335918075627,True,False,False,False,False,False,True,False,False,True,False,False,107.08,train
0.5609059586669097,1.6904718457129737,-1.5880308851792069,-1.2449319917540285,-1.7498402315311081,-0.16798793774225182,1.596329203426193,False,False,True,False,True,False,False,False,True,False,False,False,72.99,train
1.664580204012059,1.634075142790704,-0.9332332285809337,1.1470462647176916,1.0689153120827743,1.1510361521875665,-0.5783632341940067,False,False,False,False,False,False,False,False,False,True,False,False,184.59,train
1.6120242875670514,-0.5033866262585233,-0.8643071594653262,1.2969051434364023,-0.40585313620484437,1.491429465717842,-0.33863335918075627,True,False,False,False,True,False,True,False,True,False,False,False,95.64,train
-1.2960697557233385,-0.3689433012826873,0.29020449822110245,-0.5590394314645469,-0.19159432390645437,1.2503175353005633,0.5004212033656202,False,False,False,False,False,False,False,True,False,False,False,False,108.0,train
1.1390210395619873,-0.745277698034133,1.1517803621661986,1.3948897949063275,-1.175237053094517,-0.8984152563593018,1.7161941409328183,False,False,False,False,True,True,False,False,False,False,True,False,76.2,train
1.5419497323070421,0.11510612522077045,1.6170313286965503,-0.8068829616531833,1.5864755599723914,1.0801208785354257,0.24356776585142334,False,False,False,False,True,False,False,True,False,False,True,False,173.54,train
0.7886482632619416,0.42221423734251134,0.8933076029826698,1.2680861282981888,0.6640496342981547,-1.2813577340808617,-0.44137473418643497,False,False,True,True,False,True,False,False,True,False,False,False,138.61,train
-1.1734392840183216,1.714260028462177,-0.4335192274927782,-1.7175638400207296,0.06440321806045313,-1.5650188286894249,-1.331799984235651,False,False,True,False,False,False,False,False,True,False,False,False,139.7,train
1.576987009937046,1.509521287047683,-0.48521377932948406,-1.6138153855231612,1.4807374448121475,-1.3097238435417182,-0.37288048418264935,False,False,False,True,False,False,False,True,False,False,False,True,190.6,train
-0.7004360360132589,-1.5409790468473819,-1.0883168840910513,-0.13251800741898734,0.8783084465965446,1.498520993083056,1.390846453414836,False,True,False,False,False,False,True,False,False,True,False,False,135.32,train
-0.8756224241632817,-0.5122069636823855,1.289632500397414,0.7839266739762016,-0.7202848997076762,0.3993342514748743,0.8086453283826566,False,False,False,False,False,False,False,False,True,False,False,False,75.96,train
1.0864651231169813,-1.6837081433426035,0.18681539454769128,-0.37459773457998086,-0.7369803915750832,0.42060883357051654,1.6648234534299795,False,False,False,False,True,True,False,False,False,False,True,False,77.95,train
-0.8230665077182758,0.15733683167441267,1.70318891509106,-0.6397326738515451,1.063350148126972,-0.9622390026462283,-0.6982281717006318,False,False,True,True,False,False,True,False,False,True,False,False,159.82,train
1.1039837619319834,-1.2458986675763617,1.3585585695130216,0.38046046204121275,-0.6326335674037896,-0.8062254006115187,1.0654987658968533,False,True,False,False,True,False,True,False,True,False,False,False,82.28,train
0.210533182366864,1.3633175121733643,-1.0366223322543455,0.48997271956642435,1.36804287470715,-0.19635404720310803,1.1682401409025318,False,True,False,True,False,False,False,True,False,True,False,False,171.54,train
-1.523812060318369,-1.3693833915104299,-1.6914199888526187,-1.1930577645052438,1.5711713590939356,0.5837139629704403,-0.047532796664666616,True,False,False,False,False,False,True,False,True,False,False,False,161.08,train
1.1215024007469854,-1.1595662740034094,-0.48521377932948406,0.2651844014883588,0.7489183846241402,-0.3736422313334599,0.8771395783864421,False,False,False,False,False,False,False,True,False,False,True,False,141.3,train
0.4733127645918983,0.35512621633071234,0.10065780815318166,1.4179450070168986,0.14648938640853726,1.292866699491848,-0.8694637967100963,False,True,False,False,True,False,False,True,False,False,False,True,134.62,train
-0.7880292300882703,0.22148474021159095,1.5653367768598452,0.10379791671436339,0.34683528881742137,-0.9835135847418706,-1.1605643592261863,False,True,False,False,True,False,False,False,False,False,False,False,129.29,train
0.6134618751119172,-0.8099601724757879,-1.0538538495332477,0.7954542800314872,-0.19159432390645437,-0.4303744502551726,1.6990705784318723,False,True,False,False,True,False,False,True,False,False,False,False,97.4,train
-0.6653987583832534,-0.760512826311713,-0.2956670892615627,-0.37459773457998086,-0.13594268434843101,-0.16089641037703767,-0.7495988592034712,True,False,False,True,False,False,False,False,False,False,False,True,101.06,train
0.9287973737819589,1.174883030845403,0.10065780815318166,1.354543173712829,-0.3154192219230564,0.9950225501528566,-0.33863335918075627,False,True,False,True,False,True,False,False,False,False,False,True,117.13,train
-0.9632156182382932,1.390580373301665,0.3591305673367105,-0.9394504312889652,-0.7592410473982927,0.3922427241096601,0.534668328367513,False,False,True,True,False,False,False,False,False,False,False,True,99.52,train
-0.3500632597132116,1.2545333506123992,1.427484638628629,1.0375340071924808,-1.493842689564201,0.2504121768053786,1.4422171409176754,False,True,False,False,False,False,False,False,False,False,False,True,79.37,train
1.1740583171919927,0.06084768591640728,1.4447161559075312,1.406417400961613,-0.7175023177297751,-1.763581594915419,-0.08177992166655941,True,False,False,True,False,False,False,False,False,True,False,False,100.27,train
-1.6289238932083838,-0.8436378244578066,1.410253121349728,-0.5071652042157627,1.532215211403319,0.7042699281790793,0.637409703373192,False,True,False,False,True,False,True,False,False,True,False,False,173.57,train
0.017828155401837607,-0.7516924888878508,0.6692978783569447,-0.4149443557734795,0.24109717365717712,-0.9835135847418706,1.3737228909138892,False,False,True,False,True,True,False,False,True,False,False,False,115.85,train
0.017828155401837607,-1.1389854866810647,-0.08888888191473973,1.2623223252705456,-0.44341799290650996,-0.6998524901333075,-0.5269925466911672,False,False,True,True,False,True,False,False,True,False,False,False,84.0,train
0.5784245974819132,0.30033321112187256,0.6348348437991409,0.5994849770916352,-0.8496749616800806,-0.7069440174985216,0.5860390158703525,False,False,True,False,False,True,False,False,False,True,False,False,91.4,train
-0.4551750926032266,-0.3630630763334458,-0.6230659175606996,1.5505124766526803,-1.53975529219957,-0.827499982707161,0.8771395783864421,False,False,False,False,True,False,False,True,False,False,True,False,59.73,train
0.5784245974819132,1.5913098704325852,-0.9160017113020321,0.7954542800314872,-1.6232327515366052,0.37096814201401807,-1.5715298592489013,False,False,True,True,False,False,True,False,True,False,False,False,68.23,train
0.7886482632619416,1.7503432270143398,-1.43294722966909,-1.043198885786534,0.7391793477014863,0.10149010213588311,0.9113867033883349,False,False,False,False,False,False,True,False,True,False,False,False,159.32,train
0.2981263764418754,0.4358456679066618,0.6692978783569447,-0.9567418403718935,-1.5147120543984596,-1.5153781371329262,-1.4687884842432224,True,False,False,False,False,False,False,False,False,False,False,True,72.41,train
-1.3135883945383404,-0.28742200085002323,-0.6575289521185033,-1.5331221431361635,-1.456277832862535,-0.21762862929875032,-1.4002942342394369,False,False,False,False,True,False,True,False,True,False,False,False,62.21,train
-1.068327451128308,1.3136028830570514,1.2551694658396098,0.5015003256217091,1.0188288364805536,-1.1040695499505098,1.6819470159309255,True,False,False,True,False,True,False,False,False,True,False,False,167.05,train
1.4893938158620346,1.258542594895973,1.668725880533257,-1.4639565068044509,-0.09420395467991349,0.01639177375331425,-0.5954867966949531,False,False,True,False,True,True,False,False,False,False,True,False,119.34,train
0.8412041797069475,1.5873006261490117,1.5825682941387473,-0.3573063254970525,1.0090897995578991,1.1581276795527806,-1.2119350467290257,False,False,False,False,False,False,True,False,True,False,False,False,171.29,train
1.664580204012059,1.069038981759059,-0.4679822620505819,-1.1238921281735317,-0.5185477063098416,1.31414128158749,-1.5201591717460619,False,False,False,True,False,False,False,False,True,False,False,False,106.71,train
1.0514278454869759,0.5579939770795389,-0.7953810903497188,-1.100836916062961,1.3569125467955452,0.1227646842315254,-0.85234023420915,True,False,False,False,False,True,False,False,False,False,False,True,172.2,train
-0.6303614807532495,1.055942117099385,0.4625196710101217,-1.688744824882516,0.4957034246351341,-1.7848561770110614,-1.331799984235651,False,True,False,True,False,False,False,False,False,False,False,True,150.67,train
-0.4551750926032266,-1.5719838693070178,0.47975118828902386,0.7435800527827026,1.0786543490054283,1.5056125204482702,-1.229058609229972,True,False,False,False,False,False,False,False,False,False,False,True,143.52,train
0.49083140340690024,-0.024148292895354105,-1.0193908149754434,-1.6080515824955184,-1.7317534486747506,-1.5437442465937825,-0.3900040466835958,False,False,False,False,False,False,False,True,False,True,False,False,52.27,train
1.1039837619319834,1.4908114803910062,0.4452881537312201,-0.6627878859621158,-1.2879316231995146,-0.7282185995941639,0.5175447658665663,False,False,True,False,False,False,True,False,False,True,False,False,94.75,train
0.00030951658683563236,0.22255387202054416,0.5314457401257298,-0.5244566132986911,-0.3168105129120069,0.732636037639936,-1.3660471092375437,False,False,False,True,False,True,False,False,True,False,False,False,113.71,train
0.7711296244469381,0.26932838866223663,1.410253121349728,0.44962609837292533,1.43899871514363,1.3354158636831326,-0.33863335918075627,True,False,False,True,False,False,True,False,False,False,True,False,177.16,train
0.1754959047368585,-0.24278574782623658,0.703760912914749,1.3891259918786851,-1.1808022170503196,-0.9055067837245158,-0.9379580467138823,False,True,False,False,False,False,False,True,False,False,False,False,68.29,train
-0.13983959393318326,-0.1286559272205071,1.410253121349728,-0.8414657798190396,-1.737318612630553,0.8461004754833609,0.6031625783712986,True,False,False,False,True,False,True,False,False,False,False,True,54.21,train
0.7010550691869286,0.7063360155717636,-1.5191048160635994,1.1124634465518357,1.0786543490054283,0.22913759470973655,0.19219707834858385,True,False,False,True,False,False,True,False,False,False,False,False,162.29,train
0.5784245974819132,1.3558335895106937,1.5308737423020409,1.1470462647176916,0.11448969366267407,0.06603246530981273,0.9627573908911744,False,False,False,False,False,False,False,False,True,False,False,False,140.61,train
0.49083140340690024,-1.3915678765462038,-1.3295581259956781,-1.170002552394673,-0.07055200786775373,1.6261684856569092,0.757274640879817,False,False,True,False,True,True,False,False,False,False,False,True,101.25,train
1.1390210395619873,0.47807637436030403,-0.9332332285809337,-0.005714340810848217,-0.34741891466892,-1.2884492614460759,1.3223522034110502,False,False,True,False,False,False,True,False,True,False,False,False,104.58,train
0.5083500422219038,1.2930220957347065,-0.691991986676307,-0.8414657798190396,-0.37107086148107976,1.136853097457138,-1.4345413592413296,True,False,False,False,True,False,False,True,False,False,False,False,115.41,train
0.6134618751119172,0.14691279653712128,0.4452881537312201,-1.3486804462515969,0.042142562237243476,-1.0118796942027268,0.24356776585142334,True,False,False,False,True,True,False,False,False,False,False,False,119.17,train
1.3667633441570177,0.246609337721986,0.13512084271098537,1.1528100677453348,0.29257494024834857,1.2574090626657777,-1.0235758592186146,True,False,False,False,True,True,False,False,False,False,False,True,127.52,train
0.2630890988118699,-0.37669450689759626,-1.43294722966909,0.31129482570950023,1.1482188984529575,1.413422664700487,0.3805562658589951,False,True,False,True,False,False,True,False,False,False,True,False,148.52,train
1.0514278454869759,-0.6581434556044659,1.272400983118512,-0.8126467646808261,-1.6941885919730848,0.04475788321417045,-0.7153517342015785,False,False,False,True,False,True,False,False,False,False,True,False,56.09,train
0.6484991527419227,-0.9564312303023448,-1.174474470485561,-0.31119590127591107,-0.09003008171306198,-1.0544288583940113,0.5860390158703525,False,False,True,True,False,False,True,False,True,False,False,False,93.26,train
-1.2960697557233385,0.5906024972526046,-0.1922779855881515,-0.43223576485640786,0.3190094690384097,-1.3451814803677886,-0.8352166717082036,False,False,False,True,False,False,False,True,False,True,False,False,134.42,train
-1.5938866155783782,1.012107712932313,-0.36459315837717077,-0.5590394314645469,0.9826552707678384,0.8815581123094313,0.5517918908684597,False,False,False,True,False,False,False,False,True,False,False,False,166.85,train
1.1565396783769908,-1.3127194056359224,-1.2089375050433646,-1.0201436736759628,-1.1001073396911858,1.3354158636831326,-1.0064522967176681,False,True,False,False,True,False,False,True,False,False,False,False,59.27,train
0.6660177915569246,0.6178653583809048,1.548105259580943,1.481346840320968,0.93952525011037,0.647537709257367,0.0038378908381728775,True,False,False,False,True,False,True,False,False,True,False,False,148.67,train
0.3682009317018849,-0.8773154764398249,1.668725880533257,-0.5878584466027604,0.6598757613313028,-1.401913699289501,-0.064656359165613,False,True,False,True,False,False,False,True,True,False,False,False,134.44,train
-1.1208833675733156,-0.9593713427769656,-0.2439725374248568,-1.2218767796434573,-1.513320763409509,0.7964597839268627,0.7915217658817099,True,False,False,False,False,False,False,True,False,False,False,False,48.3,train
0.9638346514119644,0.27921785789505144,-1.4674102642268936,-0.005714340810848217,-0.5004609234534841,-1.7281239580893486,-1.3489235467365972,True,False,False,False,False,False,False,False,False,False,False,True,102.64,train
-0.052246399858171845,-0.21659201850688892,1.70318891509106,1.2392671131599753,-1.2545406394647005,-1.6997578486284923,-0.047532796664666616,False,True,False,False,False,False,False,True,False,False,False,True,72.43,train
1.4718751770470326,-1.6083343508114192,-0.9849277804176396,1.6369695220673208,0.719701273856178,-1.2671746793504337,0.3634327033580484,False,False,True,False,True,False,False,False,True,False,False,False,123.34,train
1.3142074277120117,-0.7984670055295433,-1.5191048160635994,-0.9221590222060372,-1.3728003735255,1.5907108488308388,0.12370282834479795,False,True,False,True,False,True,False,False,False,False,True,False,64.57,train
1.1915769560069949,0.9861812665652039,1.410253121349728,-0.29390449219298315,0.29953139519310146,1.491429465717842,-0.7324752967025249,False,False,True,True,False,True,False,False,False,False,True,False,133.99,train
1.4718751770470326,-1.5805369237786417,0.4969827055679254,-0.31695970430355386,-1.5731462759343842,-0.3027269576813192,-0.11602704666845251,False,True,False,False,True,False,False,True,True,False,False,False,51.52,train
0.7010550691869286,1.5480100321699897,-1.6914199888526187,1.6484971281226064,1.0188288364805536,-1.7706731222806331,0.32918557835615564,False,False,False,False,False,True,False,False,False,False,True,False,176.56,train
-0.19239551037819075,1.708647086465174,-0.20950950286705308,-1.0316712797312484,-1.1307157414480984,-1.2671746793504337,-0.13315060916939891,False,False,False,False,False,True,False,False,True,False,False,False,95.96,train
-0.8230665077182758,1.6177708827041715,-0.9332332285809337,0.6628868103957053,1.711691748977944,-0.05452349989882651,0.8771395783864421,False,False,False,False,True,False,False,True,False,False,True,False,203.29,train
-0.29750734326820416,1.520212605137213,-1.5535678506214032,-0.7319535222938279,1.1941315010883269,-0.3878252860638883,0.534668328367513,False,False,False,False,True,False,False,False,False,True,False,False,167.8,train
0.6660177915569246,1.4734380884955205,0.6348348437991409,-0.29390449219298315,-0.2708979102766379,0.2149545399793082,-0.85234023420915,False,False,False,False,False,False,False,False,False,False,True,False,122.85,train
-0.3675818985282136,0.5991555517242279,0.9450021548193757,0.8646199163631998,-0.25141983643132965,-0.3027269576813192,1.236734390906318,False,False,True,False,True,False,False,True,True,False,False,False,111.05,train
-0.8581037853482798,-0.06958639477585538,0.9105391202615719,-0.870284794957253,1.4195206412983215,-1.302632316176504,-0.7667224217044177,False,False,False,False,True,False,True,False,False,False,True,False,157.87,train
1.6470615651970555,0.6894971895807545,0.5142142228468276,-0.8357019767913968,0.06579450904940363,-1.2459000972547913,-0.5954867966949531,False,False,True,False,False,False,False,True,False,False,False,False,128.28,train
0.876241457336953,0.16588988614603659,-0.8470756421864241,-0.14980941650191568,-1.7234057027410472,1.5836193214656251,1.2024872659044246,True,False,False,False,False,False,False,True,False,False,True,False,59.84,train
1.2966887888970082,-1.2458986675763617,0.4452881537312201,1.5101658554591815,-1.1808022170503196,0.6617207639877953,-1.640024109252687,False,False,False,False,False,False,True,False,False,False,True,False,58.5,train
-1.0508088123133061,0.15653498281769807,-0.6402974348396011,0.8819113254461277,-0.9122830561828569,1.0588462964397831,-1.4345413592413296,False,False,True,True,False,False,False,True,True,False,False,False,80.11,train
-0.7004360360132589,0.9260426023115993,-0.5541398484450916,-0.6800792950450437,-0.6020251656468766,-1.6430256297067798,-1.0064522967176681,True,False,False,False,False,False,False,False,False,False,True,False,109.33,train
1.1915769560069949,1.3852347142569004,-0.2956670892615627,1.2623223252705456,-0.3251582588457103,-0.8700491468984454,1.2196108284053713,False,False,False,False,False,True,False,False,True,False,False,False,128.81,train
-0.4551750926032266,0.8723187289117121,0.2729729809422009,0.9453131587501971,1.43899871514363,-0.9764220573766565,-0.3900040466835958,False,False,True,True,False,True,False,False,False,True,False,False,185.88,train
0.052865433031841554,0.07100443810146038,-0.691991986676307,-1.3947908704727383,-1.6190588785697535,-0.7140355448637357,-0.6297339216968462,False,False,True,False,True,True,False,False,False,False,False,True,55.54,train
-0.6478801195682514,0.306213436071114,0.0834262908742795,0.2594205984607164,-1.2712361313321074,1.4701548836221998,-1.640024109252687,False,False,False,True,False,True,False,False,False,True,False,False,77.76,train
1.4893938158620346,1.1254356846813283,1.1690118794451008,-0.4668185830222641,-0.8761094904701416,-1.6359341023415657,1.4422171409176754,False,False,False,False,False,True,False,False,False,True,False,False,101.13,train
-0.6303614807532495,1.1783577092245001,1.065622775771689,0.7781628709485593,-0.567242890923112,-0.3807337586986741,1.0483752033959066,False,False,True,True,False,False,False,True,True,False,False,False,114.63,train
1.0864651231169813,0.7033959030971426,0.39359360189451426,-0.15557321952955805,-0.6493290592711966,0.46315799776180083,1.733317703433765,True,False,False,True,False,False,False,True,False,False,False,False,107.74,train
1.3317260665270136,0.7613963037328414,-0.08888888191473973,-1.0950731130353182,-0.03994360611084065,1.0801208785354257,-1.5372827342470083,False,False,False,False,True,False,False,True,False,False,True,False,133.07,train
-0.8230665077182758,-1.5546104774115321,-0.6575289521185033,-0.27661308311005484,-0.9901953515640896,-1.0827949678548676,-1.6571476717536335,False,False,True,False,False,False,False,False,False,True,False,False,69.95,train
1.52443109349204,-0.05996420849527858,-0.15781495103034718,-0.6973707041279721,-0.19576819687330627,-0.175079465107466,-0.27013910917697037,False,False,False,True,False,False,True,False,True,False,False,False,113.16,train
-0.3325446208982097,-0.7845682920131548,-1.2606320568800706,-0.29966829522062555,1.374999329651903,1.399239609970059,1.3052286409101035,True,False,False,True,False,False,False,False,False,False,False,False,163.76,train
-0.2799887044532022,-0.04847104154903426,1.3757900867919237,0.5937211740639928,-0.924804675083412,1.214859898474493,1.7161941409328183,False,True,False,True,False,True,False,False,False,False,False,False,84.21,train
-0.6303614807532495,-0.16179901329804913,-1.605262402458109,-0.3342511133864818,1.619866543707206,0.7964597839268627,0.3976798283599412,True,False,False,False,True,False,False,True,False,False,False,False,181.16,train
1.3842819829720212,1.1016475019321244,0.01450022175867205,1.3603069767404716,0.1659674602538455,-0.8984152563593018,-0.7667224217044177,True,False,False,True,False,False,False,False,False,True,False,False,142.42,train
0.7711296244469381,0.9626603667682381,-1.622493919737011,-0.45529097696697857,0.7252664378119804,0.9028326944050737,-0.2872626716779171,False,False,True,False,True,True,False,False,False,False,True,False,154.78,train
-0.3150259820832077,0.04561255763882732,0.221278429105495,-0.10369899228077385,-0.9999343884867437,-1.7564900675502049,1.2709815159082107,False,False,True,False,True,True,False,False,False,True,False,False,89.99,train
-1.2785511169083366,1.0727809430903943,-1.5191048160635994,-1.4063184765280239,-1.4131478122050671,0.93119880386593,-0.6811046091996854,False,False,False,False,False,False,True,False,True,False,False,False,74.61,train
-0.43765645378822304,1.13425602210519,0.9450021548193757,-0.14980941650191568,1.0007420536241958,-1.5082866097677121,0.34630914085710174,True,False,False,False,False,False,True,False,True,False,False,False,162.4,train
-1.6114052543933803,1.0043565073174043,0.7899184993092586,-0.9221590222060372,-1.2934967871553167,1.4488803015265574,-0.0989034841675058,False,False,False,False,True,False,False,False,False,False,False,True,90.24,train
0.7360923468169341,0.9650659133383825,0.2729729809422009,0.40927947717942625,-0.2875934021440447,0.03766635584895628,-1.331799984235651,False,True,False,False,True,True,False,False,False,False,True,False,126.44,train
-0.052246399858171845,-1.579467791969689,-1.174474470485561,0.5821935680087073,1.6936049661215862,0.9666564406920004,0.637409703373192,False,True,False,False,True,False,False,True,False,True,False,False,157.46,train
-0.7004360360132589,1.4686269953552322,0.6692978783569447,-0.5590394314645469,0.7391793477014863,0.952473385961572,0.22644420335047663,True,False,False,False,False,False,False,False,False,False,False,False,169.23,train
0.5959432362969153,-0.7444758491774184,-1.3295581259956781,0.3689328559859272,1.063350148126972,0.04475788321417045,-0.5098689841902209,True,False,False,True,False,False,False,True,False,False,False,False,147.64,train
0.07038407184684509,0.04213787925973029,0.9966967066560816,-0.7088983101832572,-1.1919325449619242,0.7751852018312201,-1.67427123425458,False,True,False,True,False,False,False,False,False,False,False,False,76.06,train
-1.4537375050583594,-0.5159489250137208,-0.36459315837717077,4.9462216794563796e-05,1.016046254502652,1.016297132248499,1.4764642659195681,False,True,False,False,True,False,True,False,True,False,False,False,138.32,train
-1.6289238932083838,0.11751167179091457,-1.0366223322543455,-0.5071652042157627,-1.4521039598956833,-1.2459000972547913,1.356599328412943,True,False,False,False,True,False,False,False,False,True,False,False,66.88,train
-0.38510053734321714,1.4691615612597082,-0.07165736463583756,1.0087149920542673,-0.9122830561828569,1.5623447393699827,-1.1091936717233468,False,False,False,True,False,True,False,False,False,False,False,True,98.26,train
1.6470615651970555,1.2283396212930517,-1.0710853668121492,0.27094820451600116,-0.9790650236524849,-0.8984152563593018,-0.5612396716930603,False,True,False,True,False,True,False,False,False,False,True,False,106.29,train
0.3506822928868829,-0.9072511670905082,-0.36459315837717077,1.52745726454211,1.027176582414257,1.0375717143441412,-1.485912046744169,False,True,False,True,False,False,False,True,False,False,False,False,142.8,train
-1.1384020063883176,-1.1176028505020053,-0.07165736463583756,0.5360831437875658,-1.386713283415006,-0.7991338732463047,1.6476998909290328,False,False,True,True,False,False,False,False,False,False,False,True,58.86,train
-0.12232095511818131,-0.2890256985634528,-0.7781495730708167,1.2277395071046897,-1.1529763972713079,0.3922427241096601,-0.11602704666845251,False,False,True,True,False,False,False,True,False,True,False,False,71.98,train
0.1754959047368585,-0.9684589631530658,0.6003718092413372,0.34011384084771373,0.1659674602538455,-1.111161077315724,-1.2804292967328115,False,False,True,False,True,True,False,False,False,False,True,False,112.74,train
-1.2960697557233385,-1.5837443192055007,-1.1400114359277573,0.5706659619534217,-0.5505473990557052,-0.9764220573766565,0.17507351584763745,False,True,False,True,False,False,False,True,False,False,False,True,90.03,train
0.5784245974819132,1.1775558603677856,0.29020449822110245,-1.7348552491036577,-0.7592410473982927,-0.6431202712115949,0.3634327033580484,False,True,False,False,True,True,False,False,False,False,True,False,112.68,train
-0.7004360360132589,-0.015595238423730215,0.031731739037573606,0.7723990679209161,-1.596798222746544,-0.5083812512725275,-1.0578229842205076,False,False,True,True,False,False,False,False,True,False,False,False,66.46,train
0.9287973737819589,-1.2386820278659292,0.3246675327789062,1.1816290828835483,0.08388129190576099,0.45606647039658693,-0.5269925466911672,False,False,False,False,True,False,False,False,False,False,True,False,106.56,train
-0.2624700656382002,1.1914545738841742,-1.1917059877644625,-1.0777817039523898,0.8991778114308034,0.1794969031532378,0.5004212033656202,False,True,False,False,False,False,False,False,True,False,False,False,162.51,train
-1.366144310983348,0.5034682548229371,1.2379379485607087,-0.8645209919296103,0.9325687951656171,0.10149010213588311,0.29493845335426283,True,False,False,False,False,False,False,False,True,False,False,False,156.94,train
0.7536109856319361,1.5228854346595952,0.6348348437991409,1.060589219303051,0.10335936575106924,-1.5933849381502811,-0.9208344842129359,False,False,False,True,False,False,True,False,False,False,False,False,137.16,train
-0.13983959393318326,0.429430877052944,0.9794651893771794,-0.6512602799068302,-0.5324606161993474,-1.6288425749763515,0.7401510783788704,False,False,False,False,True,True,False,False,False,False,False,False,116.64,train
0.9638346514119644,-1.644417549363582,0.3246675327789062,0.3689328559859272,1.4223032232762225,0.8248258933877188,-0.544116109192114,False,False,False,False,False,False,False,True,False,False,False,False,153.49,train
0.43827548696189433,0.5451643953721034,-1.1572429532066588,-0.08640758319784592,1.3638690017402981,-0.2672693208552488,-0.5954867966949531,False,False,False,False,True,False,True,False,False,False,True,False,171.61,train
-0.8931410629782853,-1.698943271620183,-1.2606320568800706,-0.386125340635266,-1.5620159480227793,1.2999582268570622,0.8257688908836026,False,False,False,False,False,True,False,False,True,False,False,False,38.5,train
1.3492447053420156,-1.0010674833261315,0.031731739037573606,1.3372517646299005,0.6974406180329688,-0.47292361444645714,-1.2461821717309187,False,True,False,False,True,True,False,False,False,False,False,False,126.08,train
-0.9456969794232912,0.16241520776693955,-1.1572429532066588,1.2680861282981888,1.6685617283204763,-1.4515543908459998,-0.9550816092148287,False,True,False,False,True,False,False,False,False,False,False,False,185.86,train
-0.47269373141822857,0.7779678467716126,-0.08888888191473973,0.7435800527827026,0.4386604940881598,-0.47292361444645714,0.9456338283902277,False,False,False,False,False,False,True,False,True,False,False,False,141.28,train
-0.3675818985282136,-0.34649153329467497,-0.07165736463583756,-0.7031345071556144,1.192740210099376,-0.3381845945073896,-1.229058609229972,False,False,False,True,False,False,True,False,False,True,False,False,151.03,train
-0.8230665077182758,0.7218384268015816,0.5486772574046312,-1.216112976615815,0.10753323871792114,-1.5508357739589966,-1.14344079672524,False,False,True,False,True,False,False,True,False,False,False,False,142.11,train
-0.7529919524582663,0.4572283040857212,-1.4157157123901876,0.9914235829713385,1.3569125467955452,1.5339786299091265,1.2024872659044246,True,False,False,False,True,False,False,True,False,True,False,False,171.52,train
-1.1033647287583122,-1.4145542104386932,-1.2434005396011685,0.8127456891144151,1.3666515837181992,-0.8204084553419468,-0.40712760918454216,False,True,False,True,False,True,False,False,False,True,False,False,149.61,train
-0.4026191761582191,-0.428280116679577,0.6348348437991409,0.2306015833225029,0.24666233761297954,0.7680936744660064,0.9798809533921211,False,False,True,False,False,True,False,False,False,False,False,True,128.77,train
1.3317260665270136,0.9549091611533294,0.7382239474725527,-0.9221590222060372,-0.48654801356397837,0.38515119674444614,-0.42425117168548854,False,True,False,True,False,False,False,False,False,False,False,False,113.52,train
-1.0858460899433102,-1.2715578309912332,1.3585585695130216,-0.34577871944176736,-1.1724544711166158,-0.18217099247267993,-1.4687884842432224,False,False,False,False,True,False,False,True,False,False,False,False,74.93,train
0.8061669020769435,1.161251600281253,-0.39905619293497446,0.10956171974200576,1.6588226913978217,0.5482563261443699,1.3223522034110502,False,False,True,False,False,False,True,False,True,False,False,False,188.78,train
1.016390567856972,1.5838259477699146,0.01450022175867205,-0.8587571889019675,-1.2865403322105637,1.4346972467961294,-0.2358919841750776,False,False,True,False,True,False,False,True,False,False,False,False,89.53,train
1.2441328724520022,-0.7372592094669858,-0.8298441249075226,-1.5273583401085207,1.448737752066284,-1.1678932962374367,-0.9893287342167217,False,False,False,True,False,False,True,False,True,False,False,False,166.5,train
-0.7529919524582663,-1.24162214034055,0.8933076029826698,1.2219757040770465,0.586137338916922,0.853192002848575,1.6134527659271398,True,False,False,True,False,False,False,False,False,False,False,True,127.07,train
1.5945056487520495,-0.04579821202665183,-1.3295581259956781,-0.40918055274583714,-0.9595869498071766,0.07312399267502666,-0.6468574841977927,True,False,False,False,True,False,True,False,False,False,False,False,79.51,train
0.43827548696189433,0.6657090068315505,1.3930216040708259,-0.03453335594906171,-0.25141983643132965,0.38515119674444614,-0.13315060916939891,False,True,False,False,False,False,False,False,False,False,True,False,125.0,train
1.6120242875670514,0.019151545367241347,0.6003718092413372,1.596622900873822,-0.9470653309066215,1.3495989184135604,1.6476998909290328,False,True,False,False,True,False,False,False,False,False,True,False,79.36,train
-0.595324203123244,0.653146708076353,0.5314457401257298,-1.3717356583621676,0.050490308170947296,-0.3027269576813192,0.6716568283750848,True,False,False,False,False,False,True,False,False,True,False,False,130.67,train
1.4893938158620346,-0.9869014868575046,-1.1917059877644625,0.7954542800314872,-0.6006338746579261,0.38515119674444614,-0.9550816092148287,True,False,False,True,False,False,False,True,False,False,False,True,87.95,train
-0.6653987583832534,0.5823167257332187,-1.398484195111286,1.5332210675697524,0.39692176441964233,-1.4586459182112137,1.3223522034110502,True,False,False,True,False,False,False,False,True,False,False,False,144.98,train
-1.5763679767633763,0.2503512990533214,-0.2956670892615627,-0.6339688708239023,0.6320499415522911,-1.196259405698293,-0.7324752967025249,False,False,True,False,False,False,False,True,False,True,False,False,142.74,train
0.3506822928868829,-1.2122210155943434,1.3930216040708259,-0.6339688708239023,-1.673319227138826,-0.6431202712115949,-0.9722051717157754,True,False,False,False,False,False,True,False,False,False,False,False,42.18,train
-1.7340357260983972,0.04293972811644489,-0.7092235039552092,-1.4754841128597365,-1.453495250884634,-0.07579808199446879,1.733317703433765,False,False,False,False,True,False,True,False,False,False,True,False,72.99,train
-1.0508088123133061,0.4652467926528685,1.1690118794451008,0.4035156741517839,0.2689229934361888,-0.2105371019335364,-1.0920701092224003,False,False,False,False,True,True,False,False,True,False,False,False,136.06,train
1.0514278454869759,1.1772885774155475,1.4447161559075312,1.0490616132477655,0.34683528881742137,1.491429465717842,-0.3900040466835958,False,False,True,False,False,True,False,False,False,False,False,False,144.59,train
0.7536109856319361,1.5600377650207107,0.5314457401257298,1.354543173712829,-0.8357620517905748,1.236134480570135,-0.7495988592034712,False,False,True,True,False,True,False,False,False,False,True,False,103.39,train
-0.7880292300882703,-0.3865839761304114,-0.8470756421864241,0.13838073488021926,1.0730891850496265,-0.8416830374375891,1.1853637034034785,False,False,True,False,False,False,True,False,False,False,False,False,152.51,train
1.3142074277120117,-0.8340156381772298,-1.105548401369953,-1.3256252341410262,1.6741268922762784,1.69708375930905,0.32918557835615564,False,True,False,False,False,True,False,False,False,True,False,False,167.88,train
1.6295429263820536,-1.648159510694917,-0.6575289521185033,-0.37459773457998086,-0.5908948377352722,-1.6997578486284923,-0.11602704666845251,False,False,False,True,False,False,False,False,False,False,True,False,90.9,train
-0.8230665077182758,0.04935451897016266,-0.31289860654046486,0.5879573710363496,1.5809103960165893,1.1226700427267102,1.0654987658968533,True,False,False,False,False,False,False,False,False,False,False,True,172.9,train
0.7360923468169341,1.071444528329203,0.9450021548193757,0.34011384084771373,-0.6215032394921848,0.09439857477066893,-0.08177992166655941,False,False,True,True,False,False,False,True,True,False,False,False,106.98,train
0.49083140340690024,1.012107712932313,-0.89877019402313,1.0721168253583366,-1.5578420750559276,-0.49419819654209945,0.7230275158779242,False,True,False,False,False,False,False,True,False,False,True,False,79.15,train
0.8587228185219495,0.7472303072642146,0.4108251191734158,0.33435003782007133,0.19657586201075858,-0.2034455745683222,0.637409703373192,True,False,False,False,True,True,False,False,False,False,False,False,141.5,train
-0.2624700656382002,0.22175202316382925,1.4619476731864334,-1.1411835372564596,1.116219205707094,-1.2317170425243633,-0.40712760918454216,False,False,False,False,True,False,False,True,False,True,False,False,160.99,train
-0.4026191761582191,-1.469614498599771,-1.1572429532066588,-0.8991038100954665,-0.43785282895070793,0.8602835302137892,-1.0406994217195609,False,False,False,False,False,True,False,False,False,True,False,False,87.63,train
-0.47269373141822857,1.2093625316841365,-0.45075074477168037,-0.6282050677962595,-0.18742045093960286,-0.02615739043797031,-0.6982281717006318,False,False,True,True,False,False,False,True,False,False,False,True,127.76,train
0.7010550691869286,0.8351663985505967,-0.7092235039552092,0.9164941436119836,0.7489183846241402,1.5694362667351969,1.2024872659044246,True,False,False,False,False,False,False,True,False,False,True,False,160.85,train
-0.3500632597132116,0.1771157701400429,-0.6575289521185033,1.6139143099567506,0.5513550641931575,1.2999582268570622,1.1682401409025318,False,False,False,True,False,False,True,False,False,False,False,False,140.13,train
-0.06976503867317382,0.028506448695579844,-0.53690833116619,1.6484971281226064,1.6017797608508482,-0.9055067837245158,0.8771395783864421,False,False,False,False,True,False,False,True,True,False,False,False,184.48,train
-0.9807342570532968,-0.21258277422331526,-0.39905619293497446,-1.6656896127719454,0.03657739828144146,-0.6785779080376653,-0.9893287342167217,False,True,False,True,False,False,False,False,True,False,False,False,118.42,train
1.6295429263820536,-0.37482352623192844,0.01450022175867205,-0.43799956788405064,-0.08863879072411109,0.25750370417059276,0.7230275158779242,True,False,False,False,False,False,True,False,False,False,False,False,106.31,train
1.6120242875670514,-0.6127053537239645,-1.105548401369953,-1.7233276430483722,0.40526951035334613,0.5482563261443699,1.6134527659271398,True,False,False,True,False,True,False,False,True,False,False,False,119.64,train
-0.9632156182382932,1.5284983766565983,1.2207064312818066,-0.31695970430355386,-1.6218414605476545,-0.6785779080376653,1.596329203426193,False,True,False,True,False,False,False,True,False,False,False,False,79.54,train
0.8412041797069475,0.14664551358488298,1.117317327608395,-1.5504135522190914,0.06162063608255173,-0.9976966394722987,1.4250935784167287,False,False,False,False,False,False,False,True,False,False,True,False,125.54,train
-0.3675818985282136,0.5670815974556388,1.6859573978121578,-1.1642387493670303,0.93952525011037,1.4417887741613438,0.9970045158930672,False,True,False,True,False,True,False,False,False,False,False,False,159.08,train
1.3317260665270136,0.2933838543636785,1.1000858103294926,-0.27661308311005484,-1.4882775256083984,0.9241072765007158,0.9113867033883349,True,False,False,True,False,False,False,False,True,False,False,False,69.71,train
-0.29750734326820416,0.8888902719504833,-0.26120405470375896,-0.14980941650191568,0.5875286299058725,-1.579201883419853,-1.2119350467290257,False,True,False,False,True,False,True,False,False,True,False,False,149.85,train
1.3492447053420156,1.1077950098336045,-1.6741884715737165,-1.2679872038645992,-0.6590680961938504,0.8035513112920768,-0.8180931092072572,True,False,False,False,False,False,False,False,True,False,False,False,101.08,train
0.24557045999686794,-0.35611371957525145,-1.226169022322267,-1.0316712797312484,1.0522198202153676,-0.5296558333681698,1.6476998909290328,False,False,False,False,False,False,False,True,False,False,False,False,149.9,train
-0.0872836774881758,-0.8332137893205148,1.0139282239349832,-1.6829810218548735,0.21883651783396785,1.3637819731439886,-0.2358919841750776,False,False,True,False,False,True,False,False,True,False,False,False,121.73,train
1.0864651231169813,1.302644282015283,0.7554554647514542,0.6917058255339188,1.2581308865800542,1.0730293511702116,-0.4584982966873816,False,False,False,False,True,False,False,False,True,False,False,False,173.99,train
-0.8581037853482798,-0.24599314325309563,0.3074360155000046,1.4986382494038966,0.8755258646186432,0.8461004754833609,0.29493845335426283,False,False,False,True,False,False,False,True,True,False,False,False,141.65,train
0.7711296244469381,-0.8211860564697939,-0.17504646830924936,-0.48410999210519207,1.2177834479004868,1.31414128158749,1.3394757659119962,False,False,False,False,True,False,True,False,False,True,False,False,152.01,train
0.6134618751119172,-1.2445622528151705,0.4969827055679254,0.9222579466396268,1.3527386738286933,1.370873500509203,-1.3831706717384902,False,True,False,True,False,False,True,False,False,False,False,False,157.08,train
1.682098842827061,-0.9641824359172539,0.4969827055679254,-1.0720179009247475,-1.5787114398901865,0.22913759470973655,-1.4345413592413296,False,False,True,True,False,True,False,False,False,False,False,False,53.84,train
1.033909206671974,1.0759883385172533,0.8416130511459639,-1.1642387493670303,0.6125718677069828,0.5978970177008682,-1.6913947967555265,False,True,False,True,False,False,False,True,False,False,False,True,159.31,train
1.2266142336370003,-1.2600646640449886,-1.6914199888526187,1.1124634465518357,-0.905326601238104,-0.16089641037703767,1.253857953407264,True,False,False,False,True,True,False,False,False,False,False,False,73.52,train
-0.8756224241632817,0.07768651190741646,-0.6747604693974049,0.6571230073680622,-1.3171487339674768,0.22913759470973655,-0.3900040466835958,True,False,False,False,True,True,False,False,False,True,False,False,72.29,train
0.8587228185219495,1.6142962043250744,0.42805663645231795,1.562040082707966,-1.5689724029675323,1.4488803015265574,-0.27013910917697037,False,False,True,True,False,False,False,True,False,False,True,False,81.9,train
1.1215024007469854,0.9912596426577301,-1.226169022322267,-1.3486804462515969,0.4511821129887152,1.3070497542222759,-1.2804292967328115,False,True,False,True,False,False,True,False,False,False,True,False,137.11,train
0.9463160125969625,0.7132853723299577,-1.1227799186488552,-0.887576204040181,0.6083979947401313,1.6616261224829796,-0.544116109192114,False,False,False,False,True,False,True,False,False,False,True,False,145.44,train
-0.10480231630317932,1.2336852803378164,-0.5024452966083857,0.5476107498428513,1.4111728953646183,-0.7920423458810906,0.9627573908911744,False,True,False,False,False,False,True,False,False,False,True,False,180.74,train
1.3667633441570177,-1.1023677222244255,1.4964107077442377,-1.2391681887263857,-0.5895035467463212,-1.5437442465937825,-0.6297339216968462,False,False,True,False,True,False,False,False,False,False,False,True,90.01,train
-0.6303614807532495,-0.7482178105087538,-1.0021592976965417,1.135518658662406,-1.5926243497796924,-1.3451814803677886,0.14082639084574436,False,False,True,True,False,True,False,False,False,False,True,False,53.61,train
1.0514278454869759,0.40724639201716967,1.0139282239349832,0.46115370442821085,-1.6719279361498756,1.6899922319438363,-1.5372827342470083,False,True,False,False,False,False,False,True,True,False,False,False,64.03,train
-1.7690730037284026,-1.373659918746242,1.1517803621661986,-1.7521466581865857,0.255010083546683,0.03057482848374235,0.7401510783788704,False,False,True,True,False,True,False,False,False,False,False,True,114.72,train
0.6309805139269191,-1.1061096835557607,-0.7609180557919145,-0.11522659833605942,-0.4253312100501526,1.016297132248499,1.2709815159082107,True,False,False,False,True,False,False,False,True,False,False,False,95.13,train
0.2981263764418754,1.5648488581609996,0.29020449822110245,1.602386703901465,0.18822811607705478,0.11567315686631122,1.253857953407264,True,False,False,True,False,False,False,True,False,True,False,False,142.53,train
0.9813532902269664,1.0377668763471846,1.6342628459754525,-0.328487310358839,1.2010879560330798,0.3142359230923054,1.579205640925247,True,False,False,False,True,False,False,True,False,False,False,False,175.01,train
1.3492447053420156,1.2050860044483245,-1.4157157123901876,1.429472613072184,-1.4312345950614247,1.0021140775180708,-1.2119350467290257,False,True,False,True,False,True,False,False,False,False,False,False,71.85,train
-0.7179546748282609,-1.4313930364297023,-0.6230659175606996,-0.43223576485640786,0.21327135387816543,-0.4090998681595303,0.7743982033807632,True,False,False,False,True,False,False,True,False,False,True,False,112.91,train
1.2090955948219968,-1.6233021961367606,-0.9160017113020321,1.487110643348611,1.1482188984529575,-1.7068493759937062,1.0141280783940139,False,False,True,False,False,False,True,False,False,False,False,True,149.42,train
-1.4011815886133518,-0.7212222323326911,-1.2950950914378743,-0.7377173253214707,-0.6715897150944058,-0.14671335564660956,1.1853637034034785,False,False,True,True,False,False,False,False,False,True,False,False,88.16,train
1.2441328724520022,0.4663159244618214,-0.6747604693974049,-1.5331221431361635,0.2633578294803864,-0.19635404720310803,-1.3489235467365972,True,False,False,False,True,True,False,False,True,False,False,False,128.25,train
-0.3325446208982097,1.2612154244183553,0.8933076029826698,-1.4120822795556667,0.6570931793534017,1.5127040478134843,-0.8180931092072572,False,False,False,True,False,False,False,True,False,True,False,False,156.21,train
0.4032382093318888,-0.234232693354613,-1.398484195111286,4.9462216794563796e-05,0.004577705535577871,-1.0686119131244394,-0.9550816092148287,False,False,False,False,True,False,False,True,True,False,False,False,119.45,train
0.49083140340690024,-1.0740357292871716,1.3240955349552184,-0.3918891436629088,0.39970434639754376,-1.0118796942027268,0.9798809533921211,False,True,False,False,False,False,True,False,False,False,False,True,117.99,train
-1.6464425320233858,-0.7941904782937316,-1.7258830234104223,0.19601876515664624,0.5471811912263056,-1.4302798087503574,-1.3146764217347044,True,False,False,False,True,False,False,False,False,False,False,False,123.81,train
0.6835364303719267,0.059778554107454064,0.583140291962435,-1.65416200671666,-0.1317688113815795,1.6119854309264814,-1.4002942342394369,True,False,False,True,False,False,False,True,True,False,False,False,112.02,train
-1.4537375050583594,-1.230663539298782,1.2034749140029044,1.060589219303051,1.4209119322872723,0.8319174207529331,0.2778148908533161,False,False,True,False,False,False,True,False,False,False,False,True,152.69,train
-0.8405851465332778,1.2045514385438478,1.3930216040708259,-0.40341674971819436,0.4845730967235293,1.519795575178698,0.534668328367513,False,True,False,False,True,False,True,False,False,True,False,False,156.48,train
0.6835364303719267,-1.3570883757074708,1.117317327608395,0.7493438558103458,-0.48654801356397837,-0.5154727786377414,0.05520857834101207,False,True,False,False,True,True,False,False,False,False,False,True,82.92,train
-0.3500632597132116,0.6234783003779083,-0.6058344002817975,-0.42647196182876507,0.8365697169280272,-1.3522730077330025,0.12370282834479795,True,False,False,False,True,False,True,False,False,False,False,True,158.89,train
1.682098842827061,-1.3359730224806496,-1.0538538495332477,-0.31119590127591107,-0.4573309027960158,1.129761570091924,1.3737228909138892,False,False,True,True,False,False,True,False,False,False,True,False,86.66,train
0.6484991527419227,-1.0400907943529147,0.9105391202615719,0.9741321738884106,0.7864832413258058,1.4488803015265574,-1.0406994217195609,False,True,False,False,False,False,False,True,False,False,True,False,134.33,train
0.6660177915569246,0.9198950944101192,-0.691991986676307,1.3199603555469726,0.017099324436133205,-0.5651134701942402,0.4490505158627807,False,False,False,True,False,False,True,False,False,False,False,False,130.54,train
-0.8756224241632817,0.6852206623449422,-0.31289860654046486,-0.9567418403718935,-0.6187206575142838,1.2857751721266337,0.3634327033580484,False,False,True,True,False,False,False,True,True,False,False,False,98.25,train
1.4718751770470326,1.4408295683224546,0.6176033265202393,0.5591383558981361,-0.9832388966193366,0.11567315686631122,-1.1605643592261863,False,True,False,False,False,False,False,False,False,True,False,False,103.3,train
0.3506822928868829,-1.2034006781704811,-0.7092235039552092,1.0375340071924808,0.9423078320882714,0.7822767291964343,1.3052286409101035,False,True,False,False,False,False,False,True,False,True,False,False,144.35,train
0.6660177915569246,-1.3140558203971138,-1.398484195111286,-0.5129290072434055,1.0285678734032075,-1.1466187141417945,0.9285102658892816,False,True,False,True,False,False,True,False,False,True,False,False,135.99,train
0.2981263764418754,0.4435968735215708,-1.2606320568800706,-1.060490294869462,0.4261388751876049,1.6332600130221235,0.10657926584385156,False,False,False,True,False,False,False,False,False,True,False,False,133.54,train
-0.5778055643082419,0.26772469094880713,0.3591305673367105,-0.40918055274583714,0.5805721749611197,1.5694362667351969,-0.6126103591958996,False,False,False,False,True,True,False,False,False,False,False,False,143.64,train
-0.5252496478632345,-1.6572471310710175,-0.9504647458598359,1.5908590978461794,-0.3627231155473763,1.4205141920657012,0.9456338283902277,False,False,False,True,False,False,False,True,False,False,True,False,79.74,train
1.52443109349204,1.4525900182209375,-1.2606320568800706,-1.1527111433117452,1.4779548628342458,-0.04034044516839841,-0.9550816092148287,False,False,True,False,True,False,True,False,False,False,True,False,185.69,train
-1.068327451128308,0.3976242057365932,1.4619476731864334,0.35164144690299926,1.1412624435082046,-0.4445575049856007,-0.3900040466835958,False,True,False,False,True,False,False,False,False,False,False,True,167.36,train
-0.0872836774881758,-1.2047370929316725,-1.43294722966909,0.7723990679209161,-0.20272465181805918,0.4773410524922292,1.6476998909290328,False,False,True,True,False,False,False,True,False,False,True,False,97.95,train
0.1754959047368585,-0.778153501159437,-1.43294722966909,-0.9509780373442507,-1.379756828470253,0.9241072765007158,1.133993015900639,False,False,False,False,False,False,False,True,False,False,False,True,55.55,train
-1.3135883945383404,1.0105040152188838,-1.7086515061315206,0.7839266739762016,0.5040511705688375,1.4205141920657012,-0.1502741716703453,False,False,True,True,False,False,True,False,False,False,False,False,147.99,train
-0.6303614807532495,0.13221223416401792,-1.0193908149754434,-0.37459773457998086,-0.9192395111276098,1.3566904457787745,-1.3660471092375437,True,False,False,False,True,False,True,False,False,False,False,False,83.3,train
1.4018006217870231,1.5752728932982907,-0.36459315837717077,0.6110125831469208,-1.3936697383597587,0.6120800724312966,-1.5886534217498478,False,False,False,False,False,False,False,False,False,False,False,True,84.8,train
1.1740583171919927,0.11777895474315288,-1.622493919737011,-1.3659718553345248,-0.13594268434843101,0.0022087190228858955,-0.9893287342167217,False,False,True,True,False,False,True,False,False,True,False,False,121.65,train
0.28060773762687347,0.42328336915146425,-1.226169022322267,-1.2564595978093136,1.374999329651903,-1.6430256297067798,1.1682401409025318,True,False,False,True,False,False,False,True,True,False,False,False,171.83,train
-1.7865916425434047,0.37356874003515134,-0.4679822620505819,1.6139143099567506,0.32040076002736023,0.08730704740545502,0.6887803908760308,True,False,False,False,True,False,True,False,False,False,False,True,138.84,train
0.911278734966957,1.7035687103726471,1.4791791904653355,-0.2016836437506999,-1.5842766038459888,1.2006768437440647,0.6545332658741381,False,False,True,True,False,False,True,False,True,False,False,False,90.45,train
0.10542134947684903,-1.625975025659143,1.6514943632543546,-1.5849963703849477,-1.1028899216690868,0.9808394954224288,-1.263305734231865,True,False,False,False,True,True,False,False,False,False,False,False,65.74,train
0.3682009317018849,0.5772383496406924,-1.0193908149754434,1.602386703901465,0.24527104662402902,-0.13962182828139563,1.4593407034186214,False,False,True,False,True,False,True,False,False,False,False,True,127.71,train
-1.6814798096533896,0.2850980828442929,0.7382239474725527,-1.1988215675328866,0.6807451261655615,0.7822767291964343,1.4593407034186214,True,False,False,False,True,False,True,False,False,False,False,False,151.81,train
1.4893938158620346,-0.39112778631846135,0.221278429105495,0.9337855526949115,0.0031864145466273665,-1.4799205003068558,1.2024872659044246,True,False,False,False,True,True,False,False,False,False,True,False,122.29,train
0.5784245974819132,1.6191072974653626,-0.1922779855881515,1.4928744463762535,0.0880551648726129,-0.5012897239073134,-1.3660471092375437,False,True,False,False,True,False,True,False,False,False,True,False,137.69,train
-0.6128428419382475,-1.6404083050800082,0.5486772574046312,-0.09217138622548869,0.010142869491380286,0.7751852018312201,-1.0920701092224003,False,False,True,False,False,False,False,True,False,False,True,False,103.77,train
1.559468371122044,1.7441957191128603,1.0139282239349832,0.08650650763143504,-1.0277602082657553,-1.6004764655154953,1.6819470159309255,False,True,False,False,False,False,True,False,False,False,False,False,107.01,train
-0.2274327880081947,-1.394775271973063,-0.8470756421864241,0.8300370981973431,0.6097892857290819,-0.6927609627680935,-0.33863335918075627,False,True,False,True,False,False,False,True,False,False,True,False,118.62,train
0.5959432362969153,-0.4854786684585612,1.5308737423020409,0.005813265244437344,0.4845730967235293,0.07312399267502666,-0.047532796664666616,False,False,True,False,False,False,False,False,True,False,False,False,134.19,train
-0.7179546748282609,1.280192514027271,0.8933076029826698,-0.887576204040181,-0.4615047757628677,0.17240537578802387,1.2196108284053713,False,False,True,False,False,False,False,False,False,False,False,True,115.32,train
-0.052246399858171845,1.0372323104427081,-0.4335192274927782,0.7666352648932737,1.284565415370115,1.3779650278744167,0.24356776585142334,False,True,False,False,True,True,False,False,False,True,False,False,175.15,train
1.3492447053420156,0.44252774171261783,0.3246675327789062,-0.6339688708239023,0.20353231695551152,-0.5934795796550965,0.5004212033656202,False,False,True,False,True,False,True,False,False,False,False,True,140.41,train
-0.3675818985282136,0.42301608619922626,1.3413270522341194,-0.3342511133864818,0.3955304734306918,1.5339786299091265,-0.886587359211043,False,True,False,False,False,False,False,True,False,False,False,True,145.33,train
-1.243513839278331,0.5857914041123158,0.703760912914749,0.8703837193908421,1.4348248421767782,-1.5437442465937825,-1.0235758592186146,False,True,False,True,False,False,False,True,False,False,False,True,175.91,train
-0.06976503867317382,1.6217801269877452,-0.1061203991936419,-1.060490294869462,0.8101351881379659,0.4277003609357305,1.4593407034186214,True,False,False,False,False,False,False,True,False,False,False,True,153.04,train
0.8412041797069475,0.9666696110518117,0.9794651893771794,0.0980341136867206,-0.07055200786775373,0.5340732714139416,0.32918557835615564,False,False,False,False,True,False,False,False,False,False,True,False,131.79,train
-0.7705105912732684,0.3174393200651204,1.6170313286965503,0.6571230073680622,0.4803992237566774,-1.0402458036635833,-0.6297339216968462,False,False,True,True,False,False,True,False,False,False,False,True,136.66,train
0.43827548696189433,1.0842741100366384,1.4619476731864334,0.18449115910136107,-0.2041159428070097,0.5978970177008682,0.5004212033656202,False,True,False,False,True,False,False,True,True,False,False,False,122.4,train
0.7886482632619416,0.003114568232946779,1.3930216040708259,1.1701014768282627,0.17292391519859843,0.9170157491355017,-0.6297339216968462,False,True,False,True,False,False,False,True,False,False,False,True,129.02,train
0.210533182366864,-1.5489975354145291,-0.5886028830028952,-1.2045853705605294,0.04909901718199639,-1.5295611918633545,-0.6297339216968462,False,True,False,False,False,True,False,False,False,False,False,True,95.02,train
-0.38510053734321714,-0.5849079266911873,1.2379379485607087,1.4410002191274696,-0.16237721313849218,-1.5224696644981406,-0.47562185918832806,True,False,False,False,True,False,True,False,True,False,False,False,106.87,train
0.7886482632619416,-0.13667441578765438,1.6859573978121578,-0.7607725374320414,-1.2322799836414913,1.370873500509203,-1.67427123425458,False,False,False,False,True,False,True,False,True,False,False,False,83.76,train
-0.7705105912732684,-1.0988930438453282,-0.7781495730708167,0.9741321738884106,-1.6023633867023463,0.2504121768053786,0.14082639084574436,False,False,False,False,False,False,True,False,False,False,False,False,51.02,train
0.7711296244469381,1.6065449987101652,-0.5024452966083857,-0.5820946435751181,-0.5519386900446557,1.4843379383526276,0.08945570334290516,False,False,True,True,False,False,False,True,False,False,True,False,116.14,train
0.4032382093318888,1.6346097086951807,-0.4679822620505819,0.5476107498428513,-1.4312345950614247,1.576527794100411,0.7915217658817099,False,False,False,False,True,True,False,False,False,True,False,False,78.89,train
-1.225995200463329,-0.25107151934562216,0.8933076029826698,0.49573652259406675,-1.7554053954869107,1.7183583414046926,-0.27013910917697037,False,False,False,False,True,False,False,True,False,False,False,False,55.76,train
-0.9807342570532968,-1.5113106391489368,0.39359360189451426,-0.7146621132109,-0.45037444785126285,-1.1466187141417945,1.356599328412943,False,True,False,False,True,False,False,False,False,False,False,False,83.82,train
1.1215024007469854,1.052734721672526,-0.34736164109826856,1.6715523402331776,-1.2128019097961829,1.0588462964397831,-1.3489235467365972,False,False,False,False,False,False,False,False,False,True,False,False,87.34,train
1.682098842827061,0.41285933401417285,-1.1227799186488552,-1.170002552394673,-0.45176573884021376,-0.5225643060029557,-1.5030356092451154,False,True,False,False,False,False,False,False,False,False,False,True,110.35,train
1.3317260665270136,1.0658315863322,-0.26120405470375896,-0.7780639465149698,0.02266448839193562,0.4986156345878712,0.08945570334290516,False,False,True,False,True,False,False,False,False,False,False,True,130.21,train
0.7010550691869286,1.5191434733282596,-1.6569569542948146,-0.7550087344043991,0.9659597789004312,0.7042699281790793,-1.5201591717460619,False,False,True,True,False,False,False,True,False,True,False,False,180.28,train
1.5419497323070421,-0.677120545213381,0.8933076029826698,-0.9913246585377493,0.7530922575909921,0.9808394954224288,-0.2358919841750776,False,False,False,False,False,True,False,False,True,False,False,False,142.84,train
-0.06976503867317382,1.1535003946663436,-0.4335192274927782,0.5591383558981361,0.20909748091131353,1.3566904457787745,-0.064656359165613,False,True,False,False,False,False,False,False,False,True,False,False,136.77,train
-0.8230665077182758,-0.08321782534000582,-1.622493919737011,0.5591383558981361,-1.1682805981497641,0.19367995788366615,1.2024872659044246,False,True,False,False,False,False,False,False,False,False,True,False,73.05,train
1.3142074277120117,-0.7070562358640644,1.1345488448872971,1.2392671131599753,0.17848907915440085,1.3283243363179182,1.4079700159157826,True,False,False,True,False,True,False,False,False,False,False,True,112.53,train
-0.3150259820832077,1.411695726528486,-0.5196768138872878,0.8992027345290556,-1.499407853520003,0.4418834156661588,0.8942631408873888,False,False,False,True,False,False,False,True,True,False,False,False,77.61,train
-0.56028692549324,1.416506819668775,1.5136422250231385,0.9107303405843412,-0.22637659863021894,0.9808394954224288,1.253857953407264,True,False,False,False,True,False,False,True,False,False,False,False,123.8,train
0.7360923468169341,-0.7957941760071608,1.4964107077442377,0.13838073488021926,0.5527463551821079,-1.7352154854545627,1.4593407034186214,True,False,False,True,False,False,False,True,False,True,False,False,133.83,train
-0.10480231630317932,-1.6807680308679827,1.668725880533257,-1.7348552491036577,-0.2041159428070097,-0.657303325942023,1.0483752033959066,False,False,True,True,False,False,False,False,False,True,False,False,90.38,train
0.5083500422219038,-0.8826611354845898,0.7382239474725527,0.005813265244437344,-1.0361079541994587,0.5553478535095842,-0.3900040466835958,False,True,False,True,False,False,False,True,False,False,False,True,64.43,train
0.1579772659218565,0.3986933375455461,-0.6575289521185033,-1.3198614311133834,1.0550024021932687,1.0517547690745694,-1.5886534217498478,False,False,True,False,True,False,True,False,False,True,False,False,166.42,train
0.5083500422219038,0.2797524237995281,1.3413270522341194,0.7147610376444892,0.679353835176611,-0.24599473875960678,-1.6229005467517406,False,True,False,True,False,False,False,False,False,False,False,False,148.22,train
-0.8581037853482798,1.6757712833398704,0.7209924301936506,4.9462216794563796e-05,-0.3001150210446,-0.21762862929875032,1.510711390921461,False,False,True,False,False,False,False,False,False,True,False,False,131.3,train
-0.5427682866782381,-0.2580208761038165,1.7204204323699621,1.642733325094964,-1.3310616438569824,-0.9055067837245158,-0.2872626716779171,False,False,False,False,True,False,True,False,False,True,False,False,77.5,train
1.1740583171919927,-0.883997550245781,-0.39905619293497446,-1.1296559312011745,1.6045623428287492,0.9595649133267862,1.630576328428086,True,False,False,True,False,False,False,False,False,False,False,False,170.96,train
-1.6464425320233858,0.6232110174256698,0.7899184993092586,-1.7002724309378014,-1.1001073396911858,0.08021552004024084,-0.064656359165613,False,False,False,False,True,True,False,False,False,False,True,False,94.21,train
1.033909206671974,0.7036631860493812,0.25574146366329875,1.3833621888510426,1.6713443102983774,1.5127040478134843,1.5449585159233536,False,False,True,False,True,False,False,False,False,False,True,False,186.06,train
-1.0157715346833007,-0.04098711888636328,-0.53690833116619,0.8358009012249863,1.528041338436467,-0.1892625198378941,-0.6811046091996854,False,False,True,True,False,True,False,False,False,True,False,False,174.01,train
0.1579772659218565,-1.2520461754778414,-0.6058344002817975,0.962604567833125,-1.4061913572603142,-0.5722049975594541,-0.49274542168927443,True,False,False,False,True,False,True,False,True,False,False,False,46.3,train
-1.348625672168346,-1.414821493390931,1.1345488448872971,1.2450309161876176,1.3694341656961009,0.569530908240012,-0.047532796664666616,False,False,True,True,False,False,True,False,False,False,False,True,150.99,train
-1.2610324780933346,1.071444528329203,0.0834262908742795,0.6974696285615611,-1.6162762965918522,1.115578515361496,1.6648234534299795,False,True,False,True,False,False,False,True,False,False,False,True,79.25,train
0.00030951658683563236,-0.3884549567960789,1.0311597412138853,0.19601876515664624,1.2108269929557338,0.5340732714139416,-1.6229005467517406,True,False,False,False,False,False,True,False,False,False,False,True,163.71,train
-0.4026191761582191,-0.7161438562401646,-1.5018732987846972,0.11532552276964854,0.9617859059335797,-0.7353101269593779,0.9970045158930672,False,True,False,False,True,False,False,True,False,False,False,True,143.37,train
-0.20991414919319273,-0.8738407980607279,0.42805663645231795,0.7493438558103458,1.0341330373590099,1.6403515403873377,-1.4687884842432224,False,False,False,False,False,False,False,True,False,False,False,True,143.1,train
-0.5427682866782381,0.6282893935181966,-1.0021592976965417,1.469819234265683,0.5068337525467386,0.6900868734486515,1.0826223283977996,True,False,False,False,True,False,False,False,False,False,False,False,144.34,train
1.1740583171919927,0.6608979136912624,1.3413270522341194,-1.0086160676206777,0.7141361099003756,1.4488803015265574,-1.1605643592261863,False,False,False,False,True,True,False,False,False,False,False,True,168.94,train
-0.6128428419382475,-0.5640598564166045,1.117317327608395,0.5245555377322803,-0.691067788939714,1.5410701572743406,-1.2461821717309187,True,False,False,True,False,False,True,False,False,False,False,False,84.07,train
-1.208476561648327,1.03696502749047,-0.31289860654046486,-0.09217138622548869,-1.5286249642879655,1.576527794100411,1.0654987658968533,True,False,False,False,False,False,True,False,True,False,False,False,71.37,train
1.419319260602025,0.35539349928295066,-0.2956670892615627,1.5678038857356085,-0.04411747907769256,-0.8984152563593018,0.12370282834479795,True,False,False,False,True,True,False,False,False,False,False,False,127.27,train
0.19301454355186046,-0.13159603969512754,0.34189905005780835,0.6398315982851343,0.8101351881379659,0.1653138484228097,1.5620820784243004,True,False,False,False,True,False,False,False,False,False,True,False,151.67,train
1.5419497323070421,-0.27673068276049356,-1.43294722966909,1.6484971281226064,1.2261311938341906,-0.8062254006115187,0.7743982033807632,False,False,True,False,False,False,True,False,False,True,False,False,159.92,train
1.4543565382320307,0.05790757344178655,-0.691991986676307,1.619678112984393,-0.2430720904976262,0.1653138484228097,0.24356776585142334,False,False,False,False,False,False,False,True,True,False,False,False,108.06,train
-1.3135883945383404,0.1792540337579487,0.04896325631647577,0.8819113254461277,-0.42950508301700413,0.668812291353009,-1.5715298592489013,True,False,False,False,True,False,False,False,False,True,False,False,103.43,train
-1.5062934215033668,-0.2799380781873523,0.221278429105495,-0.7492449313767563,0.23274942772347368,-0.1892625198378941,0.637409703373192,False,False,True,True,False,False,False,False,False,False,False,True,131.34,train
1.4893938158620346,-1.2090136201674841,0.29020449822110245,-0.0633523710872752,-0.5908948377352722,-1.4728289729416417,-1.1776879217271328,True,False,False,False,True,False,False,False,False,False,False,False,90.98,train
-1.7865916425434047,-1.2258524461584936,0.9966967066560816,0.19601876515664624,-0.11368202852522175,0.6759038187182231,0.5860390158703525,False,False,True,False,False,False,True,False,False,False,True,False,102.31,train
-1.0858460899433102,-0.26657393057544015,-0.05442584735693601,0.46115370442821085,-0.7787191212436008,0.9950225501528566,1.133993015900639,False,True,False,True,False,False,False,True,False,True,False,False,83.44,train
1.1915769560069949,-0.7083926506252556,0.29020449822110245,-0.32272350733119665,0.056055472126749314,-0.8487745648028031,-0.9379580467138823,False,True,False,True,False,True,False,False,False,True,False,False,113.05,train
0.7711296244469381,-0.3807037511811699,0.42805663645231795,-0.09793518925313106,1.0355243283479603,-1.217533987793935,1.0141280783940139,False,True,False,False,False,False,False,False,False,False,False,False,160.79,train
-1.38366294979835,0.537145906804956,1.5653367768598452,-0.28814068916534036,0.7113535279224746,1.5907108488308388,1.6648234534299795,False,False,True,True,False,False,False,False,False,False,False,True,150.51,train
0.1754959047368585,-0.8663568753980572,0.8760760857037682,-0.5532756284369046,0.3537917437621743,1.6474430677525518,1.4422171409176754,False,True,False,False,False,True,False,False,False,False,True,False,127.25,train
1.033909206671974,-0.9631133041083009,1.0311597412138853,-0.21321124980598505,0.7322228927567334,-0.3736422313334599,-0.40712760918454216,False,False,True,True,False,False,False,False,False,False,False,True,135.85,train
-1.0332901734983027,-0.7765498034460075,-0.6058344002817975,1.0894082344412646,-0.7550671744314408,1.1013954606310676,0.8086453283826566,False,False,False,False,True,False,False,False,False,False,False,True,85.37,train
-1.4537375050583594,-0.46302690047054856,1.065622775771689,-0.04606096200434686,1.696387548099488,0.5198902166835138,0.431926953361834,False,False,True,False,False,False,False,True,False,True,False,False,167.38,train
-0.5077310090482325,0.3690249298471011,0.2729729809422009,-1.6253429915784463,-1.553668202089076,1.0446632417093553,0.20932064084953053,False,True,False,False,True,False,True,False,False,True,False,False,72.7,train
-1.348625672168346,1.2593444437526875,-0.1061203991936419,-0.25932167402712686,0.39831305540859324,0.05184941057938463,0.637409703373192,False,False,False,False,True,False,False,False,False,False,False,False,150.46,train
-1.6464425320233858,-1.2646084742330388,0.13512084271098537,0.08074270460379226,0.8560477907733349,0.17240537578802387,0.2778148908533161,True,False,False,True,False,False,True,False,False,False,False,True,129.93,train
0.3156450152568774,-0.4349621904855331,1.117317327608395,1.4755830372933254,-0.22498530764126845,1.3283243363179182,-0.6982281717006318,True,False,False,False,True,False,False,False,True,False,False,False,118.35,train
-1.4712561438733613,1.2574734630870203,-0.8470756421864241,-1.2334043856987429,1.4069990223977664,0.1653138484228097,-0.13315060916939891,False,False,True,False,True,False,False,False,False,True,False,False,185.74,train
0.4207568481468908,1.4221197616657777,1.2034749140029044,1.1816290828835483,-0.7870668671773043,-0.39491681342910223,-0.544116109192114,False,False,False,True,False,False,False,False,False,True,False,False,106.08,train
0.9463160125969625,1.3381929146629692,0.221278429105495,0.4035156741517839,-0.9373262939839674,-1.4870120276720702,0.020961453339119272,False,False,True,True,False,False,True,False,False,False,False,False,99.98,train
0.6484991527419227,0.7041977519538578,1.3585585695130216,-0.887576204040181,-1.2128019097961829,0.05184941057938463,-1.6229005467517406,False,True,False,True,False,False,False,False,False,False,True,False,84.17,train
1.3142074277120117,-0.36546862290358995,1.6170313286965503,0.42080708323471183,1.0856108039501813,0.3922427241096601,0.8771395783864421,False,False,False,False,True,False,False,False,False,True,False,False,167.4,train
-1.331107033353344,0.4053754113515022,0.06619477359537733,-0.5186928102710483,0.9158733032982103,1.3566904457787745,-1.5030356092451154,False,False,False,False,True,True,False,False,False,False,True,False,154.33,train
0.210533182366864,-0.908053015947223,-0.7781495730708167,0.7032334315892036,0.24666233761297954,-1.4444628634807855,1.133993015900639,False,False,True,False,True,False,True,False,False,False,True,False,120.0,train
-0.43765645378822304,-0.03243406441473969,-1.6914199888526187,1.2623223252705456,1.1273495336186987,1.5056125204482702,-1.5030356092451154,True,False,False,True,False,False,False,False,False,False,True,False,155.16,train
-0.24495142682319823,0.5775056325929304,-1.43294722966909,-0.36883393155233807,0.5903112118837736,0.93119880386593,-0.5783632341940067,True,False,False,True,False,False,False,False,False,False,False,False,144.76,train
0.1579772659218565,0.6226764515211938,-0.7436865385130129,-1.561941158274377,-0.7091545717960716,0.18658843051845198,1.099745890898746,False,True,False,False,True,False,False,True,False,True,False,False,104.33,train
1.4543565382320307,1.5720654978714317,-0.691991986676307,0.46115370442821085,-1.4674081607741398,-0.8700491468984454,-1.640024109252687,False,True,False,False,True,True,False,False,False,False,False,True,87.55,train
1.559468371122044,-0.4365658881989626,-1.2606320568800706,1.1873928859111906,1.4682158259115918,1.0730293511702116,0.5517918908684597,False,False,False,False,True,False,True,False,False,True,False,False,170.58,train
0.14045862710685453,0.9730844019055298,-1.4501787469479914,-1.3659718553345248,-0.5700254729010134,0.18658843051845198,-0.5954867966949531,False,False,True,True,False,True,False,False,False,False,False,True,100.8,train
0.6660177915569246,-0.8575365379741949,1.1517803621661986,-1.2103491735881722,0.22718426376767129,-1.0615203857592255,0.2606913283523694,True,False,False,False,False,True,False,False,False,False,False,False,125.94,train
1.699617481642063,1.6025357544265915,-0.9332332285809337,-1.688744824882516,-1.2879316231995146,1.4559718288917716,0.22644420335047663,False,False,True,False,True,True,False,False,False,False,False,True,90.56,train
0.22805182118186598,1.3291052942868693,-0.9332332285809337,-0.28814068916534036,0.3162268870605087,1.1510361521875665,0.10657926584385156,True,False,False,True,False,False,False,True,False,False,False,False,143.76,train
0.12293998829185102,-1.1689211773317478,0.6003718092413372,0.7723990679209161,-1.3254964799011801,1.6048939035612673,1.4079700159157826,False,False,False,False,True,False,False,True,False,True,False,False,55.26,train
-1.2960697557233385,-1.0793813883319365,-0.26120405470375896,-1.100836916062961,-0.4879393045529289,1.1794022616484225,0.8942631408873888,False,False,True,False,True,False,False,False,False,False,True,False,91.85,train
1.0864651231169813,-1.6935976125754182,0.2729729809422009,0.9164941436119836,-1.6274066245034569,-0.8133169279767327,-0.9208344842129359,False,False,True,False,False,False,False,False,False,False,True,False,40.0,train
1.3317260665270136,-0.17569772681443757,0.25574146366329875,-1.7118000369930868,-1.4896688165973493,1.3637819731439886,-1.5372827342470083,False,False,True,False,False,False,False,False,False,False,False,True,62.25,train
1.1740583171919927,1.2569388971825437,0.6176033265202393,0.32858623479242816,-0.597851292680025,0.7468190923703639,-0.6468574841977927,False,False,False,True,False,False,False,False,True,False,False,False,115.82,train
1.6470615651970555,0.459099284751389,-0.8126126076286204,1.002951189026624,1.6282142896409089,-0.12543877355096728,-1.640024109252687,False,True,False,True,False,False,False,False,True,False,False,False,173.83,train
0.4032382093318888,1.317612127340625,-0.7609180557919145,-1.4754841128597365,-0.5714167638899639,1.370873500509203,0.9113867033883349,False,False,True,False,True,False,True,False,False,False,False,True,108.21,train
0.24557045999686794,1.6455683097369485,1.3068640176763162,-0.1959198407230571,1.3402170549281383,0.7822767291964343,-0.8009695467063108,False,True,False,True,False,False,False,False,True,False,False,False,191.97,train
0.2630890988118699,-1.083123349663272,0.9794651893771794,-0.6051498556856888,-0.25837629137608253,0.20077148524888008,1.3052286409101035,False,False,False,True,False,False,False,False,True,False,False,False,105.67,train
-0.3500632597132116,0.7704839241089418,1.2034749140029044,0.7320524467274171,1.5002155186574555,0.37805966937923197,0.5860390158703525,False,False,False,True,False,False,True,False,False,False,True,False,175.28,train
-1.523812060318369,-0.7006414450103466,-0.8470756421864241,-1.6772172188272307,0.9158733032982103,0.33551050518794767,0.05520857834101207,False,False,False,True,False,True,False,False,False,False,True,False,146.92,train
-0.7179546748282609,-1.1715940068541302,0.5486772574046312,-0.8587571889019675,-0.5519386900446557,-0.7636762364202343,0.6716568283750848,False,False,False,True,False,False,True,False,False,False,False,False,90.68,train
0.210533182366864,1.049527326245667,-1.5018732987846972,-1.3659718553345248,-0.29454985708879766,0.08730704740545502,-1.605776984250794,True,False,False,False,True,True,False,False,False,True,False,False,117.62,train
0.5433873198519077,-0.21258277422331526,0.3591305673367105,-0.7377173253214707,-0.26394145533188496,1.2574090626657777,-0.544116109192114,False,False,False,True,False,False,False,False,True,False,False,False,110.63,train
0.4207568481468908,-1.4324621682386554,-1.5191048160635994,0.6283039922298487,-1.7081015018625907,-0.34527612187260376,1.1682401409025318,False,False,True,True,False,False,False,True,False,False,False,False,35.68,train
1.3142074277120117,-1.3429223792388438,1.427484638628629,0.6686506134233478,-1.7011450469178377,-0.15380488301182374,-0.253015546676024,False,False,False,True,False,False,False,True,False,False,True,False,45.17,train
-0.4026191761582191,0.28028698970400434,-0.20950950286705308,-1.5446497491914486,-1.1070637946359387,0.6759038187182231,-0.064656359165613,False,True,False,True,False,False,False,False,True,False,False,False,81.09,train
-0.7705105912732684,-0.047401909740081044,0.7554554647514542,-1.5907601734125905,1.0800456399943792,0.11567315686631122,0.12370282834479795,True,False,False,False,False,True,False,False,False,False,True,False,161.29,train
1.3142074277120117,0.8765952561475244,-1.1227799186488552,-0.8587571889019675,0.8017874422042626,-0.02615739043797031,-0.544116109192114,False,True,False,False,True,False,False,False,False,True,False,False,155.08,train
0.3682009317018849,1.0896197690814033,0.4969827055679254,0.42080708323471183,0.3120530140936568,1.1226700427267102,0.020961453339119272,False,False,False,True,False,False,False,True,True,False,False,False,148.45,train
0.19301454355186046,0.9308536954518876,1.548105259580943,-1.3659718553345248,-1.4507126689067327,0.4277003609357305,0.19219707834858385,False,False,False,False,True,False,False,True,False,True,False,False,76.11,train
-0.38510053734321714,-0.1104806864683064,-0.9160017113020321,-0.5936222496304032,-0.9275872570613133,-0.28145237558567715,0.6545332658741381,False,False,True,False,True,False,False,False,True,False,False,False,82.19,train
-1.2610324780933346,-1.129363300400488,1.065622775771689,1.602386703901465,-0.46846123070762064,1.1013954606310676,-0.85234023420915,False,False,True,True,False,True,False,False,True,False,False,False,93.27,train
-0.3150259820832077,1.146283754955911,-1.6569569542948146,0.6571230073680622,-1.5745375669233348,-0.07579808199446879,0.6887803908760308,False,True,False,False,True,False,False,False,False,False,True,False,66.1,train
1.1215024007469854,1.1211591574455164,0.8243815338670623,1.2392671131599753,-0.6994155348734175,1.3566904457787745,-0.33863335918075627,False,False,True,True,False,False,True,False,False,False,True,False,102.9,train
0.7010550691869286,-1.649763208408347,-0.34736164109826856,0.5072641286493523,-0.3182018039009574,-1.5295611918633545,-1.6913947967555265,False,False,True,False,True,True,False,False,False,False,False,False,85.16,train
-1.7340357260983972,0.2070514607907259,1.1690118794451008,-0.8126467646808261,0.6223109046296371,0.7822767291964343,0.9456338283902277,False,False,True,False,False,False,False,False,False,False,False,True,151.22,train
-0.47269373141822857,-1.6267768745158575,0.3074360155000046,0.9280217496672691,-1.2169757827630345,0.2504121768053786,1.1168694533996923,False,False,False,False,True,False,True,False,True,False,False,False,51.33,train
-1.6289238932083838,0.08463586866561083,-0.7264550212341108,1.0548254162754087,-1.3046271150669213,-0.18217099247267993,-1.4687884842432224,False,True,False,False,False,True,False,False,False,False,False,True,70.02,train
1.6120242875670514,1.2502568233765876,0.0834262908742795,-0.5475118254092618,-0.9748911506856331,-1.2742662067156478,1.3394757659119962,False,False,True,False,True,True,False,False,False,False,False,False,101.22,train
-1.366144310983348,1.0252045775919871,0.8760760857037682,1.0951720374689078,-0.2041159428070097,-1.1466187141417945,-0.6982281717006318,False,False,False,False,True,False,True,False,False,True,False,False,120.94,train
-1.7865916425434047,1.3005060183973771,-0.8815386767442285,-0.09217138622548869,-1.379756828470253,-0.4303744502551726,-1.1776879217271328,False,True,False,True,False,False,True,False,False,True,False,False,80.69,train
1.4018006217870231,0.3690249298471011,0.0834262908742795,-0.31695970430355386,1.3944774034972107,-1.2246255151591492,-1.3146764217347044,False,False,False,True,False,False,True,False,False,False,False,False,173.37,train
-1.5413306991333708,0.5972845710585607,-0.17504646830924936,-0.7838277495426126,-1.4298433040724738,-0.39491681342910223,0.15794995334669104,False,False,False,True,False,True,False,False,True,False,False,False,66.77,train
-1.0332901734983027,1.518341624471545,-0.17504646830924936,0.6917058255339188,1.284565415370115,-0.5863880522898822,-0.047532796664666616,False,False,True,False,True,False,False,False,False,False,False,True,180.22,train
-0.3675818985282136,0.4534863427543859,0.7899184993092586,-1.6945086279101589,-1.3171487339674768,-1.6430256297067798,0.6887803908760308,False,True,False,False,True,True,False,False,False,False,False,False,79.73,train
0.4733127645918983,0.6224091685689551,-0.45075074477168037,-0.8933400070678237,1.381955784596656,-1.4160967540199294,-0.047532796664666616,False,False,True,False,False,False,False,True,False,True,False,False,179.24,train
1.4543565382320307,-1.3867567834059158,-0.6747604693974049,0.4035156741517839,1.1510014804308586,0.5127986893182996,-1.4174177967403832,False,False,False,False,False,False,False,True,False,True,False,False,140.82,train
1.5069124546770365,1.2670956493675969,-1.174474470485561,1.0951720374689078,-1.7192318297741955,-0.6005711070203106,-0.5269925466911672,False,True,False,False,False,False,False,False,False,True,False,False,65.64,train
-1.1208833675733156,-0.6474521375149361,-0.07165736463583756,-0.2016836437506999,-1.255931930453651,1.4417887741613438,0.17507351584763745,False,False,False,False,False,False,True,False,True,False,False,False,66.53,train
-1.523812060318369,1.3999352766300037,0.5142142228468276,1.077880628385979,-0.014900368309730381,-1.5153781371329262,0.020961453339119272,False,False,True,False,False,False,False,True,False,False,False,False,127.24,train
-0.3500632597132116,-0.5640598564166045,1.5997998114176482,1.6888437493161055,1.2358702307568445,-0.3878252860638883,-0.5783632341940067,False,False,False,False,True,False,False,True,False,True,False,False,164.21,train
-0.47269373141822857,-1.3766000312208626,-0.9332332285809337,1.002951189026624,1.7005614210663391,0.3496935599183758,-0.20164485917318478,False,False,True,False,True,False,False,True,False,False,True,False,161.77,train
-1.0858460899433102,0.30487702130992284,0.29020449822110245,1.585095294818537,-0.22637659863021894,-1.387730644559073,0.34630914085710174,False,True,False,False,True,False,False,True,False,True,False,False,119.53,train
0.1754959047368585,-0.5985393572553378,0.37636208461561205,-1.0777817039523898,1.5614323221712807,1.4701548836221998,-1.0578229842205076,False,True,False,True,False,False,False,False,False,False,False,True,168.03,train
-0.8931410629782853,0.5315329648079525,-0.6402974348396011,1.5332210675697524,-0.8524575436579817,-1.1253441320461521,0.2606913283523694,False,False,False,True,False,False,False,False,True,False,False,False,92.81,train
-1.6114052543933803,0.22335572087725877,-1.536336333342501,0.6340677952574918,0.028229652347737638,1.2006768437440647,-1.14344079672524,False,False,False,False,False,False,False,True,False,False,False,True,122.33,train
0.12293998829185102,1.1917218568364123,-1.3640211605534818,0.31129482570950023,-1.5842766038459888,1.0801208785354257,-0.4584982966873816,False,True,False,True,False,False,False,False,False,False,False,True,63.1,train
-0.43765645378822304,1.0989746724097418,-0.5024452966083857,-0.4207081588011223,0.6682235072650061,1.129761570091924,1.1853637034034785,False,False,False,False,False,False,False,True,False,True,False,False,155.66,train
1.4543565382320307,-0.3221687846409948,0.0834262908742795,-1.2045853705605294,0.5805721749611197,1.0872124059006398,-0.13315060916939891,False,True,False,False,False,True,False,False,False,False,True,False,136.07,train
0.4733127645918983,0.6130542652406167,0.5659087746835335,1.354543173712829,-0.40585313620484437,-0.16798793774225182,1.099745890898746,False,False,False,False,True,False,False,True,False,False,True,False,115.93,train
1.0864651231169813,-1.2159629769256786,-0.31289860654046486,0.1556721439631476,0.14231551344168575,-1.7068493759937062,-0.663981046698739,True,False,False,True,False,False,False,False,True,False,False,False,115.24,train
-0.5427682866782381,1.737780928259142,0.4452881537312201,1.2565585222429032,0.20909748091131353,-1.3309984256373601,-1.3660471092375437,True,False,False,False,False,False,False,True,False,False,False,False,143.69,train
-0.49021237023323055,-1.3103138590657784,-0.9849277804176396,1.2277395071046897,0.06022934509360122,-1.2459000972547913,-0.0989034841675058,False,False,True,False,True,False,False,True,True,False,False,False,104.6,train
-1.5413306991333708,-0.7725405591624339,1.3585585695130216,-1.0662540978971047,1.704735294033191,0.5908054903356545,1.7161941409328183,False,False,False,True,False,False,True,False,False,False,False,False,170.17,train
0.3682009317018849,0.5841877063988865,0.39359360189451426,-0.6512602799068302,0.050490308170947296,1.2290429532049214,0.03808501584006567,False,False,True,False,False,False,False,False,False,False,False,True,126.84,train
-0.13983959393318326,1.2876764366899416,-0.36459315837717077,-0.3342511133864818,0.8699607006628408,-0.29563543031610523,-0.85234023420915,False,False,True,False,False,False,False,False,True,False,False,False,173.67,train
0.19301454355186046,-1.591762807772648,-0.6402974348396011,-0.9394504312889652,1.6741268922762784,0.8248258933877188,-0.064656359165613,False,False,True,False,True,True,False,False,False,True,False,False,159.06,train
0.49083140340690024,0.80576527380439,1.4619476731864334,-1.631106794606089,0.48735567870143026,0.3567850872835897,0.3634327033580484,False,False,True,False,True,True,False,False,False,True,False,False,143.38,train
0.9463160125969625,-1.6962704420978008,0.6692978783569447,-0.09217138622548869,1.10648016878444,1.0872124059006398,-1.6913947967555265,False,True,False,True,False,False,False,True,True,False,False,False,139.11,train
0.8061669020769435,-1.5762603965428301,1.1345488448872971,-1.6138153855231612,0.6403976874859945,1.5056125204482702,0.9113867033883349,False,False,False,True,False,True,False,False,False,True,False,False,128.72,train
1.559468371122044,-1.6080670678591806,-0.14058343375144564,1.5332210675697524,-1.1905412539729736,0.4347918883009447,0.5860390158703525,True,False,False,True,False,True,False,False,True,False,False,False,53.45,train
1.5945056487520495,0.09987099694319049,-0.5196768138872878,1.0894082344412646,1.3137825261380776,0.05894093794459856,-0.6811046091996854,True,False,False,True,False,False,True,False,False,False,True,False,156.25,train
0.3156450152568774,-0.8537945766428596,0.47975118828902386,1.2046842949941186,-0.6340248583927401,-1.6288425749763515,0.9627573908911744,False,False,True,False,True,False,False,True,False,True,False,False,93.52,train
-0.3150259820832077,-0.48815149798094365,1.3413270522341194,0.07497890157614989,0.7085709459445731,-1.2317170425243633,0.15794995334669104,True,False,False,True,False,True,False,False,False,False,False,False,137.93,train
0.876241457336953,1.4138339901463923,1.1517803621661986,-1.3486804462515969,0.5235292444141457,-1.3309984256373601,1.1853637034034785,False,True,False,True,False,False,True,False,False,True,False,False,160.19,train
1.5419497323070421,-1.476296572405727,0.221278429105495,-1.2910424159751699,-1.2517580574867992,-0.5225643060029557,-0.047532796664666616,False,False,False,False,True,False,True,False,False,True,False,False,58.03,train
0.7010550691869286,-0.6712403202641399,-0.08888888191473973,-0.5820946435751181,-0.020465532265532795,1.3779650278744167,-0.9379580467138823,False,True,False,False,False,False,False,True,False,True,False,False,111.61,train
1.664580204012059,-1.382747539122342,-0.7781495730708167,-1.65416200671666,0.7809180773700037,0.9808394954224288,-1.5372827342470083,False,True,False,False,False,False,True,False,False,False,False,True,130.86,train
0.28060773762687347,0.6365751650375818,-0.17504646830924936,-0.6224412647686167,-0.2736804922545389,0.7184529829095077,0.5004212033656202,False,True,False,False,True,False,True,False,False,False,False,False,112.75,train
1.3667633441570177,-1.5639653807398706,1.1690118794451008,0.6801782194786332,-0.07194329885670424,-1.111161077315724,1.5278349534224076,False,False,False,True,False,False,True,False,False,True,False,False,89.5,train
-0.8931410629782853,0.6844188134882275,1.2207064312818066,1.6312057190396785,1.348564800861842,0.2504121768053786,-0.886587359211043,False,False,True,True,False,False,False,False,False,False,False,True,178.74,train
0.8236855408919456,-0.9823576766694545,-1.0710853668121492,-0.17862843164012918,1.1607405173535132,-1.1820763509678647,1.4079700159157826,False,False,False,False,True,True,False,False,True,False,False,False,146.69,train
0.7886482632619416,0.5753673689750246,-1.43294722966909,1.1009358404965501,0.1256200215742785,-0.9055067837245158,-0.11602704666845251,False,True,False,False,True,True,False,False,False,False,True,False,133.88,train
-0.7705105912732684,-1.557550589886153,0.5142142228468276,-0.29390449219298315,-1.386713283415006,-1.5082866097677121,-0.064656359165613,True,False,False,False,False,True,False,False,True,False,False,False,52.72,train
-1.0858460899433102,-1.4370059784267053,-1.2778635741589721,1.6254419160120352,0.05744676311570021,0.7751852018312201,-0.6982281717006318,False,False,True,False,True,True,False,False,False,True,False,False,92.54,train
-0.9982528958682987,-1.462932424793815,1.082854293050591,0.33435003782007133,1.5489107032707259,1.6261684856569092,0.534668328367513,False,True,False,False,True,True,False,False,False,False,True,False,164.2,train
0.9463160125969625,-0.2601591397217224,0.6865293956358468,-0.02300574989377615,-0.814892686956316,-0.5083812512725275,0.08945570334290516,True,False,False,False,True,True,False,False,False,False,False,True,84.43,train
-1.7340357260983972,1.4731708055432817,-1.2606320568800706,-0.04029715897670408,0.8588303727512364,-0.34527612187260376,1.4079700159157826,True,False,False,False,False,False,False,False,False,False,False,True,160.08,train
-0.56028692549324,-0.7752133886848164,-0.03719433007803384,-0.7607725374320414,0.9631771969225301,1.370873500509203,0.8086453283826566,False,False,True,True,False,False,False,False,False,False,False,False,147.94,train
-1.7865916425434047,-1.210884600833152,-0.6058344002817975,-0.2016836437506999,-1.2976706601221684,0.1511307936923816,-0.9893287342167217,False,False,True,False,True,True,False,False,False,False,False,False,50.23,train
-1.5062934215033668,-0.9826249596216926,-0.7781495730708167,1.6254419160120352,0.712744818911425,0.6191715997965107,1.390846453414836,False,False,True,False,False,True,False,False,True,False,False,False,130.35,train
1.1215024007469854,-0.8241261689444146,0.3246675327789062,1.4928744463762535,0.5318769903478492,-0.03324891780318449,-0.013285671662773519,False,False,False,False,False,True,False,False,False,False,False,False,130.93,train
0.1579772659218565,-0.6068251287747234,1.3068640176763162,-1.1930577645052438,-0.33628858675731516,0.668812291353009,1.236734390906318,False,True,False,True,False,True,False,False,False,False,False,False,105.95,train
1.6295429263820536,1.6634762675369108,-0.691991986676307,-0.9163952191783945,-0.1651597951163932,0.03057482848374235,-0.6982281717006318,False,False,False,True,False,False,False,False,False,False,False,True,119.54,train
-1.6114052543933803,0.88942483785496,-0.8126126076286204,1.0260064011371952,-1.4451475049509304,1.4205141920657012,1.0826223283977996,True,False,False,False,False,True,False,False,False,True,False,False,72.59,train
-0.017209122228167898,0.34496946414565927,-1.2950950914378743,1.0260064011371952,0.042142562237243476,-1.1040695499505098,0.7059039533769775,False,True,False,True,False,False,False,True,False,False,False,True,117.93,train
-0.9982528958682987,1.4592720920268936,0.221278429105495,1.4986382494038966,0.9812639797788876,0.6120800724312966,-1.1776879217271328,False,False,False,False,True,True,False,False,True,False,False,False,171.48,train
0.8587228185219495,-1.688519236482892,-0.4335192274927782,1.660024734177892,0.8268306800053729,0.37096814201401807,-1.5201591717460619,False,False,True,False,False,False,True,False,False,False,False,False,129.11,train
-0.3500632597132116,-1.3680469767492387,-1.5018732987846972,-1.3256252341410262,0.6237021956185876,-0.6005711070203106,1.356599328412943,False,False,True,True,False,True,False,False,False,True,False,False,122.11,train
-0.7179546748282609,-1.2854565445076218,0.2729729809422009,-1.2449319917540285,-0.38220118939268455,0.22204606734452237,0.6716568283750848,False,False,False,False,False,False,False,True,False,True,False,False,95.23,train
1.2966887888970082,1.064762454523247,-0.15781495103034718,0.9798959769160538,-0.269506619287687,1.3283243363179182,-1.4174177967403832,False,True,False,True,False,False,True,False,False,False,False,True,128.99,train
1.3667633441570177,0.8787335197654302,0.10065780815318166,-1.631106794606089,0.6946580360550674,1.7467244508655488,-1.640024109252687,False,False,False,True,False,False,True,False,False,False,False,False,155.12,train
0.4207568481468908,-1.0630771282454037,0.3591305673367105,1.521693461514467,-1.6148850056029018,-1.3735475898286449,-0.33863335918075627,False,False,True,False,True,True,False,False,False,True,False,False,56.33,train
0.8412041797069475,-0.5536358212793131,0.6348348437991409,0.4438622953452821,-1.3811481194592035,-1.0544288583940113,0.8257688908836026,False,False,False,False,False,False,True,False,True,False,False,False,62.03,train
0.6484991527419227,-1.5262784844742785,-0.9332332285809337,-0.7665363404596842,1.5210848834917141,-1.3522730077330025,0.9798809533921211,True,False,False,True,False,True,False,False,False,False,False,True,154.77,train
-1.6639611708383877,0.802825161329769,0.3074360155000046,0.8012180830591296,0.40526951035334613,-0.5154727786377414,-0.5098689841902209,False,False,True,True,False,False,False,True,True,False,False,False,146.19,train
-1.1208833675733156,0.7194328802314371,1.6514943632543546,-1.0777817039523898,-1.129324450459148,1.4488803015265574,0.29493845335426283,True,False,False,True,False,True,False,False,True,False,False,False,84.1,train
-0.682917397198257,-1.578665943112974,-0.22674102014595524,-1.4639565068044509,0.6751799622097591,0.4773410524922292,1.2709815159082107,False,False,False,False,True,False,False,False,False,False,True,False,127.0,train
1.682098842827061,-0.07199194134599951,0.8243815338670623,-1.7521466581865857,-0.7856755761883537,-0.7069440174985216,-0.4584982966873816,False,False,True,True,False,False,False,False,False,False,False,True,94.01,train
0.10542134947684903,1.370534151883797,0.5659087746835335,-1.1296559312011745,-0.13872526632633242,-0.6147541617507387,0.34630914085710174,False,False,False,True,False,True,False,False,False,True,False,False,117.1,train
-0.052246399858171845,-0.5782258528852313,-1.2089375050433646,1.0317702041648376,-1.0054995524425459,-0.4303744502551726,1.7161941409328183,False,True,False,False,True,False,False,False,True,False,False,False,79.26,train
-0.03472776104316987,0.1586732464356039,-0.53690833116619,-1.631106794606089,-0.8566314166248336,0.647537709257367,0.9285102658892816,False,True,False,False,False,False,False,True,False,False,True,False,83.05,train
1.2266142336370003,-0.09497827523848844,0.031731739037573606,1.118227249579478,0.936742668132469,1.115578515361496,-0.85234023420915,False,False,True,False,True,False,False,False,False,True,False,False,152.48,train
0.6134618751119172,-1.2360091983435468,-1.5191048160635994,-0.7031345071556144,1.4223032232762225,-1.196259405698293,1.4422171409176754,False,False,False,True,False,False,False,False,False,False,False,False,161.69,train
0.9813532902269664,-0.4683725595153134,0.39359360189451426,-1.002852264593035,-0.4782002676302745,0.23622912207495045,-0.6126103591958996,False,False,False,False,True,False,False,True,False,False,False,True,102.0,train
-1.4537375050583594,0.7988159170461954,-1.3640211605534818,-0.8357019767913968,-0.23194176258602137,1.0943039332658535,-1.3489235467365972,False,False,True,False,False,False,False,True,False,False,False,False,105.72,train
-1.1734392840183216,-0.8209187735175559,-1.0193908149754434,-1.446665097721523,0.11866356662952558,-0.31691001241174754,-1.0064522967176681,False,False,True,False,True,True,False,False,False,False,False,True,106.17,train
1.1215024007469854,0.8121800646581075,-1.3640211605534818,1.0375340071924808,0.04770772619304589,-0.2105371019335364,0.29493845335426283,False,False,True,False,True,False,True,False,False,True,False,False,138.89,train
-0.2274327880081947,1.3507552134181666,-0.05442584735693601,1.0317702041648376,-0.41141830016064673,1.1510361521875665,-1.640024109252687,False,True,False,True,False,False,True,False,False,False,False,True,121.37,train
-1.38366294979835,1.4798528793492378,0.2729729809422009,0.3170586287371434,-1.5272336732990148,0.647537709257367,0.9798809533921211,False,False,False,False,False,False,False,False,False,False,False,False,85.5,train
-1.4887747826883648,-1.5380389343727612,0.9450021548193757,0.7378162497550602,-1.0166298803541507,-0.8416830374375891,-0.6468574841977927,False,True,False,True,False,False,False,False,True,False,False,False,61.16,train
1.1039837619319834,-0.6322170092373565,1.6170313286965503,-0.9682694464271786,-0.2736804922545389,-1.196259405698293,-0.13315060916939891,False,False,False,False,True,True,False,False,False,False,False,False,106.51,train
0.7886482632619416,0.9762917973323888,-1.6741884715737165,-1.6253429915784463,0.8824823195633962,0.9595649133267862,-0.5954867966949531,False,True,False,False,False,False,False,False,False,False,False,True,160.03,train
0.3506822928868829,-1.4188307376745048,0.39359360189451426,1.5101658554591815,0.4080520923312472,-1.3593645350982166,1.3737228909138892,True,False,False,False,False,False,False,False,False,False,False,False,116.82,train
1.699617481642063,1.3392620464719225,0.5659087746835335,-0.10369899228077385,1.6518662364530687,-0.9551474752810143,-0.6468574841977927,True,False,False,False,True,False,False,False,False,False,True,False,187.61,train
-1.0332901734983027,-1.4399460909013262,0.3246675327789062,1.4467640221551121,-0.1303775203926286,-1.4728289729416417,-0.8180931092072572,False,True,False,False,False,True,False,False,False,False,True,False,102.37,train
-0.8055478689032723,0.3091535485457348,-0.8470756421864241,1.1989204919664762,0.5791808839721692,1.115578515361496,0.46617407836372743,False,False,True,False,True,False,False,True,False,False,True,False,145.7,train
1.0864651231169813,-0.7038488404372054,0.6176033265202393,0.16719975001843274,0.17570649717649983,-1.4657374455764278,-1.5715298592489013,True,False,False,False,False,False,False,False,True,False,False,False,123.68,train
-1.2785511169083366,-0.10460046151906524,-0.6058344002817975,-1.0201436736759628,1.1579579353756115,0.03057482848374235,-0.5269925466911672,False,False,True,False,False,False,False,True,False,False,False,False,155.2,train
0.7185737080019321,0.45054623027976515,0.4969827055679254,-0.09793518925313106,-0.12342106544787568,0.6546292366225811,0.2778148908533161,False,True,False,True,False,False,True,False,True,False,False,False,119.69,train
1.2090955948219968,1.509521287047683,0.11788932543208322,1.6715523402331776,-0.37941860741478317,0.952473385961572,-0.3900040466835958,False,True,False,False,True,True,False,False,False,False,False,True,123.83,train
-1.366144310983348,-0.6129726366762028,0.9794651893771794,0.32858623479242816,0.06857709102730465,-0.366550703968246,1.1168694533996923,True,False,False,True,False,False,False,True,False,False,True,False,116.71,train
0.4733127645918983,0.5534501668914886,-0.2784355719826611,-0.3054320982482683,-1.5926243497796924,1.31414128158749,-1.2804292967328115,False,False,True,True,False,True,False,False,False,True,False,False,65.47,train
1.033909206671974,1.0511310239590967,-1.0366223322543455,-0.34001491641412457,1.103697586806539,1.31414128158749,1.2709815159082107,True,False,False,False,False,False,False,True,False,True,False,False,171.39,train
0.1754959047368585,1.748472246348672,1.6514943632543546,-0.20744744677834268,1.703344003044241,-0.4800151418116711,-1.605776984250794,False,False,True,False,True,False,True,False,False,False,False,False,207.21,train
-0.0872836774881758,1.1369288516275724,1.2207064312818066,0.16719975001843274,-0.5700254729010134,-0.9409644205505862,-0.6811046091996854,True,False,False,False,True,False,True,False,False,False,False,False,107.99,train
-0.8230665077182758,-0.03617602574607503,0.9794651893771794,0.7608714618656306,0.2758794483809417,-0.7920423458810906,-0.9208344842129359,False,True,False,False,False,True,False,False,False,False,False,True,128.83,train
-1.208476561648327,-0.9596386257292039,-0.8470756421864241,0.9914235829713385,-0.3042888940114516,-0.35945917660303184,1.6990705784318723,False,False,False,True,False,False,False,False,False,False,True,False,93.05,train
-0.2274327880081947,1.3419348759943048,-0.6230659175606996,1.0951720374689078,-1.1112376676027904,0.7397275650051497,-0.0989034841675058,False,True,False,False,True,False,False,True,False,True,False,False,88.04,train
-1.751554364913399,-0.8171768121862203,1.2551694658396098,-0.5936222496304032,-1.2545406394647005,-0.03324891780318449,0.29493845335426283,True,False,False,False,False,False,True,False,False,False,True,False,64.89,train
-1.4011815886133518,-0.3018552802708883,-0.6575289521185033,-1.3717356583621676,1.3374344729502372,0.1369477389619535,-0.3900040466835958,False,True,False,False,False,True,False,False,True,False,False,False,168.42,train
-0.15735823274818525,-1.41348507862974,-0.7436865385130129,-0.43799956788405064,-1.4103652302271659,-0.749493181689806,-0.5269925466911672,True,False,False,False,False,True,False,False,False,False,True,False,56.58,train
0.19301454355186046,-0.5819678142165666,0.2729729809422009,1.2219757040770465,-0.6284596944369377,1.3850565552396308,-1.5030356092451154,False,False,False,True,False,False,True,False,False,False,True,False,94.77,train
-1.0157715346833007,-1.4209690012924105,0.23850994638439654,-0.7261897192661856,0.2744881573919912,0.4773410524922292,-0.253015546676024,True,False,False,False,True,False,False,False,False,False,True,False,109.79,train
0.8061669020769435,1.712121764844271,0.703760912914749,1.1009358404965501,1.3026521982264727,-0.01906586307275613,-1.6913947967555265,True,False,False,False,False,False,True,False,False,False,False,False,177.72,train
0.4733127645918983,0.6138561140973312,0.8933076029826698,-0.02876955292141893,-1.5550594930780264,-0.9267813658201579,1.3737228909138892,True,False,False,False,False,False,False,True,False,False,False,False,57.83,train
1.1390210395619873,-1.5455228570354322,0.221278429105495,0.32858623479242816,0.03379481630354005,1.193585316378851,0.8257688908836026,False,True,False,False,False,True,False,False,False,False,False,True,90.99,train
-0.4551750926032266,0.4775418084558277,0.3246675327789062,0.5360831437875658,0.0518815991598978,-1.0473373310287972,-1.194811484228079,True,False,False,False,False,False,False,True,True,False,False,False,134.59,train
0.8412041797069475,0.2273649651608324,-1.7086515061315206,0.6974696285615611,0.06996838201625515,-0.8487745648028031,0.8600160158854955,False,False,True,True,False,True,False,False,False,True,False,False,117.15,train
0.4207568481468908,-0.9280992373650911,-0.20950950286705308,1.291141340408759,1.3944774034972107,1.1652192069179943,-0.40712760918454216,False,False,False,True,False,True,False,False,False,False,True,False,161.0,train
0.43827548696189433,-0.5325204680524916,0.858844568424866,-0.3054320982482683,1.1343059885634517,0.7042699281790793,0.9798809533921211,True,False,False,False,False,False,True,False,False,False,False,True,151.33,train
-0.2274327880081947,1.2352889780512457,-1.1917059877644625,-1.400554673500381,-0.30985405796725396,0.7610021471007923,-1.4345413592413296,False,False,False,False,False,False,True,False,False,False,True,False,120.08,train
-0.15735823274818525,0.7940048239059071,0.221278429105495,1.0894082344412646,1.3332605999833853,0.11567315686631122,-1.640024109252687,False,False,True,True,False,False,False,True,False,True,False,False,176.75,train
0.893760096151955,1.1257029676335661,-0.7609180557919145,1.429472613072184,1.2998696162485717,-1.004788166837513,-1.331799984235651,False,False,False,False,True,True,False,False,False,False,True,False,172.1,train
1.5945056487520495,0.03117927821796227,-0.48521377932948406,1.308432749491687,0.7308316017677824,0.2504121768053786,-0.40712760918454216,False,False,False,False,True,True,False,False,False,True,False,False,144.01,train
1.033909206671974,0.605303059625708,0.8243815338670623,1.5678038857356085,1.2344789397678937,-1.394822171924287,-0.47562185918832806,False,False,False,True,False,False,False,True,False,False,False,False,172.87,train
-1.7865916425434047,-0.9668552654396364,-0.1061203991936419,0.18449115910136107,0.3802262725522355,-1.2671746793504337,-0.85234023420915,False,False,False,False,True,True,False,False,False,False,True,False,117.88,train
-1.4362188662433575,0.6900317554852304,-1.0366223322543455,-1.100836916062961,-0.8135013959673654,0.3922427241096601,0.05520857834101207,False,False,True,False,True,False,False,True,False,True,False,False,97.77,train
0.10542134947684903,0.511754026342323,1.065622775771689,-1.0835455069800326,1.5795191050276385,-1.749398540184991,1.1168694533996923,False,False,True,True,False,False,False,True,False,False,False,False,192.98,train
1.4018006217870231,1.1885144614095533,-1.5191048160635994,0.8819113254461277,-0.9874127695861883,0.25750370417059276,1.2881050784091568,False,True,False,False,True,True,False,False,False,False,True,False,91.23,train
-1.7690730037284026,-0.5536358212793131,-0.22674102014595524,0.1787273560737183,0.6167457406738347,0.4773410524922292,-0.5098689841902209,False,False,True,True,False,False,False,False,False,False,False,True,135.82,train
-1.6289238932083838,0.9664023280995737,-1.4501787469479914,-0.14980941650191568,1.0049159265910477,-0.13253030091618145,0.5175447658665663,False,True,False,True,False,False,False,False,False,True,False,False,160.76,train
-0.3675818985282136,0.9166876989832607,-0.6058344002817975,0.24789299240543086,1.6783007652431303,-0.6856694354028795,-0.85234023420915,True,False,False,False,True,False,False,True,False,False,False,False,175.56,train
-0.20991414919319273,-0.2997170166529825,0.652066361078043,1.0260064011371952,0.04770772619304589,1.4417887741613438,0.29493845335426283,False,True,False,False,True,True,False,False,False,False,True,False,119.71,train
-0.2274327880081947,0.7290550665120142,1.0483912584927875,-0.7550087344043991,-0.6590680961938504,-0.9480559479158002,0.6545332658741381,False,True,False,False,True,False,False,True,False,False,False,True,109.42,train
-1.5938866155783782,0.2535586944801801,-0.22674102014595524,1.1585738707729771,1.7130830399668948,-1.4444628634807855,-1.0578229842205076,True,False,False,False,True,False,False,False,False,False,False,False,180.01,train
-1.4362188662433575,-0.5314513362435388,-0.5024452966083857,-0.92792282523368,0.6042241217732794,1.214859898474493,0.34630914085710174,False,True,False,True,False,False,False,False,False,False,False,False,138.56,train
1.0864651231169813,-1.2841201297464306,-0.45075074477168037,-1.7002724309378014,-1.1098463766138396,1.0943039332658535,-0.20164485917318478,True,False,False,True,False,False,False,False,False,False,False,False,58.09,train
-0.6653987583832534,0.03625765431048882,0.8243815338670623,0.5879573710363496,-0.8274143058568711,0.6404461818921527,1.5278349534224076,True,False,False,False,False,False,False,True,False,False,True,False,90.61,train
1.3317260665270136,-0.10754057399368568,1.1345488448872971,-1.0201436736759628,-0.5101999603761381,-1.196259405698293,0.07233214084195877,True,False,False,False,True,True,False,False,True,False,False,False,102.27,train
-0.7529919524582663,-0.25588261248591043,0.4625196710101217,-1.2391681887263857,0.11588098465162457,1.5339786299091265,-0.27013910917697037,False,False,False,False,False,False,False,True,False,False,True,False,114.58,train
1.419319260602025,-1.120810245928864,0.8933076029826698,0.7666352648932737,-0.9206308021165603,0.42060883357051654,-1.5372827342470083,False,True,False,False,False,False,False,True,False,False,False,False,77.42,train
-0.2799887044532022,-0.7321808333744592,-1.381252677832384,0.4784451135111388,-1.594015640768643,-0.9055067837245158,1.3737228909138892,True,False,False,False,True,False,False,False,False,False,False,False,47.89,train
-0.20991414919319273,-1.1344416764930145,-0.0027312955202301193,-0.5532756284369046,-0.3376798777462657,0.09439857477066893,-1.14344079672524,False,False,False,True,False,True,False,False,False,False,False,False,94.65,train
0.052865433031841554,1.5619087456863785,-0.5713713657239937,0.43233468928999735,-0.3515927876357715,0.3638766146488039,0.6031625783712986,False,True,False,False,True,False,False,True,False,True,False,False,123.44,train
1.436837899417027,1.137463417532049,-1.3467896432745803,0.904966537556698,-1.6858408460393814,-0.01906586307275613,0.7401510783788704,False,True,False,False,True,True,False,False,False,False,True,False,62.6,train
-1.366144310983348,1.474507220304473,-0.45075074477168037,-0.6858430980726865,-0.5853296737794698,0.5057071619530854,0.4490505158627807,True,False,False,False,False,False,False,True,False,False,False,False,113.46,train
0.9813532902269664,1.1414726618156228,-0.8643071594653262,1.25079471921526,0.9687423608783325,-0.5154727786377414,0.9627573908911744,False,True,False,False,False,True,False,False,False,False,False,True,162.56,train
0.24557045999686794,0.8749915584340946,1.5825682941387473,0.9798959769160538,1.27343508745851,0.5482563261443699,-1.0920701092224003,False,False,True,False,False,False,False,True,False,False,False,True,171.8,train
-1.2610324780933346,1.2470494279497286,0.9966967066560816,1.6139143099567506,1.2497831406463504,-0.8487745648028031,-1.074946546721454,False,False,True,False,False,False,False,True,False,False,True,False,181.47,train
-1.523812060318369,-1.594970203199507,0.8071500165881601,-0.8011191586255405,1.5461281212928248,-1.3451814803677886,-1.5372827342470083,True,False,False,False,True,False,True,False,False,False,True,False,157.46,train
-1.1208833675733156,-0.47051082313321957,-0.6402974348396011,-1.0374350827588912,-1.03889053617736,-0.31691001241174754,-0.7838459842053641,False,False,True,True,False,False,True,False,False,True,False,False,80.97,train
-0.9106597017932873,1.7131908966532243,-0.08888888191473973,0.847328507280271,-0.9595869498071766,0.8673750575790034,-1.0064522967176681,True,False,False,False,False,False,False,True,False,False,False,True,102.89,train
-1.3135883945383404,-0.25080423639338384,-1.536336333342501,0.6052487801192783,-1.6997537559288873,-1.2459000972547913,-0.7667224217044177,False,True,False,True,False,True,False,False,False,False,False,True,55.02,train
1.1039837619319834,0.16749358385946608,0.8071500165881601,1.0317702041648376,1.0522198202153676,-0.9764220573766565,-1.5201591717460619,False,False,True,True,False,False,False,True,False,False,False,False,158.96,train
1.2441328724520022,-1.494739096110166,1.4447161559075312,-0.9163952191783945,-0.8162839779452665,-0.6643948533072371,-0.6982281717006318,False,False,False,True,False,True,False,False,True,False,False,False,75.5,train
-1.4887747826883648,1.7455321338740515,1.2379379485607087,0.8934389315014133,1.5071719736022084,-0.11834724618575335,-1.4687884842432224,True,False,False,False,False,True,False,False,False,True,False,False,193.39,train
0.5433873198519077,-1.5503339501757205,-0.2439725374248568,-0.34001491641412457,1.1468276074640074,-0.6856694354028795,0.4148033908608879,False,False,True,False,True,False,False,False,False,False,False,False,153.17,train
0.3682009317018849,-0.7591764115505217,0.8243815338670623,-1.6483982036890172,-0.049682643033494976,-0.8416830374375891,0.12370282834479795,False,False,True,True,False,False,False,False,False,False,True,False,120.69,train
0.8412041797069475,0.5612013725063979,-0.6747604693974049,0.5533745528704938,0.9937855986794428,0.42060883357051654,0.757274640879817,False,False,False,True,False,True,False,False,False,False,True,False,161.5,train
0.4207568481468908,-1.1087825130781432,-0.967696263138738,-0.08064378017020314,-1.0486295731000141,-1.7139409033589206,-0.6126103591958996,False,False,True,False,True,False,False,True,False,False,True,False,75.42,train
1.1390210395619873,0.34737501071580335,-0.7781495730708167,1.52745726454211,-0.8357620517905748,1.5623447393699827,1.5449585159233536,False,True,False,False,False,True,False,False,False,True,False,False,96.73,train
-1.5588493379483743,0.7394791016493053,-1.2434005396011685,0.7147610376444892,-0.09003008171306198,-1.4231882813851433,-0.21876842167413119,False,False,True,False,True,False,False,True,True,False,False,False,112.6,train
-1.5588493379483743,-0.148434865686137,0.4452881537312201,1.412181203989256,0.7948309872595096,-1.3451814803677886,0.14082639084574436,True,False,False,False,False,False,False,True,False,False,True,False,147.27,train
-1.7165170872833952,1.7246840635994687,1.289632500397414,0.35740524993064166,0.6835277081434629,-1.0473373310287972,1.133993015900639,True,False,False,False,True,False,False,False,False,True,False,False,164.33,train
0.7886482632619416,-0.35424273890958397,-1.5018732987846972,-0.7492449313767563,1.6560401094199206,1.1581276795527806,-0.8180931092072572,False,True,False,True,False,True,False,False,False,True,False,False,174.75,train
-1.0332901734983027,1.3456768373256405,1.2034749140029044,0.3977518711241407,-1.2656709673763051,0.03766635584895628,1.356599328412943,False,False,True,False,False,False,False,True,False,False,True,False,90.32,train
1.6295429263820536,-1.1168010016452905,1.6170313286965503,-1.1238921281735317,-0.9874127695861883,1.4772464109874142,-0.42425117168548854,True,False,False,True,False,False,False,True,False,True,False,False,69.1,train
-1.6114052543933803,-0.7565035820281394,-1.0883168840910513,-0.6800792950450437,1.4376074241546792,0.6191715997965107,-0.8180931092072572,False,True,False,False,False,True,False,False,True,False,False,False,161.23,train
1.6295429263820536,-1.0441000386364885,1.4964107077442377,1.6888437493161055,-1.6218414605476545,-0.5083812512725275,-0.1673977341712917,False,True,False,False,False,False,False,True,False,False,False,False,45.65,train
-0.7529919524582663,-1.1467366922959739,0.01450022175867205,1.0721168253583366,0.44561694903291277,-1.6288425749763515,-0.47562185918832806,False,False,True,True,False,False,True,False,False,True,False,False,120.83,train
-0.06976503867317382,-1.2817145831762864,-0.08888888191473973,-0.3054320982482683,1.3137825261380776,0.6262631271617249,-0.030409234163720218,False,True,False,False,False,True,False,False,False,False,False,False,144.88,train
-1.068327451128308,0.5962154392496074,1.4791791904653355,-0.6800792950450437,0.09362032882841531,-0.7991338732463047,0.9285102658892816,False,True,False,False,True,False,False,True,False,False,False,False,122.21,train
1.576987009937046,0.6544831228375443,-0.36459315837717077,1.6830799462884622,-1.446538795939881,1.2645005900309918,-0.42425117168548854,True,False,False,False,False,False,False,True,True,False,False,False,65.28,train
1.1390210395619873,0.6975156781479017,0.47975118828902386,1.2104480980217618,-1.5230598003321631,0.42060883357051654,0.534668328367513,False,False,False,False,False,True,False,False,False,False,True,False,79.41,train
0.33316365407187937,1.5659179899699522,0.6176033265202393,-0.38036153760762365,-0.6521116412490975,-0.636028743846381,-0.40712760918454216,True,False,False,False,False,True,False,False,False,True,False,False,118.07,train
0.49083140340690024,-1.1323034128751086,1.427484638628629,1.4352364160998266,1.2177834479004868,1.5552532120047684,-1.331799984235651,True,False,False,False,True,False,False,True,True,False,False,False,150.7,train
-1.6464425320233858,0.9076000786071603,1.1000858103294926,-1.2391681887263857,-1.6594063172493203,-0.366550703968246,-0.9893287342167217,False,False,True,False,False,False,True,False,False,False,False,True,77.54,train
-1.0157715346833007,-0.8976289808099314,-0.53690833116619,1.002951189026624,1.1830011731767223,1.009205604883285,-0.6468574841977927,False,False,True,False,True,False,False,True,False,False,False,False,149.21,train
0.08790271066184706,1.6431627631668047,-1.3467896432745803,-1.7406190521313003,0.4901382606793317,-1.7706731222806331,0.7059039533769775,False,False,False,False,False,True,False,False,False,True,False,False,147.95,train
-0.6478801195682514,-0.014258823662539001,1.4964107077442377,0.9568407648054826,-1.3477571357243896,1.5481616846395547,0.0038378908381728775,False,False,False,True,False,True,False,False,False,False,True,False,56.6,train
-1.243513839278331,-1.4164251911043606,-0.4679822620505819,0.1499083409355048,-0.4406354109286089,-1.3309984256373601,0.534668328367513,False,False,True,False,False,False,False,True,False,False,True,False,90.94,train
-1.5938866155783782,0.9228352068847403,0.652066361078043,-0.9106314161507517,0.3871827274969884,0.17240537578802387,0.32918557835615564,False,True,False,False,True,False,True,False,False,False,False,False,139.96,train
-1.4362188662433575,1.734306249880045,-0.2956670892615627,-0.9452142343166079,-1.6343630794482098,-0.7991338732463047,0.2778148908533161,False,True,False,False,True,False,False,False,True,False,False,False,77.34,train
0.7536109856319361,-0.2061679833695975,0.25574146366329875,-0.7780639465149698,-0.9790650236524849,-1.4728289729416417,0.3976798283599412,False,False,False,False,False,True,False,False,False,False,False,True,77.92,train
1.3667633441570177,-1.2124882985465815,-0.20950950286705308,-0.40918055274583714,0.5944850848506255,-0.5792965249246683,0.34630914085710174,False,True,False,True,False,False,False,True,False,True,False,False,124.66,train
-1.5938866155783782,0.8038942931387222,-0.2956670892615627,-0.10369899228077385,-0.7328065186082315,0.46315799776180083,-0.8180931092072572,False,False,False,False,False,False,False,False,False,False,True,False,105.07,train
1.2616515112670041,-1.5302877287578522,0.25574146366329875,-1.6022877794678756,0.019881906414034214,-0.11834724618575335,-0.33863335918075627,False,False,False,False,True,False,False,False,True,False,False,False,99.53,train
0.08790271066184706,-1.0318050228335294,-0.07165736463583756,0.5476107498428513,1.5141284285469612,-0.15380488301182374,-0.6982281717006318,True,False,False,False,True,False,True,False,True,False,False,False,157.87,train
-1.2785511169083366,-0.054351266498275416,0.42805663645231795,1.52745726454211,-0.052465225011395986,-0.32400153977696144,-1.5030356092451154,False,False,True,True,False,False,False,False,False,False,False,True,121.23,train
1.1390210395619873,-0.7589091285982834,1.2034749140029044,1.5793314917908938,-1.332452934845933,1.654534595117766,0.8771395783864421,False,False,True,True,False,False,False,False,False,False,False,True,55.42,train
1.2090955948219968,0.493311502637884,1.5308737423020409,1.1989204919664762,-1.42010426714982,1.0021140775180708,1.1682401409025318,True,False,False,False,False,False,True,False,False,False,False,True,73.87,train
0.6484991527419227,0.5582612600317769,-1.1917059877644625,-0.24203026494419855,0.729440310778832,-0.4090998681595303,-1.5544062967479546,True,False,False,False,True,False,False,True,False,False,False,False,148.51,train
1.1390210395619873,-0.3660031888080666,0.5314457401257298,1.2738499313258311,1.304043489215423,-0.4516490323508149,-1.6571476717536335,False,False,False,False,True,False,True,False,False,False,True,False,159.91,train
-1.3135883945383404,-0.013724257758062698,0.7899184993092586,0.5533745528704938,0.979872688789937,0.668812291353009,-1.6229005467517406,False,False,True,False,False,False,False,True,True,False,False,False,149.92,train
-1.366144310983348,-0.10727329104144767,0.20404691182659282,0.7378162497550602,-1.696971173950986,0.26459523153580694,-1.0064522967176681,False,False,True,True,False,False,True,False,False,False,True,False,64.73,train
-1.0157715346833007,1.7260204783606599,0.0834262908742795,-0.5071652042157627,-1.162715434193962,0.5411647987791558,-0.2872626716779171,True,False,False,True,False,False,False,True,False,True,False,False,98.78,train
0.5959432362969153,1.6926101093308794,0.4969827055679254,0.6974696285615611,-0.14846430324898635,0.009300246388100073,0.07233214084195877,False,False,False,True,False,False,False,True,False,False,False,False,133.97,train
0.5433873198519077,-0.0997893683787767,-0.7092235039552092,-0.11522659833605942,-0.9762824416745837,-0.29563543031610523,-1.5201591717460619,False,False,True,True,False,False,False,False,False,False,True,False,80.87,train
-1.068327451128308,-0.7888448192489668,-0.03719433007803384,1.1585738707729771,-1.088977011779581,-0.9693305300114425,1.5278349534224076,False,False,True,False,False,False,False,False,False,False,True,False,75.69,train
1.576987009937046,1.6073468475668797,0.15235235998988694,-0.46105477999462136,-0.23472434456392238,-0.13253030091618145,-0.5783632341940067,False,True,False,False,False,False,False,True,False,False,False,True,135.8,train
-0.7179546748282609,1.1628552979946822,1.7204204323699621,0.962604567833125,0.8323958439611752,1.31414128158749,-0.21876842167413119,True,False,False,False,True,False,True,False,False,False,False,True,165.87,train
0.5433873198519077,-0.7284388720431239,0.15235235998988694,-0.1728646286124864,1.263696050535856,0.3567850872835897,-1.605776984250794,False,False,True,True,False,False,False,False,False,False,True,False,157.45,train
-0.29750734326820416,0.9867158324696799,-0.2956670892615627,1.366070779768114,0.21605393585606644,-0.7565847090550202,1.596329203426193,False,True,False,False,False,True,False,False,False,False,False,False,140.16,train
0.9287973737819589,0.3329417312949383,0.3246675327789062,0.34011384084771373,-0.7230674816855774,-0.28854390295089105,-0.20164485917318478,False,False,False,False,True,False,False,True,True,False,False,False,88.61,train
0.4733127645918983,1.1673991081827324,1.3240955349552184,0.5187917347046379,-0.020465532265532795,1.6403515403873377,-0.013285671662773519,False,False,False,False,True,False,False,False,True,False,False,False,134.81,train
0.5959432362969153,-1.01042238665447,-1.0366223322543455,-1.688744824882516,-0.09976911863571591,-0.8062254006115187,-0.5269925466911672,True,False,False,False,True,False,False,False,True,False,False,False,106.5,train
0.8236855408919456,-0.10540231037577985,1.4791791904653355,-0.02876955292141893,1.5642149041491826,1.370873500509203,-0.5098689841902209,False,False,False,True,False,True,False,False,False,True,False,False,175.73,train
-0.43765645378822304,0.3439003323367063,-0.39905619293497446,-1.4754841128597365,0.9283949221987656,1.7396329235003345,-1.1263172342242933,True,False,False,False,False,False,False,False,False,False,False,False,155.52,train
-0.8055478689032723,-1.2672813037554211,-0.416287710213876,-1.400554673500381,0.14788067739748817,-0.6005711070203106,-0.27013910917697037,False,True,False,False,False,False,False,True,False,True,False,False,111.3,train
1.3842819829720212,0.5499754885123915,0.4452881537312201,0.7320524467274171,-1.0138472983762494,0.7751852018312201,-0.30438623417886346,False,False,True,False,False,True,False,False,False,False,False,False,88.48,train
-0.43765645378822304,-0.2655047987664872,-1.605262402458109,-0.08064378017020314,0.4428343670550118,1.498520993083056,-1.1263172342242933,False,False,True,True,False,False,True,False,False,False,True,False,130.76,train
0.4557941257768963,-0.7615819581206659,-1.4674102642268936,0.7493438558103458,1.5878668509613423,-1.7281239580893486,1.3737228909138892,False,False,True,False,False,False,False,False,False,False,False,True,163.75,train
-0.052246399858171845,-0.5432117861420214,-1.1917059877644625,-1.1411835372564596,1.2400441037236964,-0.29563543031610523,1.5449585159233536,False,False,True,True,False,True,False,False,False,True,False,False,152.13,train
-1.4362188662433575,-1.6420120027934375,1.6170313286965503,0.5879573710363496,1.1092627507623412,-0.5934795796550965,1.3394757659119962,False,False,False,True,False,False,True,False,False,True,False,False,148.83,train
-0.7179546748282609,1.7204075363636564,1.7204204323699621,-1.4351374916662374,0.6835277081434629,-1.5224696644981406,-0.47562185918832806,False,False,True,False,False,False,False,True,False,False,True,False,165.09,train
1.576987009937046,1.4544609988866049,-0.9160017113020321,-0.5648032344921897,-0.8761094904701416,1.4205141920657012,0.05520857834101207,False,False,True,False,True,False,True,False,False,False,True,False,103.89,train
-1.243513839278331,1.3686631712181292,-1.2089375050433646,0.2651844014883588,0.22440168178977027,-1.0757034404896537,-1.0406994217195609,True,False,False,False,True,True,False,False,True,False,False,False,135.59,train
0.5609059586669097,0.9819047393293917,-0.36459315837717077,1.412181203989256,-1.6093198416470993,-0.7140355448637357,-0.44137473418643497,False,False,True,False,True,False,False,True,False,True,False,False,73.07,train
-0.9982528958682987,0.13435049778192404,1.4791791904653355,1.3314879616022581,-0.8524575436579817,-0.14671335564660956,0.9627573908911744,True,False,False,True,False,False,True,False,False,True,False,False,78.47,train
1.0864651231169813,-1.513716185719081,1.70318891509106,0.904966537556698,-0.36550569752527734,-0.1892625198378941,-1.2804292967328115,False,False,True,False,False,False,True,False,False,True,False,False,94.77,train
-0.3150259820832077,0.46444494379615386,-1.4674102642268936,0.24789299240543086,1.0647414391159225,0.952473385961572,0.34630914085710174,False,False,True,False,False,True,False,False,False,False,False,False,156.36,train
0.14045862710685453,-0.2272833365964186,-1.4157157123901876,0.7896904770038441,0.36074819870692726,-1.572110356054639,1.510711390921461,False,False,False,False,False,False,False,True,False,False,False,False,118.04,train
-0.20991414919319273,0.29819494750396675,-1.2606320568800706,0.7839266739762016,0.14092422245273523,0.33551050518794767,0.6031625783712986,True,False,False,False,True,False,False,False,False,False,False,False,123.87,train
-1.348625672168346,-0.26764306238439334,-0.36459315837717077,1.487110643348611,-0.12481235643682657,-0.31691001241174754,-0.9037109217119895,False,True,False,False,True,False,False,True,False,False,False,False,112.7,train
-1.5413306991333708,0.9591856883891411,1.668725880533257,-0.541748022381619,1.626822998651959,-0.0899811367248969,-1.14344079672524,False,True,False,True,False,False,False,False,False,False,False,True,190.93,train
1.4543565382320307,0.5670815974556388,0.2729729809422009,0.6744144164509901,-1.5355814192327184,-0.8842322016288735,1.579205640925247,False,True,False,False,False,False,False,False,False,False,False,True,74.74,train
1.52443109349204,0.5301965500467614,0.5142142228468276,0.4265708862623542,0.9033516843976549,-1.4799205003068558,1.5449585159233536,True,False,False,False,False,True,False,False,False,False,False,False,153.81,train
1.1740583171919927,0.0028472852807084753,-1.174474470485561,-1.0893093100076754,1.3916948215193097,-1.0757034404896537,-0.5612396716930603,False,False,True,False,False,True,False,False,False,False,True,False,155.04,train
1.4543565382320307,-1.4824440803072065,1.3413270522341194,1.6946075523437478,0.9270036312098151,0.6546292366225811,0.7915217658817099,False,False,True,False,False,True,False,False,False,False,True,False,141.89,train
1.4718751770470326,1.3047825456331887,0.0834262908742795,1.562040082707966,1.198305374055179,1.2574090626657777,0.8600160158854955,False,True,False,False,True,True,False,False,True,False,False,False,183.26,train
-0.06976503867317382,0.4452005712350003,-1.0883168840910513,-1.5215945370808779,-0.6674158421275542,0.17240537578802387,1.6648234534299795,True,False,False,False,True,True,False,False,True,False,False,False,97.17,train
-1.5413306991333708,0.27173393523238076,0.9450021548193757,0.034632280382650836,0.20492360794446202,0.6404461818921527,1.099745890898746,False,True,False,False,False,False,False,False,False,False,True,False,129.39,train
-1.4362188662433575,-1.6682057321127852,1.3585585695130216,-1.515830734053235,-1.6301892064813581,-1.685574793898064,1.596329203426193,False,False,True,False,True,False,False,False,False,True,False,False,46.26,train
0.9463160125969625,-0.44485165971834817,0.3246675327789062,-0.10369899228077385,-0.22915918060812035,0.44897494303137275,0.7230275158779242,False,True,False,False,True,False,False,True,False,False,False,True,106.16,train
0.6660177915569246,-0.9906434481888399,-1.0883168840910513,-0.23626646191655618,1.0981324228507365,-0.9906051121070847,1.4079700159157826,True,False,False,False,True,True,False,False,False,False,False,False,140.24,train
0.8412041797069475,-0.22327409231284498,0.18681539454769128,-0.31119590127591107,0.05744676311570021,-1.4231882813851433,1.253857953407264,False,False,False,True,False,True,False,False,False,False,False,True,108.62,train
0.14045862710685453,-1.2325345199644497,-1.4501787469479914,1.3948897949063275,-1.129324450459148,0.7680936744660064,0.14082639084574436,False,False,True,True,False,False,False,True,False,False,True,False,62.41,train
-1.0157715346833007,0.8886229889982453,1.5825682941387473,1.348779370685186,-0.8468923797021795,0.023483301118528175,-0.47562185918832806,False,False,True,False,True,True,False,False,False,False,True,False,94.11,train
1.0514278454869759,-0.06931911182361708,0.18681539454769128,-1.3256252341410262,1.5642149041491826,1.3354158636831326,0.9113867033883349,False,False,False,False,False,False,True,False,False,True,False,False,176.79,train
-0.7179546748282609,-0.08829620143253238,-0.7781495730708167,-0.02876955292141893,-0.15542075819373927,-1.1608017688722225,-1.5715298592489013,False,True,False,False,False,False,False,True,False,False,False,True,112.35,train
-1.208476561648327,1.0818685634664946,0.583140291962435,1.0894082344412646,-0.5700254729010134,0.952473385961572,0.9285102658892816,True,False,False,True,False,False,False,True,True,False,False,False,107.67,train
0.3506822928868829,0.47700724255135113,0.8416130511459639,1.25079471921526,0.9729162338451841,-1.4090052266547153,-0.5269925466911672,True,False,False,True,False,False,True,False,False,False,True,False,160.51,train
-0.9281783406082893,1.0663661522366767,1.5308737423020409,-0.9567418403718935,1.0800456399943792,-0.27436084822046297,1.3737228909138892,True,False,False,True,False,False,False,True,False,False,True,False,168.41,train
-0.56028692549324,1.7302970055964715,1.3930216040708259,-0.6858430980726865,-1.098716048702235,-0.31691001241174754,-0.11602704666845251,False,True,False,False,True,True,False,False,False,True,False,False,93.68,train
-0.3675818985282136,0.23484888782350308,-0.8298441249075226,0.7320524467274171,0.017099324436133205,-1.2955407888112898,-0.7153517342015785,False,True,False,True,False,True,False,False,False,False,False,False,129.0,train
0.8587228185219495,-1.3493371700925616,0.8933076029826698,0.44962609837292533,1.1398711525192546,1.2006768437440647,-1.297552859233758,False,True,False,False,False,False,False,True,False,False,False,True,145.13,train
0.4733127645918983,0.7130180893777197,-0.7264550212341108,0.5476107498428513,0.9715249428562336,1.2077683711092788,-0.5954867966949531,False,False,True,False,False,False,False,False,False,False,False,True,154.99,train
-1.1384020063883176,-1.6524360379307292,-0.2784355719826611,-1.060490294869462,-0.023248114243433805,-1.026062748933155,-0.1673977341712917,False,False,False,False,True,False,False,False,True,False,False,False,97.32,train
0.9638346514119644,-1.4051993071103548,-0.6747604693974049,-0.13251800741898734,1.6059536338177,0.952473385961572,-1.3146764217347044,False,False,False,True,False,False,False,False,False,False,False,True,166.52,train
-1.3135883945383404,-1.326618119152311,-1.0193908149754434,0.30553102268185783,-1.3588874636359942,-0.01906586307275613,1.4422171409176754,True,False,False,True,False,False,False,False,False,False,False,False,54.89,train
1.6120242875670514,1.3384601976152077,-1.5535678506214032,1.2046842949941186,1.3527386738286933,-1.5224696644981406,0.7743982033807632,False,False,True,True,False,False,False,True,False,True,False,False,180.3,train
-0.9982528958682987,-0.9476108928784829,1.289632500397414,1.2450309161876176,1.4362161331657282,-0.5509304154638118,1.5620820784243004,False,True,False,False,True,False,True,False,False,True,False,False,161.47,train
-1.751554364913399,1.0861450907023062,-0.2784355719826611,0.7781628709485593,-1.0903683027685316,-1.5508357739589966,0.03808501584006567,True,False,False,True,False,False,False,False,False,False,False,True,87.99,train
0.5083500422219038,-0.9283665203173294,-0.7609180557919145,0.11532552276964854,-1.255931930453651,1.399239609970059,0.08945570334290516,False,False,False,False,True,False,False,True,False,False,False,True,64.11,train
-0.2624700656382002,0.03518852250153591,0.5142142228468276,-1.6022877794678756,-0.8524575436579817,-1.7706731222806331,1.253857953407264,False,False,True,True,False,True,False,False,True,False,False,False,81.35,train
0.03534679421683958,1.0730482260426328,0.04896325631647577,1.2565585222429032,1.4264770962430744,-0.6714863806724513,1.0654987658968533,True,False,False,True,False,False,True,False,False,False,True,False,182.02,train
0.7886482632619416,0.2722685011368571,0.652066361078043,0.35740524993064166,-1.6691453541719743,-0.16089641037703767,-0.9893287342167217,False,False,False,False,False,False,False,True,False,False,True,False,61.32,train
0.5433873198519077,-1.3915678765462038,-0.5713713657239937,0.011577068272080125,-1.6927973009841344,0.6971784008138656,-1.3660471092375437,False,True,False,True,False,False,False,True,False,False,False,False,35.8,train
0.22805182118186598,-0.004369354429724201,1.2551694658396098,0.7320524467274171,0.5680505560605643,-1.3309984256373601,1.4250935784167287,False,False,True,False,True,False,False,False,False,False,False,True,143.38,train
1.016390567856972,1.6461028756414249,-1.6569569542948146,-0.7780639465149698,1.457085497999987,0.9808394954224288,1.6990705784318723,True,False,False,False,True,True,False,False,False,False,True,False,188.44,train
-1.0858460899433102,0.21988104249816173,-0.8126126076286204,1.3141965525193302,-0.06916071687880322,-1.6075679928807094,-0.9379580467138823,False,True,False,False,True,False,False,True,False,True,False,False,113.69,train
-1.3135883945383404,0.9378030522100816,-0.9504647458598359,0.06921509854850712,-0.25141983643132965,-0.11834724618575335,-0.9037109217119895,True,False,False,False,False,False,True,False,False,False,True,False,127.19,train
1.52443109349204,-0.2911639621813586,-0.3818246756560723,1.1124634465518357,1.0981324228507365,-0.9338728931853721,-1.485912046744169,False,False,False,True,False,False,True,False,True,False,False,False,151.72,train
-0.7354733136432628,-0.8444396733145212,0.6348348437991409,-1.7118000369930868,1.2010879560330798,0.5624393808747978,-1.640024109252687,False,False,False,True,False,True,False,False,False,False,False,False,156.29,train
-0.1748768715631888,-0.20857352993974163,-0.14058343375144564,-0.772300143487327,0.06718580003835414,1.0446632417093553,-1.5030356092451154,True,False,False,False,False,True,False,False,False,False,False,False,119.35,train
-0.4026191761582191,-1.719524058942528,-0.8298441249075226,-1.5273583401085207,-0.095595245668864,-0.09707266409011107,-0.1673977341712917,False,True,False,True,False,False,False,True,False,False,False,True,100.74,train
0.3857195705168869,0.9696097235264327,0.9277706375404735,-0.5705670375198325,0.07135967300520606,-1.3522730077330025,-0.2358919841750776,False,False,True,True,False,False,False,False,False,False,False,False,128.58,train
-1.4887747826883648,-1.0943492336572782,-0.7436865385130129,-0.6051498556856888,-0.6368074403706412,-0.7707677637854483,1.1511165784015858,False,False,False,False,False,False,False,True,False,False,True,False,86.2,train
1.3142074277120117,-1.120542962976626,-0.416287710213876,-1.3774994613898104,1.63099687161881,0.3638766146488039,-1.0406994217195609,True,False,False,False,False,False,False,True,False,False,False,True,164.73,train
0.5784245974819132,0.6135888311450932,-1.0538538495332477,-1.688744824882516,-0.5700254729010134,-0.8842322016288735,1.1853637034034785,True,False,False,False,True,True,False,False,False,False,True,False,103.03,train
0.2981263764418754,-1.2007278486480988,-0.5713713657239937,0.9510769617778403,-0.4531570298291643,1.108486987996282,0.0038378908381728775,True,False,False,False,False,True,False,False,False,True,False,False,86.37,train
-0.9632156182382932,-0.707858084720779,1.082854293050591,-0.657024082934473,-0.8510662526690311,1.4488803015265574,1.510711390921461,True,False,False,True,False,False,False,False,False,True,False,False,75.24,train
0.1754959047368585,-1.5404444809429052,0.0834262908742795,0.7666352648932737,1.1217843696628969,0.1511307936923816,-0.9893287342167217,True,False,False,False,False,False,False,False,False,False,True,False,131.59,train
-1.4887747826883648,-0.7733424080191486,-0.26120405470375896,-0.9221590222060372,-1.0263689172768047,0.49152410722265705,0.020961453339119272,True,False,False,True,False,True,False,False,False,False,False,True,69.84,train
0.33316365407187937,0.05122549963583048,-1.398484195111286,0.6801782194786332,-0.014900368309730381,0.9241072765007158,0.5175447658665663,True,False,False,True,False,True,False,False,False,False,False,True,124.66,train
0.2981263764418754,1.1652608445648265,-1.43294722966909,0.36316905295828483,-1.1056725036469879,1.0659378238049972,1.6648234534299795,False,False,True,False,False,False,False,False,False,False,False,False,91.92,train
-1.0858460899433102,1.2302106019587196,-1.536336333342501,-0.7088983101832572,1.020220127469504,-1.685574793898064,0.08945570334290516,False,True,False,True,False,False,False,True,False,False,False,True,160.64,train
1.3317260665270136,0.08811054704470786,0.25574146366329875,-1.6426344006613747,-1.7456663585642564,0.06603246530981273,0.3634327033580484,False,True,False,False,True,False,True,False,False,False,False,True,52.35,train
1.2090955948219968,1.1631225809469201,-0.8815386767442285,1.5505124766526803,0.3023139771710029,1.0659378238049972,-0.47562185918832806,False,False,True,False,False,False,False,False,False,False,False,True,139.99,train
1.4893938158620346,1.6942138070443087,-1.2950950914378743,-1.3832632644174532,0.6139631586959338,-0.6714863806724513,0.4148033908608879,True,False,False,True,False,False,False,False,True,False,False,False,161.07,train
0.911278734966957,-0.5266402431032505,-1.0883168840910513,0.8185094921420575,-0.5547212720225566,1.4701548836221998,0.12370282834479795,False,True,False,True,False,True,False,False,False,False,True,False,89.27,train
0.12293998829185102,-0.3395421765364806,-0.07165736463583756,-0.45529097696697857,1.3137825261380776,-0.15380488301182374,-0.7495988592034712,False,False,True,False,False,True,False,False,False,False,True,False,153.24,train
-1.5062934215033668,-0.4566121096168308,-0.31289860654046486,-1.060490294869462,-1.3115835700116742,-0.1892625198378941,1.3052286409101035,False,False,False,True,False,False,False,False,False,False,False,False,63.09,train
0.2630890988118699,-1.3335674759105054,0.5486772574046312,-0.9567418403718935,0.3190094690384097,0.8248258933877188,-0.9037109217119895,True,False,False,True,False,False,True,False,False,False,True,False,121.89,train
0.8061669020769435,-0.5119396807301472,-1.6914199888526187,-0.5590394314645469,1.355521255806595,-0.7707677637854483,0.2606913283523694,False,False,True,False,False,False,False,True,False,True,False,False,165.3,train
-1.068327451128308,1.7412556066382399,0.9622336720982778,0.9280217496672691,-0.5394170711441003,-1.7706731222806331,1.253857953407264,False,False,False,False,True,False,False,True,False,True,False,False,112.72,train
-1.068327451128308,1.129177646012664,0.8243815338670623,0.7781628709485593,0.8449174628617305,1.4772464109874142,0.8257688908836026,False,False,False,True,False,False,False,True,False,False,False,True,167.97,train
1.0864651231169813,-1.478167553071395,0.4108251191734158,-0.4668185830222641,0.7809180773700037,-0.7282185995941639,0.24356776585142334,False,False,True,False,True,False,False,False,True,False,False,False,126.35,train
-0.8405851465332778,1.1577769219021552,-0.2956670892615627,-0.03453335594906171,-1.613493714613951,0.04475788321417045,0.24356776585142334,True,False,False,False,False,False,False,True,False,False,False,False,72.28,train
1.0864651231169813,-0.3836438636557907,0.25574146366329875,1.366070779768114,0.8240480980274718,0.3142359230923054,-1.5715298592489013,False,False,False,False,True,False,True,False,False,False,False,False,148.98,train
1.5419497323070421,-0.9783484323858809,-0.7609180557919145,1.3257241585746158,0.33848754288371796,-0.16798793774225182,1.5449585159233536,False,False,False,False,False,True,False,False,False,True,False,False,120.73,train
1.559468371122044,0.7183637484224845,-1.4846417815057957,-0.28237688613769757,0.7016144909998202,-0.5722049975594541,0.07233214084195877,False,True,False,False,True,True,False,False,False,False,False,True,156.15,train
0.28060773762687347,-1.3520099996149442,-1.4157157123901876,-0.08640758319784592,-0.5324606161993474,-0.0899811367248969,1.4079700159157826,False,True,False,False,True,False,False,True,True,False,False,False,81.01,train
-1.5413306991333708,-0.577691286980755,0.13512084271098537,0.39198806809649833,0.8212655160495704,-1.6784832665328502,1.1853637034034785,False,False,True,False,True,False,False,False,False,True,False,False,142.89,train
-0.15735823274818525,1.2283396212930517,-0.9849277804176396,0.6917058255339188,0.12422873058532799,1.5339786299091265,-1.2119350467290257,True,False,False,True,False,False,True,False,False,False,True,False,135.19,train
-0.6303614807532495,-1.2082117713107696,0.1695838772687891,1.3257241585746158,-0.14150784830423344,0.023483301118528175,-0.9037109217119895,False,False,True,False,False,False,False,True,False,True,False,False,100.34,train
0.7360923468169341,-0.013991540710300699,-1.3640211605534818,0.43233468928999735,-1.3783655374813024,1.1652192069179943,-0.6468574841977927,False,True,False,False,True,False,False,True,False,False,False,False,66.14,train
0.5433873198519077,0.18406512689823695,-0.15781495103034718,-0.02300574989377615,-0.6674158421275542,0.15822232105759576,1.4079700159157826,False,False,False,True,False,False,False,True,False,False,True,False,101.0,train
0.5258686810369058,-0.11395536484740375,-1.3640211605534818,0.7032334315892036,0.3844001455190874,-0.5722049975594541,0.03808501584006567,True,False,False,True,False,False,False,False,True,False,False,False,129.54,train
-1.38366294979835,1.6228492587966978,-0.1922779855881515,0.6225401892022062,1.114827914718144,0.49152410722265705,-1.5715298592489013,True,False,False,True,False,False,True,False,False,True,False,False,175.81,train
1.3492447053420156,-0.7626510899296188,0.9966967066560816,0.8530923103079142,-0.5491561080667546,0.5766224356052262,-1.6571476717536335,False,True,False,False,True,False,True,False,True,False,False,False,95.25,train
-0.5077310090482325,0.8108436498969163,-0.34736164109826856,0.9856597799436961,-1.3310616438569824,1.0375717143441412,-0.9208344842129359,True,False,False,False,False,False,True,False,False,False,True,False,76.89,train
-0.682917397198257,-0.2451912943963807,1.289632500397414,-0.7434811283491135,-0.8635878715695865,1.3566904457787745,0.22644420335047663,True,False,False,False,False,False,False,False,False,False,False,True,78.21,train
-0.4201378149732211,-0.1283886442682688,0.7726869820303565,-1.1238921281735317,1.27343508745851,0.6971784008138656,0.4490505158627807,False,False,False,False,True,False,False,False,False,True,False,False,157.46,train
-1.068327451128308,0.2273649651608324,-0.08888888191473973,0.7089972346168467,1.0981324228507365,0.7113614555442935,1.733317703433765,False,False,True,True,False,False,False,True,True,False,False,False,171.23,train
0.8061669020769435,0.43290555543204107,-0.4335192274927782,1.0548254162754087,1.711691748977944,1.0659378238049972,1.0141280783940139,True,False,False,False,True,True,False,False,False,False,False,True,181.98,train
-1.6814798096533896,1.6567941937309547,1.3930216040708259,-0.011478143838490587,0.47622535078982586,-0.09707266409011107,-0.20164485917318478,False,False,False,False,True,False,False,True,True,False,False,False,156.95,train
0.8061669020769435,-0.34248228901110134,0.7899184993092586,-0.6397326738515451,0.36770465365168015,-1.6217510476111374,1.6648234534299795,False,False,False,False,False,True,False,False,False,False,False,False,134.03,train
0.8412041797069475,1.7158637261756067,-0.9160017113020321,-1.158474946339388,-0.995760515519892,-1.0757034404896537,1.4250935784167287,False,True,False,False,True,False,False,False,False,False,True,False,101.48,train
-0.03472776104316987,-1.033676003499197,0.0834262908742795,-0.13251800741898734,1.2052618289999317,0.25750370417059276,-0.9893287342167217,True,False,False,False,True,False,False,True,False,True,False,False,157.44,train
0.210533182366864,1.2470494279497286,-0.48521377932948406,0.1787273560737183,-1.0333253722215576,0.5269817440487274,-0.7667224217044177,True,False,False,False,True,True,False,False,False,False,False,False,95.88,train
0.3156450152568774,-0.7955268930549229,1.1690118794451008,0.7666352648932737,-1.5689724029675323,1.6190769582916955,0.6887803908760308,True,False,False,False,False,False,False,True,False,False,False,False,51.54,train
-0.24495142682319823,-0.9061820352815553,1.065622775771689,0.8761475224184845,-0.8608052895916852,1.491429465717842,-0.4584982966873816,True,False,False,False,False,False,False,False,False,True,False,False,79.22,train
0.6835364303719267,0.4631085290349627,-0.1061203991936419,-1.746382855158943,-0.15402946720478874,-1.4657374455764278,0.6545332658741381,False,False,False,True,False,True,False,False,False,False,True,False,111.23,train
0.7711296244469381,-0.41144129068856783,0.583140291962435,-0.45529097696697857,1.1217843696628969,0.1511307936923816,0.24356776585142334,False,False,True,False,False,False,False,True,False,False,False,False,153.74,train
0.5258686810369058,0.35405708452175944,1.4447161559075312,0.33435003782007133,-0.15542075819373927,1.370873500509203,-1.3831706717384902,False,False,True,False,False,False,True,False,False,True,False,False,116.57,train
0.5959432362969153,-1.6315879676561462,-0.8126126076286204,0.39198806809649833,0.5972676668285265,0.9595649133267862,-0.5269925466911672,False,False,True,False,False,False,True,False,False,False,True,False,123.61,train
-1.4362188662433575,1.404479086818054,0.7726869820303565,1.1297548556347636,0.9826552707678384,-1.2671746793504337,-1.605776984250794,False,True,False,False,False,False,True,False,False,False,True,False,174.29,train
-1.7165170872833952,1.4600739408836083,0.15235235998988694,0.42080708323471183,-0.684111333994961,-1.5437442465937825,-1.1776879217271328,True,False,False,True,False,False,False,False,True,False,False,False,107.64,train
1.2791701500820063,0.23591801963245632,-1.1227799186488552,0.16719975001843274,0.3273572149721132,-0.2530862661248207,-1.5030356092451154,False,False,True,True,False,False,False,False,False,False,True,False,127.57,train
-0.8931410629782853,-0.7319135504222208,-1.5535678506214032,-0.7319535222938279,-1.2809751682547617,-0.29563543031610523,-0.253015546676024,False,False,True,True,False,False,False,True,False,False,False,True,58.2,train
0.22805182118186598,0.27895057494281317,-1.0538538495332477,0.42080708323471183,1.0591762751601206,0.8319174207529331,1.510711390921461,False,False,False,False,True,False,False,False,False,False,False,False,164.58,train
-0.9106597017932873,1.217381020251284,0.11788932543208322,-0.09217138622548869,-0.256985000387132,0.15822232105759576,0.9113867033883349,False,False,True,False,False,False,True,False,True,False,False,False,126.97,train
1.3492447053420156,0.17765033604451919,-1.570799367900305,-0.24203026494419855,-0.8802833634369933,-1.0544288583940113,-1.2804292967328115,False,False,False,False,False,False,True,False,True,False,False,False,85.82,train
0.08790271066184706,-1.4076048536804986,-1.2089375050433646,-1.1296559312011745,1.6003884698618973,-1.7919477043762753,-1.3146764217347044,False,False,False,True,False,False,False,True,False,False,True,False,158.43,train
0.5959432362969153,0.47941278912149526,1.0311597412138853,1.5159296584868245,0.5082250435356891,-0.9196898384549439,0.8600160158854955,False,False,False,True,False,False,False,True,False,False,True,False,145.23,train
-1.225995200463329,-0.011853277092394877,-0.14058343375144564,-1.331389037168669,-0.04411747907769256,-1.401913699289501,-0.6982281717006318,False,True,False,False,False,False,False,True,False,True,False,False,107.58,train
-0.6303614807532495,-0.8912141899562136,-0.7953810903497188,1.4179450070168986,0.7628312945136461,-0.6289372164811667,-1.4002942342394369,True,False,False,False,False,False,True,False,False,True,False,False,142.5,train
-0.9807342570532968,-1.5230710890474195,0.4108251191734158,0.3977518711241407,-1.1515851062823572,-0.31691001241174754,0.8942631408873888,False,False,True,False,True,False,False,True,False,True,False,False,69.55,train
-0.49021237023323055,-1.4484991453729499,-0.22674102014595524,0.48997271956642435,0.6640496342981547,-1.1537102415070084,0.19219707834858385,False,True,False,False,True,True,False,False,True,False,False,False,125.67,train
-0.9106597017932873,0.4740671300767304,1.4791791904653355,-0.38036153760762365,1.6017797608508482,0.03766635584895628,1.2881050784091568,True,False,False,False,False,True,False,False,False,False,False,False,170.72,train
1.5069124546770365,-1.619292951853187,1.4619476731864334,0.5591383558981361,-0.48933059554187935,-0.5792965249246683,1.6990705784318723,True,False,False,False,True,False,False,False,False,False,True,False,94.28,train
-1.6114052543933803,0.6953774145299952,-0.8815386767442285,-0.5302204163263334,0.9116994303313584,0.7680936744660064,-1.451664921742276,False,False,False,False,True,True,False,False,False,False,True,False,151.96,train
-0.7004360360132589,-1.6198275177576635,-1.0883168840910513,-0.5014014011881199,-0.43924411993965845,0.9241072765007158,-1.263305734231865,False,False,False,True,False,False,False,True,False,False,False,False,80.72,train
-0.9807342570532968,-0.7260333254729797,0.8071500165881601,-0.887576204040181,-0.4921131775197804,1.292866699491848,-0.8694637967100963,False,False,True,False,True,False,False,True,False,False,True,False,93.26,train
-0.7705105912732684,1.7329698351188538,0.221278429105495,1.46405543123804,-1.596798222746544,-1.394822171924287,-1.4345413592413296,False,True,False,False,False,False,False,False,False,False,True,False,80.22,train
-1.4887747826883648,0.3976242057365932,-0.5886028830028952,-1.446665097721523,-0.1373339753373815,1.1013954606310676,1.3052286409101035,False,True,False,True,False,True,False,False,False,False,False,False,114.48,train
-0.5427682866782381,-1.5933665054860773,1.548105259580943,0.5360831437875658,-0.6493290592711966,0.952473385961572,-0.1673977341712917,True,False,False,True,False,False,True,False,True,False,False,False,78.64,train
-1.348625672168346,-0.6038850163001026,0.5314457401257298,-0.9452142343166079,-0.8594139986027346,1.5127040478134843,-0.544116109192114,False,False,False,False,False,False,False,True,False,False,True,False,80.4,train
0.5258686810369058,-1.4455590328983292,-0.6402974348396011,-0.5359842193539762,-0.07055200786775373,-0.7353101269593779,-0.27013910917697037,False,True,False,False,True,True,False,False,False,False,False,False,106.67,train
0.00030951658683563236,0.10040556284766709,0.858844568424866,0.6859420225062757,0.1590110053090926,-0.3878252860638883,-0.6468574841977927,True,False,False,True,False,False,False,True,False,False,False,False,141.64,train
-1.7340357260983972,-1.1983223020779545,0.5659087746835335,-0.7607725374320414,1.6143013797514032,-0.8204084553419468,-0.1845212966722381,False,True,False,False,False,False,False,True,False,False,False,True,163.41,train
1.436837899417027,0.45001166437528856,0.583140291962435,-0.09793518925313106,-0.5588951449894085,-1.5224696644981406,-1.074946546721454,True,False,False,True,False,False,False,True,False,False,True,False,97.5,train
1.576987009937046,-0.7917849317235872,-1.639725437015913,-1.3486804462515969,-0.6743722970723072,-0.39491681342910223,-1.2119350467290257,False,False,False,False,False,False,False,False,False,True,False,False,79.32,train
1.5945056487520495,1.5135305313312568,-0.1922779855881515,1.521693461514467,1.0188288364805536,-1.7139409033589206,-0.44137473418643497,False,False,True,True,False,True,False,False,False,False,True,False,171.89,train
0.4032382093318888,0.7760968661059447,1.289632500397414,-1.043198885786534,1.2344789397678937,0.11567315686631122,-0.6811046091996854,False,True,False,False,False,True,False,False,True,False,False,False,170.25,train
-1.243513839278331,0.9297845636429344,-1.0538538495332477,1.6830799462884622,1.1343059885634517,0.01639177375331425,1.236734390906318,True,False,False,True,False,False,False,True,False,False,True,False,165.72,train
-1.6289238932083838,-0.36439949109463704,0.7209924301936506,0.10379791671436339,-1.2016715818845782,-0.7849508185158764,1.3223522034110502,True,False,False,False,False,False,False,True,False,False,False,False,65.67,train
-1.7340357260983972,-0.08482152305343503,-1.226169022322267,1.6888437493161055,-0.7495020104756386,-1.387730644559073,-1.4345413592413296,False,False,False,True,False,True,False,False,False,True,False,False,89.09,train
1.0864651231169813,-0.6207238422911118,1.289632500397414,-0.3630701285246953,0.09362032882841531,0.5482563261443699,1.2196108284053713,True,False,False,True,False,True,False,False,False,False,False,True,113.22,train
1.2441328724520022,-0.7522270547923274,-0.20950950286705308,-0.9740332494548214,1.454302916022086,-1.2388085698895774,0.9113867033883349,False,True,False,True,False,True,False,False,False,False,True,False,160.07,train
-0.49021237023323055,-1.2704886991822801,1.6859573978121578,-0.4783461890775493,0.25640137453563344,0.9382903312311441,0.8257688908836026,False,True,False,False,True,False,True,False,False,False,False,False,122.55,train
1.559468371122044,0.9273790170727905,1.668725880533257,-0.3630701285246953,1.4153467683314696,-0.07579808199446879,-0.8352166717082036,False,True,False,False,False,False,True,False,False,False,False,True,174.62,train
-0.19239551037819075,-0.5071285875898587,1.3068640176763162,0.9337855526949115,-0.7689800843209467,0.5482563261443699,1.579205640925247,False,False,False,False,True,False,True,False,False,False,False,False,73.64,train
0.5433873198519077,-0.36573590585582827,1.427484638628629,-0.7319535222938279,0.25222750156878193,1.7183583414046926,0.5689154533694057,False,False,False,False,False,False,False,False,False,False,True,False,138.23,train
-0.3675818985282136,-0.8495180494070477,0.25574146366329875,1.2738499313258311,1.1565666443866613,0.9028326944050737,-0.2872626716779171,True,False,False,False,True,True,False,False,False,True,False,False,160.32,train
1.682098842827061,1.659467023253337,-1.5535678506214032,1.504402052431539,0.6445715604528464,1.654534595117766,-1.1605643592261863,False,False,False,False,True,True,False,False,False,False,False,False,153.45,train
0.1579772659218565,0.836502813311788,-0.89877019402313,-1.3486804462515969,0.5430073182594536,1.3637819731439886,-0.1502741716703453,False,False,True,False,True,False,False,True,False,False,True,False,147.71,train
0.9638346514119644,-0.5354605805271124,-1.4501787469479914,-0.17862843164012918,-1.600972095713396,-0.8700491468984454,-1.5715298592489013,True,False,False,False,True,False,False,False,False,False,False,True,42.48,train
0.6484991527419227,-1.3501390189492766,-0.6058344002817975,0.44962609837292533,0.14788067739748817,-1.1608017688722225,1.390846453414836,False,True,False,False,False,False,False,True,False,False,False,False,110.25,train
-0.052246399858171845,1.4761109180179028,0.8416130511459639,0.4726813104834956,-0.9303698390392144,-0.02615739043797031,0.5860390158703525,False,True,False,False,False,False,False,False,False,True,False,False,95.99,train
1.682098842827061,-0.4461880744795394,-1.6741884715737165,-1.729091446076015,1.2984783252596208,-0.39491681342910223,-1.074946546721454,True,False,False,False,True,True,False,False,False,False,True,False,164.48,train
-0.9807342570532968,0.10895861731929098,0.06619477359537733,1.5505124766526803,-0.41280959114959725,-0.8558660921680171,-1.5030356092451154,True,False,False,False,False,False,False,False,True,False,False,False,113.83,train
1.576987009937046,0.9805683245682004,1.427484638628629,1.1124634465518357,1.3151738171270275,0.7184529829095077,-1.3831706717384902,False,False,True,True,False,False,True,False,False,False,True,False,174.33,train
-0.12232095511818131,-0.7741442568758634,1.4619476731864334,0.5015003256217091,-1.5411465831885207,0.1653138484228097,-1.5201591717460619,False,False,True,False,False,False,True,False,False,False,True,False,51.36,train
-1.0858460899433102,1.5819549671042468,-0.2439725374248568,1.6542609311502487,-1.589841767801791,0.3567850872835897,0.17507351584763745,True,False,False,False,False,False,False,True,False,False,False,True,76.82,train
1.3142074277120117,1.0292138218755609,0.2729729809422009,-0.7146621132109,1.1871750461435742,-0.18217099247267993,0.4148033908608879,False,False,True,False,True,False,True,False,True,False,False,False,172.12,train
0.6134618751119172,-0.20055504137259433,-0.2956670892615627,1.2392671131599753,0.6000502488064279,-0.16798793774225182,-1.5201591717460619,False,False,True,False,False,False,False,False,True,False,False,False,140.38,train
1.3667633441570177,-0.6410373466612184,0.34189905005780835,-0.36883393155233807,1.3346518909723362,-0.8984152563593018,-1.1263172342242933,False,False,False,False,True,False,True,False,False,False,True,False,164.09,train
-1.068327451128308,-0.6971667666312493,-1.1572429532066588,0.33435003782007133,-0.49767834147558276,1.6332600130221235,1.3223522034110502,True,False,False,False,False,True,False,False,False,False,True,False,92.77,train
-0.49021237023323055,1.5693926683490491,-0.5713713657239937,-0.40918055274583714,1.4626506619557897,-0.31691001241174754,1.6990705784318723,False,True,False,False,True,False,False,False,False,False,False,False,192.91,train
0.6309805139269191,-1.0288649103589087,-0.17504646830924936,-0.7665363404596842,-1.3839307014371047,-0.5012897239073134,1.4250935784167287,False,True,False,False,True,True,False,False,False,True,False,False,55.85,train
1.0689464843019778,-0.27539426799930233,1.1862433967240023,0.6686506134233478,0.9144820123092597,0.8248258933877188,0.2606913283523694,False,True,False,False,False,False,False,False,False,False,False,True,153.87,train
1.3317260665270136,0.6250819980913376,-1.536336333342501,4.9462216794563796e-05,-1.747057649553207,-0.11125571882053917,-0.30438623417886346,False,False,False,True,False,False,False,True,False,True,False,False,62.81,train
0.7010550691869286,0.2856326487487692,-0.6058344002817975,1.1873928859111906,1.530823920414368,0.1227646842315254,-1.1605643592261863,False,True,False,False,False,False,True,False,True,False,False,False,175.32,train
0.9813532902269664,-1.4904625688743538,0.703760912914749,-1.4409012946938802,1.0243940004363559,0.24332064944016463,1.133993015900639,True,False,False,False,False,False,True,False,False,False,True,False,142.83,train
-1.0508088123133061,-1.1344416764930145,1.1862433967240023,-0.6685516889897586,1.0424807832927132,0.15822232105759576,-1.4174177967403832,False,False,False,True,False,False,False,False,False,False,False,False,143.55,train
1.3142074277120117,1.4456406614627428,0.4108251191734158,1.1412824616900492,-0.02463940523238431,1.0943039332658535,0.5004212033656202,False,False,True,True,False,False,True,False,False,False,False,True,134.1,train
0.9463160125969625,1.6824533571458264,1.3413270522341194,0.6686506134233478,0.7447445116572883,1.7254498687699067,-1.1091936717233468,False,False,True,False,True,False,True,False,True,False,False,False,159.13,train
-1.1384020063883176,-0.6517286647507481,-1.6569569542948146,-0.1959198407230571,0.167358751242796,-1.4160967540199294,-1.6229005467517406,False,False,True,False,False,False,False,True,False,False,False,False,118.77,train
-1.366144310983348,-0.9740719051500689,-0.1061203991936419,-1.2103491735881722,1.0786543490054283,-1.7352154854545627,-0.44137473418643497,False,True,False,False,False,False,False,True,False,False,True,False,149.57,train
0.8587228185219495,-1.4557157850833822,-0.019962812799132288,0.6513592043404197,0.004577705535577871,1.7112668140394784,0.637409703373192,True,False,False,False,True,True,False,False,False,True,False,False,103.84,train
-0.1748768715631888,-1.466407103172912,-0.6230659175606996,1.2219757040770465,0.3273572149721132,-1.3522730077330025,-1.67427123425458,True,False,False,False,False,True,False,False,False,False,False,False,110.76,train
-1.7340357260983972,-0.9954545413291284,-1.2778635741589721,-1.1469473402841024,-1.3199313159453778,-1.6004764655154953,1.6476998909290328,True,False,False,False,False,True,False,False,False,False,False,False,52.77,train
1.1039837619319834,0.993397906275636,1.3585585695130216,1.1585738707729771,0.44422565804396225,0.8106428386572905,0.4490505158627807,False,False,True,True,False,False,False,True,False,True,False,False,150.63,train
1.3317260665270136,-0.04954017335798717,1.3757900867919237,0.9107303405843412,1.5642149041491826,0.6617207639877953,0.14082639084574436,False,False,True,True,False,False,True,False,False,True,False,False,171.16,train
0.33316365407187937,-0.7359227947057945,0.8760760857037682,-1.5446497491914486,0.3844001455190874,-1.033154276298369,-1.3660471092375437,False,False,True,False,False,False,True,False,False,True,False,False,121.99,train
1.3492447053420156,-0.6193874275299206,1.4619476731864334,-0.9797970524824642,-1.4687994517630905,0.2858698136314489,0.2606913283523694,True,False,False,False,True,False,False,True,False,True,False,False,55.86,train
1.664580204012059,-0.9906434481888399,-1.536336333342501,-0.8357019767913968,-0.6354161493816907,-0.4090998681595303,0.03808501584006567,False,True,False,True,False,False,True,False,False,False,True,False,87.46,train
-0.15735823274818525,1.6215128440355064,1.3757900867919237,-0.8991038100954665,-1.3310616438569824,-0.9835135847418706,-0.4584982966873816,False,True,False,False,False,False,False,False,True,False,False,False,87.45,train
-0.24495142682319823,-1.1985895850301929,1.3930216040708259,1.6715523402331776,0.01849061542508371,1.491429465717842,-1.1091936717233468,False,False,False,False,False,False,True,False,False,False,False,True,106.69,train
0.7711296244469381,-0.3742889603274522,0.2729729809422009,-0.2305026588889134,-0.5825470918015683,-1.6997578486284923,-0.08177992166655941,False,False,False,True,False,False,True,False,True,False,False,False,98.32,train
0.4733127645918983,0.32652694044122055,-0.7264550212341108,-0.5071652042157627,0.20909748091131353,-0.13253030091618145,0.8771395783864421,False,True,False,False,False,False,True,False,False,False,False,False,136.43,train
-0.9807342570532968,-0.4095703100229,1.3240955349552184,-1.1296559312011745,-1.3992349023155612,1.3212328089527041,-0.7838459842053641,False,False,True,True,False,False,False,False,False,True,False,False,62.26,train
-0.9807342570532968,0.1704336963340868,-0.12335191647254345,-1.060490294869462,-1.5647985300006806,1.2574090626657777,-0.47562185918832806,False,True,False,False,False,True,False,False,False,False,False,True,64.51,train
-0.8230665077182758,0.7953412386670984,1.1517803621661986,1.3314879616022581,0.8616129547291373,0.5978970177008682,1.356599328412943,True,False,False,True,False,False,True,False,False,False,False,True,155.42,train
1.033909206671974,-0.9035092057591728,-0.9160017113020321,-1.170002552394673,0.8769171556075938,-1.4799205003068558,0.2778148908533161,True,False,False,False,False,True,False,False,False,False,False,False,143.2,train
-1.0157715346833007,1.3403311782808756,-1.6741884715737165,0.14414453790786202,0.548572482215256,-0.47292361444645714,1.4935878284205149,False,True,False,False,True,True,False,False,False,False,False,True,150.89,train
-0.4026191761582191,-0.3144175790260858,-1.2606320568800706,0.3746966590135704,-1.5731462759343842,-0.5012897239073134,0.534668328367513,True,False,False,False,False,True,False,False,True,False,False,False,56.75,train
-0.8055478689032723,0.08891239590142277,1.5308737423020409,-1.0835455069800326,-0.7008068258623681,1.413422664700487,0.534668328367513,True,False,False,False,False,True,False,False,False,True,False,False,98.31,train
-0.2624700656382002,1.4151704049075835,0.5142142228468276,0.4842089165387812,-0.1373339753373815,1.370873500509203,-0.11602704666845251,False,False,False,False,True,True,False,False,False,False,False,True,137.93,train
-0.7354733136432628,0.840244774643123,0.583140291962435,1.3372517646299005,0.9228297582429632,0.10858162950109704,-0.47562185918832806,True,False,False,False,False,False,False,True,True,False,False,False,161.11,train
1.2616515112670041,-0.7594436945027601,0.18681539454769128,0.3689328559859272,0.11727227564057507,0.9241072765007158,-1.5544062967479546,False,True,False,True,False,False,False,False,False,False,True,False,117.2,train
-1.0157715346833007,-1.2477696482420295,-0.39905619293497446,-0.20744744677834268,0.30370526815995336,-1.664300211802422,0.4148033908608879,False,False,False,True,False,False,False,False,True,False,False,False,112.66,train
1.1215024007469854,0.5398187363273385,-1.3123266087167764,-1.5446497491914486,-1.189149962984023,-0.7565847090550202,-1.2119350467290257,False,False,True,False,False,True,False,False,True,False,False,False,71.46,train
0.07038407184684509,-0.5071285875898587,-1.6914199888526187,-1.4120822795556667,1.117610496696045,0.3922427241096601,0.8428924533845493,True,False,False,True,False,False,True,False,False,False,False,True,142.87,train
0.5959432362969153,-0.716411139192403,-0.45075074477168037,0.8876751284737701,0.4177911292539011,-1.2529916246200055,-0.40712760918454216,False,False,True,False,False,True,False,False,False,False,False,False,124.52,train
-1.243513839278331,0.3960205080231637,0.583140291962435,-0.3342511133864818,-0.4670699397186701,0.7893682565616484,-1.3146764217347044,False,True,False,False,False,False,True,False,False,False,True,False,115.3,train
-0.9456969794232912,-0.908053015947223,-1.5535678506214032,-1.6945086279101589,0.7377880567125353,-0.28145237558567715,0.5175447658665663,False,False,True,False,False,False,False,False,False,False,False,False,135.28,train
0.14045862710685453,-0.6805952235924785,-0.5886028830028952,0.6859420225062757,1.27343508745851,-1.1253441320461521,1.4593407034186214,False,False,False,False,True,True,False,False,False,False,True,False,157.71,train
1.5945056487520495,-0.3408785912976718,0.5314457401257298,1.118227249579478,0.19657586201075858,1.186493789013637,-0.9208344842129359,True,False,False,False,True,True,False,False,False,False,False,True,129.41,train
-0.4026191761582191,-0.41384683725871196,0.13512084271098537,0.28247581057128673,-1.024977626287854,0.7610021471007923,-0.1845212966722381,False,False,False,True,False,False,False,False,True,False,False,False,77.68,train
-0.8405851465332778,1.6289967666981777,-1.43294722966909,0.9741321738884106,0.8017874422042626,1.2645005900309918,0.2778148908533161,False,True,False,True,False,False,True,False,False,True,False,False,171.87,train
-1.5763679767633763,-1.2009951316003369,-0.3818246756560723,0.5418469468152082,0.421965002220753,-0.7424016543245919,-1.0578229842205076,False,False,True,True,False,True,False,False,False,False,False,True,111.91,train
-0.20991414919319273,-1.1429947309646382,0.652066361078043,-1.0143798706483205,-0.5129825423540392,0.1794969031532378,1.0826223283977996,False,False,False,False,True,False,False,False,False,False,False,False,86.67,train
1.016390567856972,-0.8930851706218813,-1.4157157123901876,-1.1238921281735317,0.8560477907733349,-1.1608017688722225,-0.1502741716703453,False,True,False,False,False,True,False,False,True,False,False,False,147.71,train
0.7185737080019321,1.460608506788085,1.5825682941387473,-1.342916643223954,1.5948233059060952,0.22204606734452237,1.236734390906318,True,False,False,False,True,True,False,False,False,True,False,False,192.88,train
-0.49021237023323055,-0.9077857329949847,0.42805663645231795,0.8876751284737701,-1.3853219924260554,-0.46583208708124296,1.0483752033959066,False,False,True,False,False,False,False,False,True,False,False,False,61.97,train
-1.7165170872833952,-1.459725029366956,1.6859573978121578,0.19601876515664624,-1.3519310086912413,-0.2601777934900349,0.2606913283523694,True,False,False,False,True,False,True,False,False,False,True,False,55.9,train
0.6134618751119172,1.6642781163936253,0.9450021548193757,-1.3256252341410262,0.6097892857290819,0.01639177375331425,0.34630914085710174,False,True,False,False,True,False,False,True,False,False,True,False,161.69,train
0.1754959047368585,-1.6067306530979895,-0.26120405470375896,-1.4812479158873788,-0.0983778276467654,-1.2884492614460759,-1.0235758592186146,False,True,False,False,True,False,True,False,False,False,True,False,97.97,train
1.0514278454869759,0.19529101089224327,-0.6747604693974049,-0.7146621132109,-1.072281519912174,0.93119880386593,1.7161941409328183,False,False,False,True,False,True,False,False,False,False,True,False,73.81,train
0.017828155401837607,0.15306030443860105,0.6692978783569447,1.4467640221551121,-1.5272336732990148,1.1723107342832084,-1.451664921742276,True,False,False,True,False,False,False,False,False,False,False,False,60.9,train
-0.5427682866782381,-1.6200948007099014,0.858844568424866,-1.573468764329662,-0.14289913929318393,0.9737479680572145,0.0038378908381728775,False,True,False,False,False,True,False,False,True,False,False,False,96.9,train
0.3682009317018849,-0.6380972341865976,0.2729729809422009,1.619678112984393,0.9603946149446287,0.2149545399793082,-0.013285671662773519,True,False,False,False,True,False,False,False,True,False,False,False,149.54,train
1.3667633441570177,1.6431627631668047,1.668725880533257,0.9856597799436961,-0.34046245972416705,-1.6997578486284923,1.356599328412943,True,False,False,False,False,False,False,False,True,False,False,False,134.16,train
-1.7865916425434047,-1.0128279332246142,-0.0027312955202301193,-1.6080515824955184,-1.282366459243712,0.2149545399793082,-1.5201591717460619,False,False,False,True,False,False,True,False,True,False,False,False,79.21,train
1.3142074277120117,-0.9978600878992725,0.9277706375404735,0.6571230073680622,-0.5046347964203357,-0.10416419145532525,-0.544116109192114,False,False,False,False,True,True,False,False,False,False,False,False,87.73,train
-1.2785511169083366,0.29044374188905775,-0.53690833116619,-1.4985393249703072,-1.5842766038459888,0.1227646842315254,-0.21876842167413119,True,False,False,False,False,True,False,False,False,False,False,True,71.06,train
0.911278734966957,-0.8989653955711226,1.427484638628629,1.002951189026624,-0.12759493841472758,1.4276057194309153,-0.7838459842053641,False,False,False,False,True,True,False,False,False,False,False,False,98.35,train
-0.10480231630317932,-1.19752045322124,0.42805663645231795,-0.7665363404596842,-1.1307157414480984,-1.3522730077330025,-0.40712760918454216,False,True,False,False,True,False,True,False,True,False,False,False,71.95,train
0.24557045999686794,-0.016129804328206824,0.3246675327789062,-1.1354197342288168,0.2703142844251393,1.370873500509203,-0.3900040466835958,False,False,True,False,True,False,False,False,False,True,False,False,125.7,train
-1.38366294979835,-1.1793452124690393,-0.6230659175606996,-0.02876955292141893,-1.4882775256083984,1.0021140775180708,-0.663981046698739,True,False,False,True,False,False,False,True,False,False,False,False,46.73,train
-0.03472776104316987,-0.005705769190915415,1.5653367768598452,0.5130279316769947,1.46404195294474,0.8035513112920768,-1.074946546721454,True,False,False,True,False,False,True,False,False,False,False,True,184.6,train
-0.1748768715631888,-1.6396064562232935,0.9450021548193757,0.09227031065907783,-1.22949740166359,0.7893682565616484,-1.331799984235651,False,False,False,False,True,False,False,True,True,False,False,False,56.37,train
-1.6639611708383877,-0.7471486786998008,0.7382239474725527,0.38046046204121275,-1.0194124623320517,-0.47292361444645714,-0.5783632341940067,False,False,True,True,False,False,True,False,False,False,False,False,66.47,train
0.1579772659218565,-0.5108705489211943,0.01450022175867205,1.118227249579478,0.9256123402208641,-1.3451814803677886,-1.2119350467290257,False,True,False,False,True,False,False,False,False,False,False,True,140.67,train
-0.5778055643082419,-0.2248777900262745,-0.07165736463583756,-1.7060362339654442,-0.4670699397186701,1.2432260079353492,1.3223522034110502,False,False,True,True,False,False,True,False,True,False,False,False,100.42,train
-1.1559206452033195,-1.6118090291905163,-1.2950950914378743,-1.285278612947527,-0.519938997298792,-0.7069440174985216,-0.886587359211043,True,False,False,False,False,False,False,False,False,False,True,False,73.18,train
0.911278734966957,-0.309071919981321,0.5142142228468276,0.3458776438753569,0.43309533013235785,-0.5509304154638118,-0.7838459842053641,False,True,False,False,False,True,False,False,False,False,False,True,129.05,train
-1.5763679767633763,1.3050498285854275,-0.53690833116619,1.5332210675697524,-0.4670699397186701,0.5553478535095842,-1.3831706717384902,False,False,False,True,False,False,False,False,True,False,False,False,121.95,train
-0.2624700656382002,-1.2060735076928637,0.9622336720982778,1.67731614326082,-1.7359273216416022,-1.1891678783330788,0.10657926584385156,False,False,False,True,False,False,True,False,False,False,True,False,44.48,train
-1.6289238932083838,0.4534863427543859,1.2551694658396098,0.7666352648932737,0.06718580003835414,-0.02615739043797031,-1.3489235467365972,False,False,True,False,False,False,False,True,False,False,False,False,132.78,train
-0.9281783406082893,0.1487837772027891,0.9966967066560816,0.6744144164509901,0.7948309872595096,-0.9622390026462283,-0.6126103591958996,False,False,True,False,False,True,False,False,True,False,False,False,145.89,train
1.5419497323070421,-0.032968630319216,1.3757900867919237,-0.8241743707361112,-0.7759365392656995,-0.6076626343855245,-0.1673977341712917,True,False,False,True,False,True,False,False,True,False,False,False,93.3,train
-0.20991414919319273,1.6808496594323965,-1.4501787469479914,-1.2564595978093136,1.6796920562320805,-1.401913699289501,0.7230275158779242,False,True,False,False,True,False,False,True,True,False,False,False,188.85,train
0.7360923468169341,0.016211432892620614,-1.381252677832384,-0.10369899228077385,1.6810833472210314,-0.2389032113943926,1.4935878284205149,False,True,False,False,True,False,False,False,False,False,False,True,174.9,train
-1.2785511169083366,1.3483496668480228,1.70318891509106,1.52745726454211,-1.0583686100226681,0.5340732714139416,0.34630914085710174,False,False,False,False,True,False,False,True,False,True,False,False,105.35,train
0.24557045999686794,-0.8717025344428221,1.5308737423020409,0.36316905295828483,-0.9581956588182261,0.05894093794459856,1.596329203426193,False,False,False,False,True,False,False,True,False,False,True,False,68.24,train
-1.8041102813584067,-1.2966824285016278,0.7726869820303565,1.3833621888510426,1.2358702307568445,1.576527794100411,1.356599328412943,False,False,False,True,False,False,True,False,True,False,False,False,148.46,train
0.7185737080019321,0.8271479099834494,-0.2784355719826611,0.0461598864379364,1.1802185911988212,-1.1608017688722225,0.31206201585520893,False,False,False,True,False,False,False,False,False,False,False,False,164.27,train
-1.4187002274283553,-0.11796460913097738,0.47975118828902386,0.20178256818428902,-0.5046347964203357,-1.0898864952200817,-0.7838459842053641,False,True,False,False,True,False,False,True,False,True,False,False,96.63,train
-0.29750734326820416,0.5898006483958894,0.37636208461561205,0.2882396135989299,0.8310045529722248,1.2006768437440647,1.6819470159309255,False,True,False,False,True,False,False,False,False,False,False,False,154.84,train
-1.243513839278331,0.0023127193762318685,-0.7953810903497188,-1.4178460825833095,-1.646884698348765,-1.0827949678548676,-0.9722051717157754,False,True,False,False,False,False,False,True,False,True,False,False,62.55,train
0.210533182366864,1.4715671078298527,0.703760912914749,0.48997271956642435,0.6056154127622299,0.15822232105759576,0.6887803908760308,False,True,False,True,False,False,True,False,False,True,False,False,157.27,train
-1.6464425320233858,0.799083199998434,-1.5880308851792069,-0.04029715897670408,-1.589841767801791,-0.31691001241174754,1.236734390906318,False,False,False,False,True,False,True,False,False,True,False,False,72.9,train
0.03534679421683958,1.664812682298102,-0.7264550212341108,1.5101658554591815,-1.6663627721940732,1.7254498687699067,-1.3831706717384902,True,False,False,False,True,False,False,True,False,False,True,False,81.15,train
-1.1208833675733156,1.5565630866416136,0.652066361078043,0.8127456891144151,1.711691748977944,-1.6572086844372078,-1.0920701092224003,False,True,False,True,False,False,False,True,False,False,False,False,201.25,train
0.3506822928868829,1.7137254625577003,-0.7609180557919145,1.2623223252705456,0.16457616926489502,-0.4303744502551726,-0.7495988592034712,False,False,False,False,True,True,False,False,False,False,False,True,145.3,train
1.2441328724520022,-0.08188141057881461,-1.2434005396011685,-1.175766355422316,0.8268306800053729,-1.210442460428721,-0.2358919841750776,False,True,False,False,False,True,False,False,False,False,True,False,143.33,train
1.1740583171919927,-1.111722625552764,-1.174474470485561,-1.0316712797312484,-0.691067788939714,0.07312399267502666,1.5449585159233536,False,False,False,True,False,False,True,False,False,False,True,False,81.34,train
-1.6464425320233858,-1.3597612052298533,-0.20950950286705308,-0.3342511133864818,-0.8941962733264992,0.30714439572709124,-0.8352166717082036,False,False,False,False,True,False,False,True,False,False,False,False,64.57,train
-1.6289238932083838,1.4814565770626678,0.5314457401257298,1.0894082344412646,-1.5828853128570382,1.4417887741613438,0.6887803908760308,False,True,False,False,True,False,True,False,False,True,False,False,77.16,train
-0.7880292300882703,-0.5817005312643286,-0.9504647458598359,0.9107303405843412,-0.5547212720225566,1.654534595117766,0.6716568283750848,False,False,True,True,False,False,True,False,True,False,False,False,95.64,train
-0.8581037853482798,-0.08268325943552922,1.4791791904653355,0.40927947717942625,-1.6232327515366052,0.8602835302137892,-1.6571476717536335,False,False,False,True,False,False,True,False,False,False,False,True,71.27,train
-1.1909579228333251,0.1506547578684566,1.4964107077442377,-0.5359842193539762,-0.28898469313299524,-0.011974335707542206,-1.2119350467290257,False,True,False,False,True,False,False,True,False,True,False,False,120.49,train
-1.208476561648327,0.7354698573657317,1.6342628459754525,-0.16133702255720084,-1.339409389790686,-1.302632316176504,-1.5715298592489013,False,True,False,True,False,False,True,False,False,False,False,False,81.32,train
-0.4026191761582191,-1.4121486638685488,0.1695838772687891,0.7954542800314872,0.5833547569390206,0.20077148524888008,-1.2119350467290257,False,False,False,True,False,False,False,False,False,True,False,False,125.66,train
1.4718751770470326,-0.502852060354047,0.3246675327789062,1.2104480980217618,-1.5912330587907417,-0.9196898384549439,0.07233214084195877,True,False,False,True,False,False,False,False,False,False,False,False,52.47,train
0.4207568481468908,0.6584923671211179,-0.9504647458598359,1.366070779768114,0.9103081393424078,0.09439857477066893,-1.4687884842432224,True,False,False,False,True,False,False,False,False,False,False,True,155.05,train
1.559468371122044,1.1414726618156228,-0.2784355719826611,1.233503310132332,1.1092627507623412,-0.1892625198378941,-1.0578229842205076,False,False,True,False,False,True,False,False,False,True,False,False,171.74,train
-0.49021237023323055,1.1166153472574663,-1.5880308851792069,-1.2968062190028127,0.6390063964970439,-1.6004764655154953,-1.331799984235651,True,False,False,False,True,True,False,False,True,False,False,False,152.81,train
-0.38510053734321714,-0.5544376701360277,1.117317327608395,1.4525278251827545,-0.7508933014645891,-0.09707266409011107,1.5620820784243004,True,False,False,False,False,False,False,True,False,False,False,False,78.53,train
-0.3500632597132116,0.15038747491621862,0.7726869820303565,1.4928744463762535,1.3443909278949902,-1.026062748933155,1.2024872659044246,False,False,False,False,True,True,False,False,False,False,False,True,174.16,train
1.6295429263820536,1.086412373654545,-1.1572429532066588,1.2680861282981888,1.622649125685107,-0.23181168402917843,-0.544116109192114,False,False,True,False,False,False,False,True,False,False,True,False,180.07,train
-1.0858460899433102,-0.5528339724225982,-0.1922779855881515,0.4438622953452821,0.17431520618754892,-1.1395271867765802,-0.013285671662773519,True,False,False,False,True,False,False,False,False,False,False,False,114.32,train
-0.4551750926032266,-1.7093673067574748,1.289632500397414,-1.729091446076015,0.11866356662952558,0.08730704740545502,1.4935878284205149,False,False,True,True,False,False,True,False,False,True,False,False,104.26,train
0.876241457336953,0.9875176813263952,-0.416287710213876,-0.7607725374320414,0.8003961512153116,-1.3522730077330025,0.8600160158854955,False,False,False,False,True,False,True,False,False,False,False,True,158.61,train
-0.8581037853482798,-0.8877395115771165,1.2551694658396098,1.7061351583990334,-0.6994155348734175,-1.6146595202459233,-0.8180931092072572,True,False,False,False,True,False,False,True,False,False,True,False,95.8,train
1.6470615651970555,-0.7345863799446033,-1.4674102642268936,-0.8760485979848954,-1.3700177915475988,-1.196259405698293,-0.11602704666845251,False,False,False,False,False,False,False,False,False,True,False,False,62.52,train
-1.1559206452033195,1.0628914738575792,-0.9849277804176396,-0.21321124980598505,-1.637145661426111,-1.1820763509678647,-1.1605643592261863,False,False,False,False,False,False,False,True,False,False,False,False,83.08,train
-1.7865916425434047,0.27280306704133367,0.5314457401257298,1.2046842949941186,0.93952525011037,1.0872124059006398,0.8600160158854955,True,False,False,False,True,False,False,True,False,True,False,False,150.75,train
0.8061669020769435,-1.5669054932144917,-1.0538538495332477,1.4525278251827545,-1.463234287807288,1.675809177213408,-1.640024109252687,False,False,True,False,True,True,False,False,False,False,True,False,41.08,train
-0.3500632597132116,1.5087194381909685,0.1695838772687891,0.0461598864379364,-1.7150579568073436,0.732636037639936,-0.6982281717006318,False,False,False,False,False,True,False,False,False,False,False,False,74.86,train
0.1579772659218565,1.2352889780512457,0.9966967066560816,-0.985560855510107,-1.2239322377077875,-1.685574793898064,-0.064656359165613,False,False,False,False,False,False,False,False,False,False,False,False,92.29,train
-0.38510053734321714,1.7348408157845217,1.2551694658396098,-0.25932167402712686,-0.8301968878347724,0.10858162950109704,0.2778148908533161,False,False,True,False,False,True,False,False,False,False,False,True,112.36,train
0.5959432362969153,0.5173669683393258,-0.2956670892615627,-1.5388859461638058,-1.0208037533210024,-0.6643948533072371,1.133993015900639,False,False,False,False,True,False,False,False,False,False,False,True,80.63,train
-0.4551750926032266,-0.2441221625874278,-0.691991986676307,0.06921509854850712,0.4470082400218637,1.1581276795527806,0.9798809533921211,False,True,False,False,True,False,True,False,False,False,False,True,132.38,train
-0.43765645378822304,0.061649534773121885,-0.53690833116619,-1.4639565068044509,1.70195271205529,1.654534595117766,0.2606913283523694,False,False,False,True,False,False,False,True,False,False,False,False,183.51,train
0.28060773762687347,-1.5527394967458645,-1.5880308851792069,1.2565585222429032,-0.29454985708879766,-0.34527612187260376,-1.5201591717460619,False,False,True,False,False,False,True,False,False,False,False,True,84.84,train
0.7886482632619416,-1.4955409449668806,0.5142142228468276,-0.13828181044663013,-1.463234287807288,-1.1253441320461521,1.236734390906318,False,False,True,False,True,False,True,False,False,False,False,False,54.52,train
0.4733127645918983,0.3024714747397787,0.5314457401257298,0.16719975001843274,-1.600972095713396,0.6900868734486515,0.534668328367513,True,False,False,True,False,False,False,True,True,False,False,False,68.27,train
-0.3500632597132116,-0.7923194976280638,-1.3640211605534818,-0.9913246585377493,-0.4670699397186701,0.8602835302137892,1.390846453414836,False,False,False,False,False,False,True,False,False,True,False,False,93.65,train
-0.4201378149732211,1.3900458073971884,1.4791791904653355,1.700371355371391,-1.1919325449619242,0.07312399267502666,1.3223522034110502,True,False,False,False,False,False,False,True,False,False,True,False,89.76,train
0.03534679421683958,0.4740671300767304,0.7726869820303565,1.4525278251827545,-0.8566314166248336,-1.4090052266547153,-0.4584982966873816,False,False,True,False,True,True,False,False,False,True,False,False,89.71,train
0.43827548696189433,0.27173393523238076,-0.8815386767442285,-1.7118000369930868,-1.6385369524150615,-0.3807337586986741,-1.3831706717384902,False,False,True,False,True,False,False,False,False,False,True,False,62.16,train
0.3506822928868829,-1.368314259701477,-0.967696263138738,-0.5475118254092618,-1.3992349023155612,1.5978023761960531,-0.9893287342167217,False,True,False,False,True,True,False,False,False,False,True,False,49.02,train
0.911278734966957,0.01300403746576158,-1.622493919737011,-1.2968062190028127,0.8518739178064835,-0.42328292288995867,0.14082639084574436,False,False,True,False,False,False,False,True,False,False,False,True,142.62,train
1.2441328724520022,-1.0344778523559117,0.5659087746835335,-1.6253429915784463,0.17292391519859843,0.6900868734486515,1.510711390921461,True,False,False,True,False,False,False,True,True,False,False,False,107.09,train
-0.7179546748282609,-1.0574641862484007,1.5136422250231385,1.6484971281226064,1.62960558062986,-0.5651134701942402,0.20932064084953053,False,True,False,False,True,False,False,False,False,False,True,False,161.42,train
-0.7705105912732684,0.9813701734249151,1.0139282239349832,0.9741321738884106,1.070306603071725,-1.5224696644981406,0.8428924533845493,False,False,False,True,False,False,False,False,False,False,False,False,171.73,train
-1.6114052543933803,-1.1004967415587579,0.25574146366329875,-1.2795148099198843,-0.18463786896170145,0.20786301261409426,0.19219707834858385,False,True,False,False,False,False,True,False,False,False,True,False,97.38,train
0.7185737080019321,0.00712381251652042,1.272400983118512,1.5101658554591815,1.2038705380109809,-1.2742662067156478,1.133993015900639,False,True,False,True,False,False,True,False,False,False,False,True,162.2,train
-0.9281783406082893,0.3313380335815088,-1.2606320568800706,-1.158474946339388,-0.7035894078402694,-0.4374659776203868,0.757274640879817,False,False,False,False,False,False,False,False,False,False,False,False,97.05,train
0.7185737080019321,-1.5930992225338392,0.15235235998988694,0.06921509854850712,-1.1557589792492091,1.4488803015265574,-0.49274542168927443,False,False,False,True,False,False,False,True,False,True,False,False,65.31,train
-0.3325446208982097,1.0610204931919118,-0.3301301238193664,1.4755830372933254,0.14092422245273523,0.03766635584895628,-0.8009695467063108,True,False,False,False,True,False,False,False,True,False,False,False,130.93,train
-0.7880292300882703,0.187272522325096,1.1517803621661986,0.08074270460379226,1.6059536338177,1.491429465717842,1.0483752033959066,False,False,True,False,False,True,False,False,False,True,False,False,183.03,train
-0.6303614807532495,0.5841877063988865,-1.4157157123901876,-1.7233276430483722,1.2233486118562895,0.6971784008138656,0.7743982033807632,False,True,False,True,False,True,False,False,False,False,False,False,167.86,train
-0.8055478689032723,-0.47131267198993415,-0.2784355719826611,-0.657024082934473,0.3927478914527908,-1.5437442465937825,-0.9379580467138823,False,True,False,False,False,False,False,True,False,False,True,False,131.65,train
1.436837899417027,-1.2124882985465815,-0.5713713657239937,0.18449115910136107,-0.05663909797824789,0.23622912207495045,-0.3900040466835958,False,False,True,True,False,True,False,False,False,True,False,False,95.32,train
-1.068327451128308,1.0805321487053035,-1.5191048160635994,0.36316905295828483,1.6115187977735022,0.6333546545269386,-1.229058609229972,False,False,False,False,True,False,False,True,False,False,False,False,186.91,train
-0.4026191761582191,1.5399915436028424,0.4452881537312201,0.7089972346168467,-1.3199313159453778,0.5553478535095842,1.390846453414836,False,True,False,True,False,True,False,False,False,False,False,True,86.74,train
1.6120242875670514,-0.26603936467096384,0.9450021548193757,-0.657024082934473,-0.3988966812600914,1.6332600130221235,0.19219707834858385,False,False,False,True,False,False,False,True,False,False,False,True,107.07,train
0.4207568481468908,-0.2695140430500609,1.6859573978121578,0.4784451135111388,0.7990048602263611,0.8602835302137892,-0.37288048418264935,False,False,True,True,False,False,False,False,False,False,True,False,146.78,train
1.016390567856972,-0.987436052761981,0.25574146366329875,1.5735676887632515,-1.222540946718837,-0.4090998681595303,0.15794995334669104,False,False,True,False,True,True,False,False,False,False,False,False,68.98,train
-0.3150259820832077,1.2866073048809885,1.5997998114176482,-1.7002724309378014,0.5513550641931575,0.08730704740545502,-1.0578229842205076,False,False,True,True,False,False,True,False,False,False,False,False,153.17,train
0.9287973737819589,-1.5281494651399463,-1.2434005396011685,-0.599386052658046,-1.1641067251829125,1.4276057194309153,-1.6571476717536335,False,True,False,True,False,True,False,False,False,False,False,False,46.62,train
-1.5938866155783782,0.7605944548761268,0.18681539454769128,-1.7406190521313003,-0.21524627071861452,0.2858698136314489,-0.9208344842129359,True,False,False,False,False,False,True,False,False,False,False,True,113.58,train
-0.9106597017932873,-0.9679243972485893,1.4791791904653355,-1.65416200671666,1.5113458465690603,-0.9338728931853721,0.7230275158779242,False,False,True,False,True,False,True,False,False,False,False,False,172.71,train
0.052865433031841554,0.36474840261128916,-0.967696263138738,0.5591383558981361,1.445955170088383,-1.3168153709069321,-1.451664921742276,True,False,False,True,False,False,False,True,False,True,False,False,171.91,train
-0.017209122228167898,0.4099192215395521,-0.89877019402313,1.4986382494038966,-0.84828367069113,-0.9409644205505862,0.5860390158703525,False,False,True,False,False,False,True,False,False,False,True,False,87.97,train
1.2266142336370003,-1.0245883831230966,-1.4157157123901876,1.0721168253583366,0.5402247362815527,1.186493789013637,-1.485912046744169,False,False,True,False,True,False,False,False,False,True,False,False,125.12,train
-1.1909579228333251,0.9778954950458181,-1.6914199888526187,-0.9336866282613224,-1.248975475508898,0.668812291353009,-1.3831706717384902,True,False,False,False,True,False,False,False,False,False,False,False,82.33,train
1.4893938158620346,-1.6147491416651367,1.3240955349552184,4.9462216794563796e-05,0.335704960905817,0.40642577884008846,-1.5030356092451154,False,True,False,False,False,False,True,False,False,False,False,True,111.73,train
-0.6653987583832534,0.10708763665362316,1.668725880533257,-0.8818124010125382,0.4970947156240846,-0.12543877355096728,-1.0406994217195609,False,True,False,True,False,True,False,False,False,False,False,False,149.1,train
-0.7004360360132589,0.649404746745018,1.289632500397414,0.42080708323471183,-1.5327988372548171,1.2432260079353492,-0.8009695467063108,False,False,False,False,True,True,False,False,True,False,False,False,73.26,train
1.2441328724520022,1.4194469321433951,0.031731739037573606,-1.342916643223954,0.32596592398316265,1.0517547690745694,-0.047532796664666616,False,True,False,False,False,True,False,False,False,True,False,False,147.1,train
-0.2624700656382002,-0.37883277051550207,-1.226169022322267,1.7061351583990334,0.9506555780219749,0.5766224356052262,-1.331799984235651,False,True,False,True,False,True,False,False,False,False,True,False,146.16,train
0.1754959047368585,0.5622705043153505,-1.43294722966909,0.6859420225062757,1.5934320149171444,-1.217533987793935,-1.194811484228079,False,False,False,True,False,False,False,True,False,False,False,True,178.89,train
-1.0332901734983027,0.014340452226952793,0.7726869820303565,1.3026689464640446,-0.7188936087187257,0.24332064944016463,1.2024872659044246,False,False,True,False,True,True,False,False,False,True,False,False,93.45,train
1.3492447053420156,-0.7840337261086782,1.4619476731864334,-0.27084928008241205,0.9478729960440738,1.2432260079353492,-0.253015546676024,True,False,False,True,False,True,False,False,False,False,True,False,143.92,train
0.8061669020769435,-0.815573114472791,-0.9160017113020321,-0.3918891436629088,-0.29315856609984714,-0.24599473875960678,1.630576328428086,True,False,False,False,False,False,False,True,True,False,False,False,104.69,train
-1.5938866155783782,-1.0096205377977552,-0.416287710213876,-0.3342511133864818,1.710300457988994,-1.4586459182112137,1.3223522034110502,False,False,True,False,False,False,False,False,True,False,False,False,166.05,train
1.0689464843019778,1.3272343136212015,-1.570799367900305,0.19025496212900386,-0.009335204353927967,0.5269817440487274,-0.5783632341940067,False,False,False,False,True,False,False,True,False,True,False,False,132.61,train
0.24557045999686794,-1.6943994614321332,-1.1572429532066588,-1.0201436736759628,0.595876375839576,-0.3381845945073896,0.3976798283599412,False,True,False,True,False,True,False,False,False,True,False,False,116.72,train
1.6470615651970555,-1.045703736349918,-0.7781495730708167,-1.216112976615815,0.896395229452902,-0.6998524901333075,1.0826223283977996,False,True,False,True,False,True,False,False,False,True,False,False,138.84,train
-0.9982528958682987,1.2334179973855786,-0.14058343375144564,-1.5100669310255923,-0.8997614372823016,1.1723107342832084,-1.6229005467517406,False,False,True,False,False,True,False,False,False,True,False,False,98.22,train
-0.12232095511818131,-1.15341876610193,-0.1061203991936419,-1.7118000369930868,-1.312974861000625,1.3354158636831326,-0.1845212966722381,True,False,False,False,True,False,False,False,False,False,False,False,53.44,train
1.016390567856972,1.4229216105224922,0.01450022175867205,-0.7146621132109,-0.1693336680832451,-1.5366527192285686,-0.7838459842053641,False,False,False,False,False,False,True,False,False,True,False,False,126.32,train
-1.1909579228333251,1.7046378421816004,-0.5024452966083857,-1.4870117189150216,-1.3936697383597587,0.09439857477066893,-0.013285671662773519,False,False,False,True,False,False,False,True,False,True,False,False,91.15,train
-1.5763679767633763,-0.26603936467096384,0.1695838772687891,0.6283039922298487,1.6560401094199206,0.11567315686631122,-1.2804292967328115,False,False,False,False,True,False,False,True,False,False,True,False,180.82,train
0.7185737080019321,1.3299071431435838,1.2207064312818066,-0.7550087344043991,0.6960493270440179,-1.5366527192285686,0.17507351584763745,False,True,False,False,True,False,True,False,True,False,False,False,163.81,train
0.9287973737819589,1.2085606828274214,1.4791791904653355,0.32858623479242816,0.6696147982539571,1.0943039332658535,-0.7153517342015785,False,False,True,False,False,False,False,False,False,False,False,False,164.5,train
-0.017209122228167898,-0.9120622602307966,-0.1922779855881515,1.67731614326082,-1.5578420750559276,0.732636037639936,-0.6297339216968462,False,True,False,True,False,True,False,False,False,False,False,False,48.18,train
-0.2274327880081947,-0.7567708649803776,0.18681539454769128,-0.7434811283491135,1.5029981006353563,0.5837139629704403,-0.30438623417886346,False,False,True,True,False,False,False,True,True,False,False,False,162.46,train
-1.7865916425434047,-1.44235163747147,-0.5886028830028952,-1.273751006892242,1.3777819116298038,0.6759038187182231,0.6545332658741381,False,False,True,False,False,True,False,False,False,False,False,False,149.8,train
0.5433873198519077,0.8640329573923269,1.0483912584927875,1.0894082344412646,0.1270113125632294,1.5339786299091265,-1.3146764217347044,False,False,True,True,False,False,False,False,False,False,False,False,137.95,train
0.8412041797069475,-0.4095703100229,1.0483912584927875,-0.13251800741898734,-0.38220118939268455,-0.7565847090550202,-0.8180931092072572,True,False,False,False,True,False,False,False,False,False,True,False,95.92,train
0.08790271066184706,1.2628191221317853,0.858844568424866,-1.5215945370808779,0.014316742458231798,0.647537709257367,0.6545332658741381,False,False,False,False,False,False,False,True,True,False,False,False,132.8,train
0.017828155401837607,0.10361295827452613,-1.5018732987846972,-0.6224412647686167,1.3123912351491267,-0.9764220573766565,1.6134527659271398,False,False,True,False,False,False,False,True,True,False,False,False,171.96,train
0.7185737080019321,-1.5228038060951816,-1.0538538495332477,-0.8011191586255405,-1.2837577502326627,0.5127986893182996,0.7915217658817099,False,True,False,False,False,False,False,True,False,False,False,True,50.46,train
-0.052246399858171845,1.6629417016324342,0.9277706375404735,0.43233468928999735,-1.3658439185807472,1.2432260079353492,-0.9893287342167217,False,True,False,False,False,True,False,False,False,False,False,True,91.98,train
-0.13983959393318326,0.4387857803812825,1.5308737423020409,0.27094820451600116,-1.4980165625310526,0.44897494303137275,0.9798809533921211,False,False,False,False,False,False,False,False,True,False,False,False,73.01,train
-1.4712561438733613,1.0874815054634976,-1.4157157123901876,-0.443763370911693,-1.5021904354979043,1.7325413961351204,-0.9893287342167217,True,False,False,False,False,False,False,False,False,False,False,False,71.41,train
1.0514278454869759,1.6482411392593308,-0.08888888191473973,1.354543173712829,0.6250934866075382,-1.2671746793504337,-0.42425117168548854,False,False,False,False,False,False,False,False,False,False,True,False,154.59,train
-1.7165170872833952,-0.9804866960037867,-0.7609180557919145,0.3689328559859272,1.63099687161881,-1.1537102415070084,-0.8694637967100963,False,True,False,True,False,False,False,True,False,True,False,False,167.33,train
0.7010550691869286,-0.38391114660802894,1.427484638628629,0.9798959769160538,1.188566337132525,1.3637819731439886,0.8942631408873888,False,False,True,False,False,False,True,False,False,False,False,False,152.35,train
-1.4362188662433575,-0.46890712541979,0.3074360155000046,1.366070779768114,-1.1195854135364938,0.9666564406920004,0.6202861408722453,False,False,True,False,True,False,False,False,True,False,False,False,76.15,train
0.7886482632619416,-0.02655383946549823,-1.6569569542948146,-0.8818124010125382,0.6445715604528464,0.14403926632716743,-0.6811046091996854,False,False,True,False,True,False,False,True,False,False,False,True,138.4,train
0.22805182118186598,0.5259200228109497,0.9966967066560816,-0.386125340635266,-1.0931508847464328,0.8390089481181472,1.253857953407264,True,False,False,False,False,True,False,False,True,False,False,False,95.89,train
-1.5588493379483743,1.4576683943134638,0.5486772574046312,0.8242732951697007,1.4181293503093713,-0.7636762364202343,0.7401510783788704,False,True,False,False,True,False,True,False,False,False,False,False,184.37,train
1.3317260665270136,0.04614712354330393,0.858844568424866,0.6398315982851343,1.5363890843701709,0.27168675890102084,-1.6913947967555265,False,False,False,False,False,False,False,False,True,False,False,False,180.07,train
0.893760096151955,0.039732332689585856,1.5653367768598452,-1.2795148099198843,1.0396982013148122,0.9808394954224288,0.07233214084195877,True,False,False,True,False,False,False,False,False,False,False,False,149.71,train
-0.13983959393318326,-1.1895019646540927,-1.2606320568800706,0.7435800527827026,-1.639928243404012,1.186493789013637,0.9285102658892816,False,True,False,False,True,False,False,True,False,False,False,False,35.65,train
-1.5938866155783782,1.4651523169761345,-0.31289860654046486,-0.12099040136370219,-0.269506619287687,0.41351730620530236,0.9113867033883349,False,True,False,False,False,False,False,False,False,False,False,True,120.69,train
0.4032382093318888,-0.7439412832729418,-0.15781495103034718,0.1787273560737183,0.9033516843976549,1.2857751721266337,0.7059039533769775,False,False,True,False,True,True,False,False,False,False,False,True,134.99,train
0.6660177915569246,0.56841801221683,0.34189905005780835,0.19601876515664624,-1.2253235286967383,-0.06870655462925487,0.8428924533845493,True,False,False,True,False,False,False,True,False,False,False,True,85.88,train
-1.1734392840183216,0.8295534565535932,0.5486772574046312,0.6801782194786332,0.84352617187278,-0.9125983110897299,-1.640024109252687,False,False,True,False,True,False,False,False,True,False,False,False,172.32,train
1.1565396783769908,-0.9692608120097805,0.4108251191734158,0.6167763861745631,1.612910088762453,1.6687176498481937,-1.1776879217271328,False,False,True,False,False,True,False,False,True,False,False,False,166.74,train
0.5083500422219038,0.9789646268547713,-0.45075074477168037,0.43809849231763975,0.02544707036983663,0.5837139629704403,0.6545332658741381,True,False,False,False,True,False,False,True,True,False,False,False,128.16,train
-0.7004360360132589,1.6554577789697635,-0.8815386767442285,0.9741321738884106,-0.12620364742577708,1.69708375930905,-0.6297339216968462,True,False,False,False,False,True,False,False,False,False,False,True,128.24,train
-1.5062934215033668,0.032515692979153486,1.3585585695130216,1.5101658554591815,-1.5522769111001256,-1.2955407888112898,0.2778148908533161,True,False,False,False,True,True,False,False,False,False,False,True,61.45,train
1.664580204012059,0.4462697030439532,-0.967696263138738,-0.05182476503198964,1.6282142896409089,0.37805966937923197,-0.5269925466911672,False,False,False,True,False,True,False,False,False,True,False,False,180.64,train
0.5784245974819132,-1.297751560310581,0.1695838772687891,0.8358009012249863,-0.4990696324645333,0.4773410524922292,-0.9893287342167217,False,False,True,False,False,True,False,False,False,False,True,False,92.89,train
-1.0508088123133061,-0.08001042991314679,0.3074360155000046,0.7435800527827026,-1.4020174842934623,-0.749493181689806,0.8086453283826566,False,True,False,False,True,False,False,True,False,True,False,False,73.14,train
1.1740583171919927,1.220855698630381,0.25574146366329875,-1.0374350827588912,0.9005691024197539,0.5908054903356545,-0.13315060916939891,False,False,False,False,True,True,False,False,True,False,False,False,160.71,train
1.2966887888970082,0.40617726020821676,-0.34736164109826856,-1.2564595978093136,-0.0037700403981255526,-0.636028743846381,-0.8352166717082036,True,False,False,False,True,False,False,True,True,False,False,False,128.49,train
-1.1033647287583122,0.7074051473807162,-1.174474470485561,-0.12675420439134455,0.8546564997843845,-1.3451814803677886,-0.33863335918075627,False,False,False,False,False,False,True,False,False,False,False,False,159.42,train
-0.1748768715631888,1.309059072869001,-0.691991986676307,0.847328507280271,-1.6580150262603697,-0.35236764923781794,-0.8009695467063108,False,True,False,False,True,False,True,False,False,False,True,False,81.38,train
-0.7529919524582663,1.077859319182921,1.3585585695130216,0.5418469468152082,-0.2736804922545389,-0.9693305300114425,0.5689154533694057,False,True,False,True,False,True,False,False,False,True,False,False,129.85,train
-0.8230665077182758,0.870982314150521,-0.15781495103034718,0.9337855526949115,0.5652679740826633,-1.1749848236026506,-0.544116109192114,False,True,False,False,False,False,False,True,False,False,False,True,146.04,train
-1.4187002274283553,-0.9024400739502199,0.6865293956358468,1.6946075523437478,-0.7564584654203915,-0.34527612187260376,-0.40712760918454216,False,False,False,True,False,False,False,False,False,True,False,False,80.87,train
-1.1384020063883176,-1.0133624991290906,-1.0710853668121492,-0.7780639465149698,-1.4771471976967938,0.20786301261409426,-0.20164485917318478,False,True,False,False,True,False,False,True,False,False,False,True,55.28,train
1.2441328724520022,0.35592806518742726,-0.7092235039552092,1.348779370685186,1.4362161331657282,0.7255445102747219,1.6476998909290328,False,False,True,True,False,False,False,False,False,True,False,False,168.13,train
-1.0157715346833007,-0.7142728755744968,0.39359360189451426,-0.04606096200434686,0.056055472126749314,-0.45874055971602906,-1.5544062967479546,False,False,False,False,True,False,False,False,True,False,False,False,116.56,train
-0.8581037853482798,-0.2788689463783994,0.42805663645231795,-1.3371528401963113,-0.14289913929318393,-0.175079465107466,-1.0235758592186146,True,False,False,True,False,False,True,False,False,False,True,False,111.58,train
1.2090955948219968,-1.669809429826215,0.1695838772687891,-0.09217138622548869,0.2717055754140898,-1.4870120276720702,0.6887803908760308,False,False,True,False,True,False,True,False,False,True,False,False,110.58,train
-0.682917397198257,1.5341113186536017,0.04896325631647577,-0.48410999210519207,0.6167457406738347,0.9028326944050737,-0.7838459842053641,False,True,False,False,True,False,False,False,False,True,False,False,157.87,train
-0.017209122228167898,1.7511450758710543,0.6865293956358468,-1.170002552394673,0.0880551648726129,1.399239609970059,1.03125164089496,False,True,False,False,True,False,False,True,True,False,False,False,143.83,train
-1.4887747826883648,0.5785747644018837,0.7209924301936506,0.5879573710363496,0.9896117257125914,0.11567315686631122,0.6031625783712986,False,True,False,False,False,True,False,False,True,False,False,False,163.39,train
-0.56028692549324,0.8143183282760134,-0.8298441249075226,0.1326169318525769,-1.3950610293487093,1.2786836447614196,-0.2358919841750776,True,False,False,False,True,True,False,False,False,True,False,False,72.48,train
-0.5252496478632345,1.311197336486907,0.7899184993092586,-0.34001491641412457,0.32596592398316265,1.0730293511702116,-1.14344079672524,False,True,False,False,True,False,False,False,False,True,False,False,142.44,train
-0.4551750926032266,0.30594615311887574,-1.570799367900305,0.1499083409355048,-0.44759186587336186,-0.02615739043797031,-1.229058609229972,False,False,False,False,True,True,False,False,False,True,False,False,104.08,train
1.3317260665270136,-1.4022591946357337,-0.6575289521185033,-0.7377173253214707,-0.691067788939714,-0.9976966394722987,0.6716568283750848,True,False,False,True,False,True,False,False,False,False,False,True,77.2,train
0.8587228185219495,-1.254719005000224,1.3240955349552184,1.3891259918786851,-0.052465225011395986,-1.026062748933155,0.8771395783864421,False,False,True,False,True,False,False,True,False,True,False,False,109.07,train
0.052865433031841554,-1.6094034826203718,-1.381252677832384,1.077880628385979,0.7850919503368553,-0.03324891780318449,0.03808501584006567,False,False,False,False,False,False,False,True,True,False,False,False,138.46,train
-0.13983959393318326,1.1604497514245378,-0.89877019402313,0.8300370981973431,-1.4827123616525963,-0.5934795796550965,1.3737228909138892,True,False,False,False,False,False,False,True,False,False,False,True,75.34,train
-0.682917397198257,1.084808675941115,0.04896325631647577,0.034632280382650836,0.5040511705688375,0.3993342514748743,0.3976798283599412,False,False,True,True,False,True,False,False,False,True,False,False,155.18,train
1.1215024007469854,0.05416561211045121,0.031731739037573606,-1.3256252341410262,-0.8719356175032899,-0.12543877355096728,1.253857953407264,False,True,False,False,True,True,False,False,False,False,True,False,90.23,train
0.210533182366864,0.08436858571337252,-1.226169022322267,-0.011478143838490587,-1.5202772183542619,0.20077148524888008,1.510711390921461,False,False,True,True,False,False,True,False,False,True,False,False,67.47,train
0.7711296244469381,1.282330777645177,-1.2950950914378743,1.366070779768114,-0.12620364742577708,1.0872124059006398,-0.047532796664666616,False,True,False,True,False,True,False,False,False,False,False,False,126.35,train
1.6470615651970555,0.44947709847081224,-0.1061203991936419,-1.5215945370808779,1.3263041450386324,-1.4870120276720702,1.3394757659119962,False,False,True,False,False,True,False,False,True,False,False,False,167.91,train
1.2616515112670041,0.5817821598287422,1.6514943632543546,-0.5648032344921897,-0.43924411993965845,1.2077683711092788,-0.5098689841902209,False,False,False,False,True,True,False,False,False,False,False,True,109.93,train
-0.8405851465332778,0.37517243774858056,1.3930216040708259,-1.0720179009247475,-0.757849756409342,1.2857751721266337,0.6202861408722453,True,False,False,False,True,False,False,True,False,False,False,True,98.62,train
-1.6289238932083838,-0.6324842921895948,0.7209924301936506,1.3891259918786851,1.530823920414368,1.0872124059006398,-0.6811046091996854,False,False,True,False,False,True,False,False,False,False,False,False,173.39,train
-1.208476561648327,-0.8845321161502576,1.1000858103294926,-0.6973707041279721,1.3276954360275834,-0.21762862929875032,1.03125164089496,True,False,False,True,False,False,False,True,False,False,True,False,162.95,train
-0.5252496478632345,-1.6454866811725346,-1.2950950914378743,0.46691750745585325,1.6546488184309704,0.9666564406920004,-0.8694637967100963,False,True,False,False,True,True,False,False,True,False,False,False,161.4,train
-1.523812060318369,-1.3049682000210134,-0.5713713657239937,-0.5244566132986911,-0.2096811067628121,0.42060883357051654,1.4593407034186214,True,False,False,True,False,True,False,False,False,False,True,False,100.07,train
-0.2799887044532022,-0.14228735778465723,-0.45075074477168037,-0.05182476503198964,-1.4256694311056222,-1.1537102415070084,-0.11602704666845251,False,False,True,True,False,False,True,False,False,True,False,False,66.0,train
-0.12232095511818131,0.6544831228375443,-1.6741884715737165,0.8300370981973431,0.9673510698893817,0.5482563261443699,1.510711390921461,False,True,False,False,False,False,False,False,True,False,False,False,156.12,train
-0.47269373141822857,0.6764003249210803,-0.4335192274927782,0.8530923103079142,0.8588303727512364,-1.3239068982721462,0.29493845335426283,False,True,False,False,True,False,False,False,False,True,False,False,158.25,train
0.9988719290419684,-0.14683116797270748,-0.2956670892615627,-1.6945086279101589,-1.3922784473708083,-0.8913237289940875,0.8086453283826566,False,True,False,False,True,False,False,False,False,False,True,False,61.62,train
-1.1909579228333251,1.3152065807704805,-1.5191048160635994,0.7089972346168467,-1.2754100042989591,0.1794969031532378,0.19219707834858385,False,False,True,False,True,False,False,False,False,False,False,False,86.81,train
1.699617481642063,0.07715194600293984,0.11788932543208322,-0.04606096200434686,0.6570931793534017,-1.572110356054639,-1.1605643592261863,True,False,False,False,False,False,False,True,False,False,False,True,144.66,train
-1.6114052543933803,-0.8906796240517372,-1.1917059877644625,-0.05182476503198964,-1.1070637946359387,0.6120800724312966,0.8428924533845493,False,True,False,False,True,False,False,True,False,False,True,False,73.22,train
1.033909206671974,-0.5587141973718397,-1.3640211605534818,-0.12675420439134455,0.9812639797788876,-1.6288425749763515,-0.030409234163720218,False,True,False,False,True,True,False,False,False,False,False,True,137.7,train
-0.15735823274818525,-1.5896245441547423,0.4625196710101217,1.4986382494038966,0.3023139771710029,-0.9764220573766565,0.6031625783712986,True,False,False,False,False,False,False,False,False,False,False,True,114.55,train
-1.751554364913399,-0.6827334872103843,1.7204204323699621,-0.8241743707361112,1.6810833472210314,0.6191715997965107,-1.3146764217347044,False,False,False,True,False,True,False,False,True,False,False,False,170.6,train
1.3492447053420156,-1.0318050228335294,1.410253121349728,-1.002852264593035,-1.4743646157188925,0.06603246530981273,1.1168694533996923,True,False,False,True,False,False,False,False,True,False,False,False,46.63,train
-1.0508088123133061,1.5584340673072814,-0.9849277804176396,-0.057588568059632424,1.6727356012873276,-0.6856694354028795,0.4148033908608879,False,True,False,False,False,True,False,False,False,False,False,False,186.46,train
0.7886482632619416,1.5517519935013253,-0.8298441249075226,-0.8241743707361112,-1.20584545485143,-1.0544288583940113,-0.44137473418643497,False,True,False,False,False,False,False,False,True,False,False,False,93.81,train
1.0514278454869759,-1.4990156233459777,-0.03719433007803384,1.135518658662406,0.6223109046296371,-1.2742662067156478,-0.663981046698739,False,False,True,True,False,False,False,False,False,False,False,False,124.71,train
0.4557941257768963,1.5309039232267425,-1.3467896432745803,1.406417400961613,-0.21385497972966364,-0.8204084553419468,0.5175447658665663,False,True,False,False,False,True,False,False,False,False,False,False,130.33,train
1.5069124546770365,-1.6567125651665409,-1.2089375050433646,1.0144787950819096,-1.5161033453874102,1.3495989184135604,-0.8180931092072572,False,False,True,False,False,False,True,False,False,True,False,False,55.91,train
-0.06976503867317382,-0.17382674614877006,1.3413270522341194,-0.5359842193539762,1.5864755599723914,0.4347918883009447,0.6716568283750848,False,False,True,False,True,False,False,True,False,False,False,False,179.16,train
-0.8055478689032723,-0.6987704643446788,-1.3640211605534818,-1.2564595978093136,-0.12481235643682657,0.952473385961572,1.3394757659119962,False,False,False,False,True,False,False,False,False,False,True,False,105.97,train
-0.052246399858171845,-0.4571466755213074,0.06619477359537733,-0.017241946866133367,-0.5644603089452109,0.2504121768053786,0.19219707834858385,False,False,False,True,False,False,False,True,True,False,False,False,95.27,train
0.911278734966957,-1.260331946997227,-0.6402974348396011,0.7320524467274171,0.5527463551821079,1.5978023761960531,-0.9722051717157754,False,False,False,False,False,False,False,False,True,False,False,False,126.55,train
0.28060773762687347,-0.3251088971156155,0.9794651893771794,1.2277395071046897,-1.079237974856927,0.5553478535095842,-1.5372827342470083,False,False,True,True,False,False,False,True,False,False,True,False,87.47,train
1.2616515112670041,-0.9045783375681258,1.2379379485607087,-1.0893093100076754,-1.1070637946359387,0.3922427241096601,-1.3489235467365972,False,False,True,False,True,False,False,False,True,False,False,False,66.26,train
1.5945056487520495,0.6785385885389861,-0.6058344002817975,0.9568407648054826,0.6682235072650061,-0.4445575049856007,-1.5544062967479546,True,False,False,False,True,False,False,True,False,True,False,False,136.48,train
1.3842819829720212,-0.9516201371620565,1.1517803621661986,0.9510769617778403,0.9158733032982103,-1.685574793898064,-1.297552859233758,True,False,False,False,False,False,False,True,False,True,False,False,144.03,train
-0.9632156182382932,-0.26497023286201093,-0.8815386767442285,0.9798959769160538,-0.6924590799286645,0.5624393808747978,0.8942631408873888,False,True,False,True,False,False,False,False,False,False,False,False,88.76,train
-1.7340357260983972,1.3900458073971884,-0.8643071594653262,-1.5561773552467342,0.5277031173809973,0.4347918883009447,1.0654987658968533,True,False,False,False,False,False,False,False,False,False,False,False,154.57,train
-1.2960697557233385,-0.7359227947057945,-1.43294722966909,0.8819113254461277,-0.9540217858513744,0.9028326944050737,-1.0406994217195609,False,False,True,False,False,True,False,False,False,False,False,True,70.36,train
0.19301454355186046,-0.95108557125758,-0.05442584735693601,0.12108932579729131,-1.4980165625310526,-0.04034044516839841,0.8086453283826566,False,True,False,False,False,True,False,False,True,False,False,False,55.29,train
-0.5778055643082419,-0.8813247207233985,-0.2439725374248568,-1.7348552491036577,-1.3783655374813024,0.6120800724312966,-0.8180931092072572,False,True,False,False,True,True,False,False,False,False,True,False,49.41,train
0.1754959047368585,1.3940550516807622,-0.12335191647254345,-1.1238921281735317,-1.2698448403431568,0.5624393808747978,-1.263305734231865,False,False,False,False,False,False,True,False,False,False,True,False,89.75,train
1.436837899417027,-1.0125606502723759,-0.48521377932948406,-0.5705670375198325,-0.2124636887407131,0.7397275650051497,0.10657926584385156,False,True,False,False,True,True,False,False,False,False,True,False,98.46,train
1.6470615651970555,0.6739947783509359,0.11788932543208322,-1.7406190521313003,0.1951845710218077,0.6049885450660824,-1.3489235467365972,True,False,False,False,True,False,False,False,False,False,False,False,129.88,train
0.07038407184684509,1.7236149317905154,-1.4501787469479914,-1.561941158274377,0.760048712535745,-0.3807337586986741,1.4764642659195681,False,False,True,True,False,False,False,False,True,False,False,False,170.77,train
0.28060773762687347,-0.8481816346458565,0.8933076029826698,-1.7233276430483722,-1.018021171343101,0.952473385961572,-0.33863335918075627,True,False,False,False,True,False,False,False,False,True,False,False,76.88,train
1.3667633441570177,-1.3993190821611132,1.6342628459754525,-0.8645209919296103,-1.0277602082657553,-0.04743197253361259,1.4935878284205149,False,False,True,True,False,False,True,False,False,False,False,False,78.2,train
-1.068327451128308,-0.6022813185866731,0.7554554647514542,-1.688744824882516,-0.05663909797824789,-1.5011950824024982,0.6031625783712986,True,False,False,True,False,False,False,False,False,True,False,False,123.45,train
0.08790271066184706,-0.9278319544128528,-0.5024452966083857,-0.11522659833605942,-0.9025440192602028,0.01639177375331425,-0.6468574841977927,True,False,False,False,True,False,False,True,False,True,False,False,82.49,train
0.7360923468169341,-0.7931213464847784,0.9450021548193757,-1.5215945370808779,-1.3282790618790814,-0.5012897239073134,-0.030409234163720218,False,True,False,True,False,False,False,False,True,False,False,False,66.61,train
-0.6653987583832534,-1.6992105545724216,-0.7953810903497188,1.6715523402331776,1.1941315010883269,1.5339786299091265,-0.5954867966949531,False,False,True,False,True,True,False,False,False,False,False,True,141.46,train
0.1754959047368585,0.20865515850415542,-1.1227799186488552,-0.3342511133864818,-1.5258423823100642,1.6899922319438363,1.4250935784167287,False,False,False,True,False,False,True,False,False,True,False,False,55.29,train
-1.2610324780933346,-0.5325204680524916,0.7382239474725527,-1.4236098856109518,0.010142869491380286,-1.6430256297067798,0.10657926584385156,False,False,False,False,True,False,False,True,True,False,False,False,111.56,train
-0.03472776104316987,-0.5742166086016577,0.20404691182659282,0.1326169318525769,-0.14150784830423344,-1.0969780225852959,-0.013285671662773519,False,False,False,False,True,True,False,False,True,False,False,False,109.39,train
-1.6639611708383877,0.8324935690282144,-0.9504647458598359,0.8819113254461277,-0.32376696785675985,-0.5792965249246683,0.34630914085710174,False,True,False,True,False,False,False,False,False,False,False,False,113.53,train
-1.1909579228333251,1.181565104651359,1.2034749140029044,-0.3573063254970525,1.5809103960165893,1.5836193214656251,-0.9550816092148287,False,False,True,False,True,False,False,False,False,False,False,True,184.26,train
0.08790271066184706,-1.1887001157973778,1.0311597412138853,0.9107303405843412,0.056055472126749314,0.8248258933877188,-1.2119350467290257,False,False,True,False,True,False,False,False,False,False,True,False,118.43,train
-1.7690730037284026,1.093094447460501,-1.1572429532066588,0.6340677952574918,-0.6966329528955164,0.909924221770288,0.17507351584763745,False,True,False,False,False,False,False,True,False,True,False,False,106.44,train
0.3506822928868829,0.4101865044917904,0.25574146366329875,-1.6080515824955184,0.1256200215742785,-0.5651134701942402,1.2196108284053713,True,False,False,False,False,False,False,False,True,False,False,False,130.39,train
-0.3675818985282136,0.7715530559178945,0.29020449822110245,-0.6282050677962595,-0.6604593871828013,1.186493789013637,1.0483752033959066,False,False,True,False,False,False,False,True,True,False,False,False,95.41,train
-0.682917397198257,0.19181633251314625,1.4447161559075312,-1.65416200671666,0.465095022878221,-1.5224696644981406,1.510711390921461,False,True,False,False,True,False,False,True,False,False,True,False,137.91,train
-0.8931410629782853,0.6641053091181214,0.6176033265202393,-0.9221590222060372,-1.5369727102216688,-1.7919477043762753,-0.3900040466835958,False,True,False,True,False,False,False,False,False,False,True,False,63.04,train
0.4557941257768963,-1.3295582316269319,1.4791791904653355,-0.7953553555978977,1.093958549883885,-0.35945917660303184,-0.544116109192114,False,True,False,False,True,True,False,False,False,True,False,False,141.47,train
1.3492447053420156,1.3830964506389944,-0.416287710213876,-1.619579188550804,-1.513320763409509,-0.11834724618575335,-1.5886534217498478,False,False,False,False,True,True,False,False,False,False,True,False,84.81,train
1.4893938158620346,0.05603659277611873,1.3585585695130216,-1.2045853705605294,0.8643955367070388,-0.4090998681595303,-1.5886534217498478,True,False,False,True,False,False,False,True,True,False,False,False,148.93,train
0.9463160125969625,-0.22247224345613006,-1.43294722966909,0.9683683708607682,0.424747584198654,0.11567315686631122,1.03125164089496,False,False,True,False,False,False,False,False,True,False,False,False,131.33,train
-1.4362188662433575,-0.9187443340367527,0.8243815338670623,-0.8011191586255405,0.1270113125632294,1.0021140775180708,-0.8694637967100963,False,True,False,True,False,True,False,False,False,False,False,True,113.3,train
0.03534679421683958,0.9987435653204009,-0.36459315837717077,0.40927947717942625,1.1259582426297488,0.3000528683618773,-1.485912046744169,False,True,False,True,False,False,True,False,False,False,True,False,167.68,train
0.1579772659218565,-0.05328213468932251,0.0834262908742795,0.6455954013127766,0.4567472769445176,-0.04034044516839841,0.12370282834479795,False,True,False,False,True,False,True,False,False,False,True,False,135.04,train
0.3857195705168869,0.5192379490049936,-0.1922779855881515,0.19025496212900386,0.13814164047483382,-1.6430256297067798,-1.1776879217271328,False,False,False,True,False,False,False,False,False,False,True,False,121.9,train
-1.1909579228333251,-1.123750358403485,-0.8643071594653262,-1.4639565068044509,1.2442179766905483,0.7751852018312201,0.8428924533845493,False,False,True,False,False,False,False,True,False,False,False,False,143.26,train
1.1565396783769908,-0.24893325572771635,-0.48521377932948406,-1.112364522118246,-0.6924590799286645,0.7964597839268627,-0.013285671662773519,False,True,False,False,False,False,False,False,False,False,False,False,90.05,train
0.3506822928868829,-1.6890538023873682,-0.20950950286705308,0.5303193407599226,-0.18602915995065195,0.1794969031532378,0.10657926584385156,False,False,False,False,True,True,False,False,False,False,False,True,90.36,train
0.3506822928868829,0.4027025818291197,-0.22674102014595524,1.3026689464640446,-0.7675887933319961,-1.7281239580893486,0.7230275158779242,False,False,False,False,True,False,False,False,False,False,False,False,100.3,train
-0.15735823274818525,0.6622343284524536,-0.7264550212341108,1.6542609311502487,1.3499560918507922,-0.6714863806724513,1.510711390921461,True,False,False,True,False,False,True,False,False,False,False,True,169.08,train
-0.0872836774881758,-0.40342280212142057,1.065622775771689,-0.4725823860499065,-0.06498684391195132,0.3993342514748743,0.3805562658589951,False,False,False,False,True,False,False,True,False,False,False,False,111.31,train
0.08790271066184706,-0.9601731916336803,0.34189905005780835,0.5303193407599226,1.093958549883885,1.4772464109874142,-1.4687884842432224,False,True,False,False,False,False,False,True,False,True,False,False,151.12,train
-1.7165170872833952,0.5569248452705856,1.3585585695130216,1.660024734177892,-0.14985559423793685,0.08730704740545502,0.5689154533694057,True,False,False,True,False,True,False,False,True,False,False,False,120.96,train
-1.2610324780933346,0.6360405991331058,-0.12335191647254345,-0.2535578709994841,0.505442461557788,0.10149010213588311,-0.08177992166655941,False,True,False,False,False,True,False,False,False,False,True,False,146.6,train
-0.38510053734321714,0.8426503212132674,-1.3295581259956781,0.8992027345290556,-0.47263510367447253,-0.34527612187260376,-0.44137473418643497,False,True,False,False,False,False,True,False,False,False,True,False,118.77,train
0.19301454355186046,0.0913179424715669,1.427484638628629,-0.6282050677962595,-0.4406354109286089,-0.13253030091618145,-1.263305734231865,False,True,False,True,False,False,False,False,False,False,False,False,102.37,train
-1.4187002274283553,0.6510084444584472,-1.3295581259956781,-0.8011191586255405,0.29118364925939805,-0.29563543031610523,-0.253015546676024,False,False,False,False,False,False,True,False,False,False,False,True,144.27,train
0.22805182118186598,1.1176844790664189,1.4964107077442377,-0.6454964768791874,-0.7995884860778595,-0.4090998681595303,0.20932064084953053,False,True,False,False,False,False,False,False,False,False,True,False,105.44,train
1.5945056487520495,1.586231494340059,-0.6575289521185033,-1.7406190521313003,-1.289322914188465,-0.28854390295089105,0.9970045158930672,False,False,True,True,False,False,True,False,True,False,False,False,93.84,train
-0.56028692549324,1.4902769144865295,-0.31289860654046486,1.118227249579478,1.0647414391159225,0.37096814201401807,0.0038378908381728775,False,True,False,False,True,False,False,False,True,False,False,False,166.66,train
0.10542134947684903,-1.4426189204237088,-1.43294722966909,1.1989204919664762,-1.3644526275917965,0.753910619735578,-0.8694637967100963,False,False,True,False,False,True,False,False,False,False,True,False,52.04,train
-0.47269373141822857,-0.015327955471491912,-1.7258830234104223,-0.15557321952955805,-1.3672352095696976,1.236134480570135,0.5689154533694057,False,False,False,False,False,True,False,False,False,False,False,True,66.16,train
0.876241457336953,0.3797162479366308,-0.5541398484450916,0.38046046204121275,-0.10394299160256783,1.5694362667351969,1.1511165784015858,True,False,False,False,False,False,True,False,False,True,False,False,116.69,train
1.576987009937046,-1.4185634547222667,-0.4335192274927782,1.5735676887632515,-1.4646255787962386,0.1794969031532378,1.3052286409101035,False,False,False,False,False,True,False,False,False,False,True,False,52.07,train
-0.682917397198257,-1.5987121645308422,-1.1917059877644625,-0.92792282523368,-0.6409813133374931,-0.3736422313334599,0.9970045158930672,False,False,True,False,False,False,False,False,False,True,False,False,70.97,train
-0.2799887044532022,0.7068705814762402,-0.8643071594653262,-0.6166774617409739,-1.660797608238271,-0.9055067837245158,-0.47562185918832806,False,False,False,True,False,False,False,True,False,False,True,False,67.55,train
0.3682009317018849,0.34256391757551513,1.2207064312818066,0.2882396135989299,-0.22776788961916947,1.654534595117766,-1.1605643592261863,False,False,False,True,False,False,False,False,False,False,True,False,121.66,train
-1.4187002274283553,-0.25882272496053116,0.858844568424866,0.3689328559859272,0.5290944083699478,1.5907108488308388,-1.0920701092224003,True,False,False,False,True,False,False,True,False,False,False,True,136.01,train
1.1915769560069949,-0.4673034277063605,-0.7092235039552092,-1.515830734053235,-1.0875857207906303,1.5339786299091265,0.7059039533769775,False,False,True,False,True,False,False,False,False,False,False,False,76.68,train
0.7886482632619416,-1.2696868503255654,1.3068640176763162,-1.3140976280857406,-1.4729733247299421,-0.9764220573766565,-1.5201591717460619,False,False,False,False,True,False,False,False,False,False,False,False,57.29,train
-0.9632156182382932,0.4818183356916397,-0.2439725374248568,-1.619579188550804,-0.7717626662988478,0.9737479680572145,-1.074946546721454,False,False,True,False,True,False,False,False,True,False,False,False,104.48,train
-0.6478801195682514,1.7337716839755686,1.1690118794451008,-0.5705670375198325,0.7363967657235848,0.49152410722265705,-1.4345413592413296,False,True,False,False,False,False,False,True,False,False,False,True,162.81,train
-0.4551750926032266,0.8477286973057937,0.9622336720982778,1.175865279855905,-1.5258423823100642,-1.572110356054639,-1.5372827342470083,False,True,False,False,True,False,False,False,False,False,True,False,82.68,train
1.4543565382320307,-0.3913950692706996,0.47975118828902386,-0.08640758319784592,-1.0931508847464328,1.3495989184135604,0.9798809533921211,False,False,True,False,True,False,False,False,True,False,False,False,71.12,train
-0.7880292300882703,1.045785364914332,0.04896325631647577,0.8127456891144151,1.0897846769170332,1.136853097457138,1.4079700159157826,False,True,False,True,False,False,False,False,False,False,False,False,171.7,train
0.22805182118186598,0.5203070808139463,0.39359360189451426,1.700371355371391,-0.430896374005955,1.5552532120047684,1.4764642659195681,False,False,False,False,True,False,False,False,False,False,True,False,120.18,train
-0.03472776104316987,-1.2667467378509447,-1.7086515061315206,1.5908590978461794,-1.3046271150669213,1.5127040478134843,0.05520857834101207,True,False,False,True,False,False,False,True,True,False,False,False,47.8,train
1.1565396783769908,0.1116314468416734,-1.2778635741589721,-0.005714340810848217,-0.09976911863571591,-1.3239068982721462,-0.40712760918454216,False,True,False,True,False,True,False,False,False,True,False,False,112.44,train
-0.4551750926032266,0.8450558677834112,-1.0021592976965417,-0.8645209919296103,1.551693285248627,-0.4374659776203868,0.4490505158627807,False,True,False,True,False,False,False,False,False,True,False,False,172.25,train
0.8061669020769435,-1.167852045522795,-1.4157157123901876,0.4438622953452821,1.053611111204318,1.214859898474493,0.20932064084953053,False,False,False,True,False,True,False,False,False,True,False,False,138.01,train
0.19301454355186046,0.5705562758347363,-1.0710853668121492,0.35740524993064166,0.6000502488064279,-1.0544288583940113,-0.9550816092148287,False,False,False,True,False,False,True,False,False,True,False,False,147.94,train
1.0864651231169813,-1.0983584779408517,0.01450022175867205,1.0548254162754087,0.4038782193643953,-0.2034455745683222,0.431926953361834,False,True,False,False,True,False,False,True,False,False,False,False,122.42,train
0.7536109856319361,-0.648253986371651,0.8760760857037682,-0.08064378017020314,-1.6691453541719743,0.23622912207495045,-0.2358919841750776,True,False,False,False,True,False,False,True,False,True,False,False,45.89,train
-0.43765645378822304,0.18994535184747843,0.4108251191734158,-1.5907601734125905,0.6195283226517357,-0.6147541617507387,0.2778148908533161,False,True,False,False,True,False,True,False,False,False,True,False,153.84,train
-1.7690730037284026,-0.07359563905942902,0.8071500165881601,0.5649021589257793,1.4612593709668389,0.25750370417059276,-0.6297339216968462,True,False,False,False,False,True,False,False,True,False,False,False,169.78,train
-0.5427682866782381,-1.460794161175909,-1.639725437015913,0.48997271956642435,-1.1084550856248891,1.4559718288917716,1.2024872659044246,False,False,True,False,False,False,True,False,False,False,False,True,67.1,train
-1.6639611708383877,1.3574372872241227,-1.2950950914378743,-1.3083338250580978,-1.4687994517630905,0.6546292366225811,0.5689154533694057,False,False,False,False,True,False,False,False,False,False,True,False,72.66,train
0.10542134947684903,1.2844690412630826,1.3413270522341194,-1.054726491841819,0.17570649717649983,0.8886496396746454,-1.3489235467365972,True,False,False,False,True,True,False,False,False,True,False,False,138.9,train
0.7360923468169341,0.2695956716144747,-0.5713713657239937,0.2306015833225029,-0.8455010887132287,-1.203350933063507,-0.064656359165613,False,False,False,False,True,False,True,False,False,False,True,False,88.0,train
0.5959432362969153,-0.5188890374883416,-1.2778635741589721,0.4265708862623542,-0.1693336680832451,-1.3168153709069321,-0.886587359211043,False,False,True,True,False,False,False,True,False,False,True,False,102.11,train
-0.8055478689032723,0.5884642336346981,-1.1400114359277573,1.429472613072184,-0.4531570298291643,-0.6643948533072371,1.0654987658968533,False,False,True,False,False,False,True,False,False,False,False,False,114.1,train
-1.5938866155783782,-1.5845461680622153,1.082854293050591,-1.7002724309378014,-0.6061990386137285,-1.2813577340808617,1.4079700159157826,True,False,False,False,False,False,False,False,False,True,False,False,81.03,train
-1.4362188662433575,-0.03029580079683357,1.6342628459754525,0.6628868103957053,-1.3616700456138955,-0.5225643060029557,0.19219707834858385,False,True,False,False,False,True,False,False,False,False,False,True,73.46,train
-1.5413306991333708,0.32572509158450563,1.5308737423020409,-1.389027067445096,-1.6301892064813581,-0.9480559479158002,-1.6229005467517406,False,False,True,False,True,False,False,True,False,False,False,True,61.58,train
-1.38366294979835,0.14103257158788013,1.3240955349552184,1.429472613072184,-0.6131554935584814,-0.5722049975594541,-1.4174177967403832,False,False,True,False,True,True,False,False,True,False,False,False,98.47,train
1.4543565382320307,-0.6602817192223719,1.4964107077442377,0.011577068272080125,1.1370885705413527,0.668812291353009,1.733317703433765,False,True,False,False,True,False,True,False,True,False,False,False,148.85,train
1.5945056487520495,-1.4613287270803856,0.7726869820303565,-1.5446497491914486,-1.6844495550504308,1.009205604883285,-0.27013910917697037,False,True,False,False,True,False,False,True,True,False,False,False,36.15,train
-0.4201378149732211,-0.040719835934124975,1.0483912584927875,0.9164941436119836,1.0285678734032075,-1.0615203857592255,1.630576328428086,True,False,False,True,False,False,False,False,False,False,True,False,157.97,train
-0.5778055643082419,0.09318892313723441,-0.6575289521185033,-1.0374350827588912,0.9965681806573442,1.2219514258397073,-1.14344079672524,False,False,False,False,True,False,False,False,False,True,False,False,154.61,train
1.0514278454869759,-1.0432981897797737,0.7899184993092586,1.1585738707729771,0.21883651783396785,-0.8842322016288735,-0.9037109217119895,False,False,True,True,False,True,False,False,True,False,False,False,118.3,train
-0.6128428419382475,-0.31682312559622994,-0.08888888191473973,-0.7146621132109,1.1732621362540683,-0.4445575049856007,0.4832976408646735,False,False,False,False,True,False,False,True,False,False,True,False,165.04,train
-0.6653987583832534,0.06699519381788674,-0.6058344002817975,0.1556721439631476,1.2692612144916582,-1.0969780225852959,0.020961453339119272,False,False,False,False,False,False,True,False,False,False,False,False,156.93,train
-1.0858460899433102,-0.7455449809863713,-1.570799367900305,1.562040082707966,-0.35715795159157393,-1.203350933063507,0.05520857834101207,False,False,True,False,True,False,False,False,False,False,True,False,101.23,train
0.3156450152568774,-0.7602455433594747,0.20404691182659282,1.660024734177892,-0.15681204918268976,-0.06161502726404069,0.8428924533845493,False,True,False,False,False,True,False,False,False,False,False,True,110.62,train
-0.7179546748282609,1.1756848797021178,-0.7436865385130129,-1.3602080523068825,0.6612670523202533,1.4843379383526276,1.6134527659271398,False,True,False,False,False,False,True,False,False,True,False,False,150.6,train
-0.3675818985282136,0.7565852105925531,-1.5535678506214032,-0.2535578709994841,1.053611111204318,-0.04034044516839841,-1.5886534217498478,False,False,True,False,False,False,False,True,False,False,False,True,160.4,train
0.8587228185219495,1.2371599587169135,-1.4501787469479914,-0.8126467646808261,-0.1707249590721956,0.8744665849442176,-0.9722051717157754,False,False,True,True,False,False,False,False,True,False,False,False,126.52,train
-0.8581037853482798,-1.6695421468739764,-1.226169022322267,-1.285278612947527,-0.33628858675731516,1.4063311373352734,-0.013285671662773519,False,False,False,True,False,False,True,False,True,False,False,False,83.82,train
-1.0858460899433102,-0.7377937753714623,1.3585585695130216,-0.29390449219298315,-1.6663627721940732,0.2504121768053786,0.4148033908608879,False,False,True,False,True,True,False,False,False,False,False,True,58.45,train
-1.1734392840183216,0.6908336043419456,-1.4674102642268936,1.0375340071924808,1.0494372382374662,-1.0402458036635833,0.5860390158703525,False,True,False,True,False,True,False,False,False,False,False,False,160.7,train
-0.2624700656382002,-1.7093673067574748,-0.1061203991936419,-0.46105477999462136,1.0410894923037628,1.2077683711092788,0.8086453283826566,True,False,False,True,False,False,True,False,True,False,False,False,134.94,train
0.5784245974819132,-1.6943994614321332,1.5997998114176482,0.6859420225062757,1.0856108039501813,-1.5437442465937825,-0.8694637967100963,False,True,False,False,False,False,False,False,True,False,False,False,136.11,train
0.210533182366864,0.7934702580014306,-0.9504647458598359,1.406417400961613,0.9311775041766666,-1.1253441320461521,0.7743982033807632,False,False,True,False,False,False,False,False,False,False,True,False,163.41,train
-1.4537375050583594,0.22469213563844997,1.1517803621661986,-0.23626646191655618,-0.36133182455842583,-1.4444628634807855,-0.5954867966949531,False,False,False,True,False,False,True,False,False,False,False,False,108.05,train
-0.19239551037819075,0.7924011261924779,1.1345488448872971,0.38046046204121275,-0.4670699397186701,-1.3451814803677886,-0.21876842167413119,False,True,False,False,True,False,False,True,False,False,False,False,103.01,train
-1.523812060318369,-1.1389854866810647,-1.3123266087167764,0.6340677952574918,-1.6566237352714193,1.2574090626657777,-1.5544062967479546,False,True,False,False,False,False,True,False,True,False,False,False,38.8,train
-1.0332901734983027,-0.030563083749071872,-0.4335192274927782,0.19025496212900386,1.1412624435082046,-1.3522730077330025,0.8257688908836026,False,False,False,True,False,False,True,False,False,False,False,True,162.43,train
-0.7529919524582663,1.667752794772723,-1.570799367900305,0.08074270460379226,-1.2100193278182818,-1.210442460428721,0.3634327033580484,False,False,False,True,False,False,False,True,False,False,True,False,91.4,train
0.5433873198519077,0.01567686698814401,1.4619476731864334,1.562040082707966,-1.5244510913211138,-1.0402458036635833,0.7230275158779242,False,True,False,True,False,False,True,False,False,False,False,True,71.94,train
-0.9106597017932873,1.487871367916385,0.583140291962435,-0.772300143487327,-1.5689724029675323,0.49152410722265705,-0.544116109192114,False,False,True,False,True,False,False,True,False,False,True,False,83.01,train
0.4032382093318888,1.115546215448513,-0.9504647458598359,1.0663530223306943,-0.691067788939714,0.4418834156661588,-1.3660471092375437,True,False,False,False,False,False,True,False,True,False,False,False,106.2,train
0.4733127645918983,1.6038721691877829,-1.226169022322267,-0.9394504312889652,-0.9762824416745837,0.8390089481181472,0.5860390158703525,False,False,True,True,False,False,False,False,False,True,False,False,92.3,train
0.33316365407187937,1.3972624471076212,-0.5196768138872878,-0.1959198407230571,-1.0068908434314965,0.5766224356052262,-1.640024109252687,False,True,False,False,False,False,True,False,False,False,False,True,102.64,train
-0.9807342570532968,0.3334762971994149,1.3068640176763162,1.642733325094964,1.4320422601988771,-1.0473373310287972,-0.42425117168548854,True,False,False,False,True,False,True,False,False,False,False,True,168.08,train
-1.1033647287583122,0.6707873829240775,-0.7609180557919145,0.5591383558981361,-1.3171487339674768,1.4843379383526276,0.9285102658892816,True,False,False,False,True,True,False,False,False,False,False,False,81.0,train
-1.5763679767633763,-0.7998034202907345,0.5314457401257298,-1.50430312799795,-1.439582340995128,0.6971784008138656,0.6545332658741381,False,False,True,False,True,False,True,False,False,False,False,False,55.87,train
-0.4026191761582191,0.48155105273940135,1.065622775771689,0.9798959769160538,0.2730968664030407,-0.9906051121070847,0.03808501584006567,False,False,True,False,False,False,True,False,False,False,True,False,135.36,train
-1.1384020063883176,0.843184887117744,-0.3301301238193664,-1.5561773552467342,-0.5032435054313852,-1.394822171924287,-1.1605643592261863,False,True,False,True,False,False,True,False,False,True,False,False,104.32,train
0.6835364303719267,0.3022041917875404,0.25574146366329875,1.1297548556347636,-0.7286326456413799,-0.3807337586986741,1.236734390906318,True,False,False,True,False,False,True,False,False,True,False,False,107.5,train
-0.9281783406082893,1.5934481340504911,0.3074360155000046,-1.1066007190906033,-1.5884504768128405,0.9595649133267862,1.3223522034110502,False,False,False,False,False,False,True,False,False,False,False,True,80.08,train
-0.2274327880081947,-0.3088046370290827,-0.6402974348396011,-0.2477940679718413,-1.091759593757482,0.42060883357051654,0.03808501584006567,False,False,True,False,True,True,False,False,False,False,False,True,82.35,train
-0.15735823274818525,1.5913098704325852,0.5486772574046312,-0.772300143487327,0.25779266552458396,-1.1040695499505098,0.4832976408646735,False,False,False,False,True,False,False,False,False,False,True,False,148.16,train
-0.9106597017932873,0.34416761528894463,1.3068640176763162,0.1326169318525769,1.6922136751326362,-1.3097238435417182,1.510711390921461,True,False,False,True,False,False,False,True,False,False,True,False,181.61,train
-1.243513839278331,1.2831326265018914,-0.7781495730708167,-1.3198614311133834,-1.3213226069343285,-0.8700491468984454,-1.1263172342242933,False,True,False,True,False,False,True,False,False,False,False,True,90.03,train
0.7711296244469381,-0.6648255294104218,-0.2956670892615627,1.1066996435241925,-0.905326601238104,-1.579201883419853,-0.9550816092148287,True,False,False,False,True,False,False,False,False,False,False,True,83.35,train
-0.3325446208982097,-0.6712403202641399,-1.2606320568800706,-0.19015603769541434,-0.09976911863571591,0.6759038187182231,-0.13315060916939891,False,True,False,True,False,False,True,False,False,False,False,True,105.9,train
0.33316365407187937,-0.6768532622611428,-0.15781495103034718,0.5303193407599226,-1.570363693956483,1.2503175353005633,1.4250935784167287,False,False,True,True,False,False,True,False,False,True,False,False,51.56,train
0.5959432362969153,-0.17329218024429346,0.23850994638439654,-1.0777817039523898,-0.6187206575142838,1.3637819731439886,-1.5372827342470083,False,True,False,False,False,False,False,True,False,False,False,True,98.74,train
-1.331107033353344,0.0632532324865514,-1.639725437015913,1.2623223252705456,-1.2002802908956276,-0.4871066691768853,1.133993015900639,False,True,False,False,False,False,True,False,False,False,True,False,70.1,train
-1.4887747826883648,1.112071537069416,-0.22674102014595524,1.619678112984393,-0.6799374610281094,0.8957411670398596,0.15794995334669104,False,False,False,True,False,False,False,False,False,False,False,False,102.57,train
0.22805182118186598,-0.9131313920397495,1.082854293050591,-1.5388859461638058,1.294304452292769,-1.3168153709069321,0.7059039533769775,False,False,True,False,True,True,False,False,False,False,False,False,148.41,train
-0.7705105912732684,-1.1034368540333783,0.6176033265202393,1.52745726454211,0.5179640804583434,-1.4231882813851433,0.8257688908836026,False,False,True,False,True,False,False,False,True,False,False,False,125.63,train
-1.6814798096533896,-0.15832433491895181,-1.536336333342501,1.521693461514467,-0.2820282381882423,0.470249525127015,0.32918557835615564,False,False,False,False,False,False,False,False,False,False,False,False,99.02,train
-0.1748768715631888,-0.3042608268410324,-0.1061203991936419,-0.7031345071556144,1.2177834479004868,-1.0402458036635833,-0.7153517342015785,False,False,True,False,False,False,False,True,False,False,False,True,161.77,train
0.9813532902269664,-0.4534047141899721,-1.2950950914378743,0.6974696285615611,0.1951845710218077,0.6333546545269386,1.099745890898746,False,True,False,False,False,True,False,False,True,False,False,False,128.05,train
-1.0332901734983027,1.525290981229739,1.668725880533257,-0.27661308311005484,1.284565415370115,0.20077148524888008,1.4422171409176754,True,False,False,False,True,True,False,False,False,False,False,False,181.31,train
0.43827548696189433,0.2901764589368195,0.25574146366329875,0.8819113254461277,0.6654409252871052,0.9595649133267862,-1.14344079672524,True,False,False,False,True,False,False,False,False,True,False,False,146.6,train
0.10542134947684903,1.4876040849641472,0.8416130511459639,0.7435800527827026,0.17848907915440085,-1.5224696644981406,1.510711390921461,False,False,False,True,False,False,True,False,True,False,False,False,141.25,train
-0.6653987583832534,0.2968585327427755,-1.570799367900305,0.6628868103957053,0.13675034948588333,0.647537709257367,-0.064656359165613,False,True,False,False,False,True,False,False,True,False,False,False,128.36,train
-1.1208833675733156,-0.06023149144751688,0.11788932543208322,-0.14404561347427292,0.024055779380886124,-1.1466187141417945,-0.9379580467138823,False,True,False,True,False,False,False,True,False,False,False,True,128.0,train
-0.6128428419382475,-1.164644650095936,0.7899184993092586,0.3977518711241407,-1.3881045744039564,1.1226700427267102,-0.6126103591958996,True,False,False,True,False,False,False,True,False,False,True,False,52.11,train
-0.5778055643082419,-1.4305911875729878,0.34189905005780835,1.354543173712829,-1.2044541638624795,-0.9055067837245158,-0.6468574841977927,False,True,False,True,False,False,False,True,False,True,False,False,63.39,train
-0.5778055643082419,-1.2699541332778037,0.47975118828902386,0.42080708323471183,-0.597851292680025,1.498520993083056,0.5689154533694057,False,False,True,False,True,False,False,True,False,False,False,False,83.44,train
0.2630890988118699,1.5327749038924103,-0.08888888191473973,1.469819234265683,0.8337871349501257,0.05894093794459856,-1.0920701092224003,False,True,False,False,False,False,False,True,False,False,False,True,164.63,train
-0.052246399858171845,-0.11235166713397422,1.410253121349728,-0.38036153760762365,1.3694341656961009,-0.42328292288995867,0.32918557835615564,False,False,False,True,False,False,False,False,False,False,True,False,163.13,train
-0.38510053734321714,-0.8850666820547342,-1.4846417815057957,-1.1988215675328866,-1.1613241432050112,0.8248258933877188,0.08945570334290516,False,True,False,False,False,True,False,False,False,False,False,False,68.4,train
-1.2785511169083366,-1.5546104774115321,-1.0366223322543455,1.3372517646299005,0.17570649717649983,-1.1891678783330788,-1.2461821717309187,False,False,True,False,True,True,False,False,False,True,False,False,116.73,train
-1.2610324780933346,-1.020311855887285,-1.1917059877644625,-0.3573063254970525,1.2650873415248072,-1.0827949678548676,1.0826223283977996,False,True,False,True,False,False,False,True,False,False,False,False,152.58,train
1.3142074277120117,0.3754397207008189,-1.5535678506214032,-0.9797970524824642,-0.13594268434843101,0.8886496396746454,1.1682401409025318,True,False,False,True,False,False,False,False,True,False,False,False,114.62,train
-1.2610324780933346,1.1251684017290902,-0.9160017113020321,-1.4697203098320937,0.40109563738649423,0.7255445102747219,-0.35575692168170264,False,False,False,True,False,False,True,False,False,False,False,False,148.07,train
0.3156450152568774,-0.8348174870339443,1.1690118794451008,-1.002852264593035,1.6546488184309704,-0.06870655462925487,0.5689154533694057,True,False,False,False,True,False,True,False,False,False,True,False,160.53,train
-0.56028692549324,1.0722463771859176,-0.8126126076286204,-1.7175638400207296,-1.7220144117520966,-0.09707266409011107,1.3223522034110502,False,False,True,False,True,False,False,True,False,False,False,False,67.4,train
-1.7165170872833952,-0.059429642590801975,-1.4157157123901876,1.0951720374689078,1.0591762751601206,1.4417887741613438,-1.2461821717309187,False,True,False,True,False,False,False,False,True,False,False,False,158.0,train
-1.5588493379483743,0.7600598889716501,-0.39905619293497446,-0.8184105677084684,0.7572661305578436,-0.9196898384549439,-0.5783632341940067,False,True,False,False,False,False,False,False,False,False,True,False,149.86,train
0.33316365407187937,-1.29026763764791,-0.9849277804176396,1.2392671131599753,-1.560624657033829,1.399239609970059,1.2196108284053713,False,False,False,False,True,True,False,False,False,False,False,True,51.11,train
-0.9807342570532968,-0.7067889529118261,0.18681539454769128,0.5476107498428513,-0.2124636887407131,0.9241072765007158,1.3394757659119962,True,False,False,True,False,False,False,False,False,False,False,True,96.28,train
-0.20991414919319273,0.7859863353387598,-1.1227799186488552,0.6801782194786332,-1.6274066245034569,-0.9125983110897299,0.4148033908608879,False,True,False,False,False,False,False,False,True,False,False,False,61.6,train
-0.017209122228167898,-0.03938342117293376,0.5659087746835335,-1.273751006892242,-0.7300239366303303,-0.9551474752810143,1.4764642659195681,False,False,False,False,True,False,True,False,False,False,False,True,100.44,train
-0.8055478689032723,0.43076729181413526,-0.14058343375144564,0.017340871299722907,1.6490836544751677,0.01639177375331425,-0.886587359211043,False,True,False,True,False,False,False,False,False,True,False,False,180.13,train
0.911278734966957,0.04454342582987441,0.5142142228468276,0.7839266739762016,1.4932590637127026,0.9241072765007158,1.4422171409176754,False,False,True,False,False,False,False,False,True,False,False,False,165.05,train
-0.47269373141822857,-0.5867789073568551,0.5486772574046312,-1.1815301584499587,-0.4253312100501526,-0.13962182828139563,-0.5098689841902209,True,False,False,True,False,False,False,False,False,True,False,False,92.18,train
-1.068327451128308,0.48262018454835426,1.3240955349552184,-1.4120822795556667,0.7586574215467942,0.6546292366225811,0.7401510783788704,False,True,False,False,True,False,True,False,False,True,False,False,150.26,train
0.7360923468169341,-0.3496989287215337,0.01450022175867205,-0.36883393155233807,-1.3950610293487093,-0.4871066691768853,-1.2804292967328115,True,False,False,False,False,False,True,False,False,True,False,False,64.9,train
-0.03472776104316987,-1.452241106704285,-0.03719433007803384,0.9741321738884106,-1.2253235286967383,0.023483301118528175,1.6648234534299795,True,False,False,False,False,True,False,False,False,False,False,False,55.06,train
0.6660177915569246,-0.6127053537239645,0.858844568424866,1.3718345827957572,-1.272627422321058,-0.2601777934900349,-1.1263172342242933,False,False,False,False,True,False,True,False,True,False,False,False,68.24,train
-0.47269373141822857,-0.9350485941232853,-0.9849277804176396,0.9971873859989817,1.0883933859280828,-1.302632316176504,-0.20164485917318478,False,False,False,False,True,False,False,False,True,False,False,False,151.59,train
-0.7705105912732684,0.5269891546199024,1.548105259580943,0.5130279316769947,1.2790002514143128,-0.8700491468984454,0.5004212033656202,False,False,True,False,False,False,False,False,False,False,False,False,171.78,train
-1.331107033353344,-0.40983759297513833,1.5997998114176482,-0.017241946866133367,0.2424884646461276,-0.7920423458810906,0.5689154533694057,False,False,False,True,False,False,True,False,False,False,True,False,124.93,train
0.10542134947684903,-1.362968600656712,-1.5535678506214032,1.6830799462884622,-0.7731539572877986,-1.7352154854545627,-0.8180931092072572,False,False,True,False,True,True,False,False,True,False,False,False,75.12,train
0.8587228185219495,0.4906386731155016,0.2729729809422009,0.5303193407599226,1.622649125685107,1.2857751721266337,-1.640024109252687,False,False,False,True,False,False,False,True,False,True,False,False,176.2,train
0.876241457336953,-0.5485574451867863,-1.4501787469479914,-1.054726491841819,-1.6329717884592592,-1.3522730077330025,1.4422171409176754,False,False,True,True,False,False,False,True,True,False,False,False,57.39,train
-1.6639611708383877,-1.5719838693070178,-0.39905619293497446,-1.0893093100076754,-0.009335204353927967,-0.827499982707161,1.4250935784167287,True,False,False,False,True,False,False,True,True,False,False,False,100.48,train
-1.6464425320233858,-0.6180510127687294,-0.08888888191473973,-1.2218767796434573,-0.3209843858788588,-1.0402458036635833,-0.40712760918454216,False,False,True,True,False,False,True,False,False,False,False,True,105.76,train
-1.5413306991333708,1.530369357322266,0.15235235998988694,-0.9567418403718935,-1.3950610293487093,-0.7069440174985216,-0.6297339216968462,False,False,False,False,False,False,True,False,False,False,False,False,96.22,train
-1.366144310983348,0.7172946166135313,-0.6058344002817975,0.32282243176478576,1.2762176694364111,0.569530908240012,1.4593407034186214,True,False,False,True,False,False,False,False,True,False,False,False,161.58,train
1.52443109349204,-0.6362262535209301,0.5314457401257298,0.20178256818428902,0.6682235072650061,-0.9409644205505862,1.7161941409328183,False,True,False,True,False,False,False,True,False,False,False,False,131.38,train
1.436837899417027,0.51522870472142,1.272400983118512,1.2738499313258311,1.6282142896409089,1.115578515361496,-0.08177992166655941,False,True,False,False,False,True,False,False,True,False,False,False,182.55,train
-1.5938866155783782,-1.4682780838385798,1.3413270522341194,-0.2535578709994841,1.263696050535856,-1.4231882813851433,1.2196108284053713,False,True,False,False,True,False,True,False,False,True,False,False,155.35,train
-0.20991414919319273,1.6744348685786792,-1.639725437015913,1.585095294818537,-0.9136743471718074,0.05894093794459856,-1.0578229842205076,False,False,True,False,True,False,True,False,False,False,True,False,100.84,train
0.4557941257768963,-0.5223637158674386,-1.605262402458109,1.25079471921526,1.2497831406463504,0.6829953460834373,0.6716568283750848,False,False,True,False,False,False,False,True,True,False,False,False,152.69,train
0.49083140340690024,-1.0681555043379303,1.7204204323699621,0.06345129552086433,0.3704872356295816,0.7042699281790793,-1.67427123425458,False,False,True,True,False,True,False,False,False,False,True,False,118.2,train
-0.2799887044532022,-0.1270522295070776,-0.6402974348396011,0.2651844014883588,1.43899871514363,0.8744665849442176,-0.013285671662773519,True,False,False,True,False,False,False,False,False,True,False,False,173.97,train
1.6470615651970555,0.615727094762999,-0.7953810903497188,-0.8645209919296103,1.3471735098728912,1.193585316378851,0.3805562658589951,True,False,False,False,True,False,True,False,False,False,False,True,171.31,train
0.9813532902269664,0.4975880298736956,1.5653367768598452,-0.19015603769541434,0.004577705535577871,0.22913759470973655,0.03808501584006567,False,True,False,False,False,True,False,False,False,True,False,False,124.96,train
0.49083140340690024,-1.106376966507999,0.13512084271098537,0.028868477355008058,0.017099324436133205,-0.6005711070203106,-0.9722051717157754,True,False,False,False,False,False,True,False,False,True,False,False,112.7,train
-0.4201378149732211,1.5667198388266668,1.1517803621661986,-1.1988215675328866,1.6574314004088715,1.0446632417093553,1.6134527659271398,True,False,False,False,True,False,False,False,False,False,False,True,191.36,train
1.3667633441570177,0.04267244516420659,0.8416130511459639,1.5505124766526803,-0.7481107194866878,0.6191715997965107,-0.2358919841750776,False,False,False,True,False,False,False,True,True,False,False,False,97.26,train
-0.682917397198257,-1.1924420771287132,-1.622493919737011,-0.29966829522062555,1.188566337132525,-0.5154727786377414,1.2881050784091568,False,False,False,False,False,True,False,False,False,False,True,False,145.84,train
-0.19239551037819075,-0.03483961098488382,-0.416287710213876,-1.060490294869462,0.6668322162760557,-0.12543877355096728,-0.6126103591958996,False,False,True,False,False,False,True,False,False,False,True,False,135.63,train
1.4718751770470326,-1.365106864274618,0.4108251191734158,-0.8529933858743247,0.5833547569390206,-0.09707266409011107,-0.253015546676024,False,True,False,False,False,True,False,False,False,True,False,False,124.97,train
1.682098842827061,-0.6634891146492307,-1.7086515061315206,0.2594205984607164,1.4376074241546792,-0.6998524901333075,-0.35575692168170264,True,False,False,False,False,True,False,False,False,False,False,False,168.22,train
0.052865433031841554,1.033757632063611,-0.6747604693974049,-0.8529933858743247,-0.82463172387897,0.93119880386593,-1.229058609229972,False,False,False,False,True,False,True,False,False,False,False,True,100.64,train
0.5609059586669097,0.48262018454835426,-0.1061203991936419,-1.216112976615815,-0.17489883203904752,-0.9976966394722987,-0.6297339216968462,False,False,True,False,True,True,False,False,False,False,True,False,115.09,train
1.3492447053420156,-0.7359227947057945,-0.7092235039552092,-0.31695970430355386,-0.6743722970723072,-1.2671746793504337,0.22644420335047663,False,False,True,False,True,False,False,False,False,False,True,False,86.37,train
1.0514278454869759,0.5919389120137958,1.1000858103294926,-1.4985393249703072,-1.382539410448154,0.2929613409966631,-0.6811046091996854,False,False,True,False,False,True,False,False,False,False,False,False,81.07,train
0.4557941257768963,1.4312073820418783,0.47975118828902386,-1.631106794606089,-0.5296780342214463,1.4276057194309153,-1.67427123425458,False,True,False,False,False,False,True,False,False,False,False,True,120.89,train
-1.366144310983348,0.7044650349060958,0.4625196710101217,-0.5878584466027604,-1.3449745537464883,-0.6076626343855245,1.6648234534299795,True,False,False,False,False,True,False,False,False,False,False,False,71.73,train
1.419319260602025,-0.9927817118067459,0.39359360189451426,-1.4236098856109518,-0.14429043028213442,-1.4657374455764278,-0.013285671662773519,False,False,False,False,False,False,False,False,False,False,False,True,102.57,train
-0.43765645378822304,-1.240553008531597,0.34189905005780835,-0.02876955292141893,-0.29315856609984714,0.37805966937923197,-0.08177992166655941,False,True,False,False,True,False,True,False,False,True,False,False,86.01,train
1.4018006217870231,0.24634205476974771,1.668725880533257,1.6254419160120352,1.373608038662952,1.491429465717842,1.4079700159157826,False,False,False,False,False,False,False,True,True,False,False,False,178.08,train
0.4207568481468908,-0.8316100916070857,1.2379379485607087,1.423708810044541,0.004577705535577871,-0.7565847090550202,1.4079700159157826,True,False,False,False,True,False,True,False,False,True,False,False,112.15,train
0.017828155401837607,-1.5500666672234822,-1.622493919737011,0.8819113254461277,0.5040511705688375,0.2858698136314489,1.3737228909138892,True,False,False,False,False,True,False,False,False,False,True,False,111.82,train
0.00030951658683563236,0.8888902719504833,-1.3467896432745803,1.3314879616022581,0.04909901718199639,-1.6997578486284923,0.2778148908533161,False,False,False,True,False,True,False,False,False,False,False,False,139.73,train
-0.7880292300882703,0.18005588261466332,1.289632500397414,-0.5705670375198325,-1.336626807812785,-0.2530862661248207,1.6648234534299795,True,False,False,False,True,False,True,False,True,False,False,False,72.84,train
-0.10480231630317932,0.014073169274714794,-1.226169022322267,0.43809849231763975,0.7071796549556226,-1.1466187141417945,-0.886587359211043,False,False,True,False,True,False,False,True,False,False,False,True,143.48,train
-1.068327451128308,0.7691475093477507,0.39359360189451426,-1.389027067445096,1.0995237138396872,0.08730704740545502,1.7161941409328183,False,False,False,False,True,False,False,True,False,False,False,True,173.05,train
0.07038407184684509,0.01594414994038231,-0.17504646830924936,0.9337855526949115,-0.7648062113540949,0.5127986893182996,1.6476998909290328,False,False,True,True,False,False,True,False,False,False,False,False,87.5,train
-1.1208833675733156,0.9861812665652039,-0.07165736463583756,1.0663530223306943,0.9158733032982103,-1.4373713361155713,1.579205640925247,False,False,False,True,False,False,False,True,True,False,False,False,161.9,train
0.00030951658683563236,-0.1567206372055226,1.3585585695130216,-0.8645209919296103,-1.7498402315311081,1.4063311373352734,1.4935878284205149,True,False,False,False,True,False,False,True,False,True,False,False,55.61,train
1.436837899417027,-1.459725029366956,0.5314457401257298,-1.6599258097443026,-1.4785384886857444,0.5411647987791558,1.5620820784243004,False,True,False,False,False,True,False,False,False,False,False,False,52.65,train
1.699617481642063,-0.47211452084664907,-0.3301301238193664,0.6052487801192783,1.624040416674057,1.4843379383526276,0.29493845335426283,False,False,True,False,True,False,True,False,False,False,True,False,171.53,train
1.3317260665270136,-0.4368331711512009,0.2729729809422009,-0.887576204040181,-0.6215032394921848,-1.0757034404896537,-0.1845212966722381,False,False,True,False,True,False,True,False,False,False,False,False,94.44,train
1.6470615651970555,0.6317640718972937,-0.8298441249075226,1.585095294818537,1.117610496696045,-0.7069440174985216,-1.485912046744169,True,False,False,False,False,True,False,False,False,False,False,True,152.33,train
-0.9456969794232912,0.47968007207373353,0.4452881537312201,0.0461598864379364,1.1384798615303036,0.49152410722265705,0.5860390158703525,False,True,False,False,False,False,False,False,False,False,False,True,166.18,train
0.8236855408919456,-0.8270662814190354,0.3246675327789062,-1.389027067445096,0.40248692837544475,0.18658843051845198,-0.253015546676024,False,False,False,False,True,True,False,False,False,True,False,False,128.39,train
0.3156450152568774,1.7201402534114183,-1.226169022322267,-1.6426344006613747,-0.07750846281250665,-0.4161913955247445,0.8086453283826566,True,False,False,True,False,False,False,True,False,False,True,False,131.01,train
0.9813532902269664,0.7346680085090171,-1.6741884715737165,-0.7895915525702549,-0.5185477063098416,0.2149545399793082,-1.0920701092224003,True,False,False,False,False,False,False,True,False,False,False,True,105.47,train
0.6134618751119172,0.8672403528191859,-1.1227799186488552,-0.005714340810848217,0.8630042457180879,-0.636028743846381,-1.14344079672524,False,False,True,True,False,False,False,True,False,False,False,True,157.59,train
1.3142074277120117,-1.2937423160270074,1.548105259580943,-1.1930577645052438,0.20909748091131353,1.4772464109874142,-0.44137473418643497,False,False,False,False,True,False,False,True,False,True,False,False,111.08,train
0.1579772659218565,0.418472276011176,-0.7609180557919145,-0.7953553555978977,-0.8997614372823016,1.1226700427267102,0.20932064084953053,False,False,False,True,False,False,True,False,False,False,False,False,85.22,train
0.2981263764418754,-1.5241402208563728,-0.08888888191473973,-0.985560855510107,-0.9846301876082871,1.0730293511702116,1.6648234534299795,False,False,False,False,True,False,True,False,False,False,True,False,65.84,train
0.6309805139269191,0.721036577944867,1.70318891509106,-0.9048676131231089,0.9965681806573442,1.3779650278744167,-0.5269925466911672,False,False,False,True,False,True,False,False,False,True,False,False,163.04,train
1.3667633441570177,0.3308034676770325,0.9450021548193757,0.6340677952574918,0.9423078320882714,-1.763581594915419,-0.5098689841902209,False,True,False,True,False,False,True,False,False,False,False,False,154.53,train
1.6295429263820536,0.8389083598819318,-0.9332332285809337,1.1124634465518357,-0.84828367069113,0.34260203255316163,0.9456338283902277,False,True,False,True,False,True,False,False,False,False,True,False,98.69,train
1.6470615651970555,-1.700814252285851,-0.0027312955202301193,-1.158474946339388,-1.4576691238514856,0.023483301118528175,-0.47562185918832806,False,False,False,False,False,False,True,False,False,False,False,True,47.02,train
-1.6289238932083838,-0.3537081730051073,-0.6230659175606996,0.23636538635014528,0.3078791411268053,0.3213274504575193,0.20932064084953053,True,False,False,False,True,True,False,False,False,False,False,False,127.25,train
0.4557941257768963,1.5482773151222284,1.1000858103294926,-0.7665363404596842,0.6710060892429076,-0.175079465107466,1.3737228909138892,False,False,False,True,False,False,False,True,False,False,True,False,171.18,train
0.10542134947684903,-1.4853841927818274,-0.1061203991936419,1.504402052431539,-0.0983778276467654,0.7397275650051497,-0.6468574841977927,True,False,False,False,False,False,False,True,False,True,False,False,89.85,train
-1.7165170872833952,-1.4089412684416898,1.4447161559075312,0.8300370981973431,-0.016291659298680886,-0.8204084553419468,-1.3660471092375437,False,True,False,False,False,True,False,False,True,False,False,False,105.7,train
1.3842819829720212,0.6798750033001774,1.289632500397414,-0.772300143487327,0.7503096756130907,-0.16089641037703767,0.05520857834101207,False,True,False,False,False,False,True,False,False,False,False,True,147.94,train
1.3492447053420156,0.3583336117575714,1.1000858103294926,-1.5100669310255923,0.10753323871792114,0.5978970177008682,1.0654987658968533,False,True,False,False,False,False,False,False,True,False,False,False,121.14,train
-0.13983959393318326,-1.6420120027934375,-1.2434005396011685,0.5245555377322803,-1.4048000662713636,1.370873500509203,0.020961453339119272,False,False,True,True,False,True,False,False,False,False,False,False,43.76,train
0.8412041797069475,1.12062459154104,0.6348348437991409,0.7147610376444892,-1.6705366451609251,0.4277003609357305,1.596329203426193,False,False,False,True,False,False,True,False,False,False,False,True,71.07,train
-0.47269373141822857,0.44065676104695,-0.8470756421864241,-0.05182476503198964,0.8950039384639514,0.6900868734486515,0.534668328367513,False,False,True,False,False,True,False,False,False,False,False,True,148.26,train
-0.43765645378822304,0.38720017059930145,-1.3640211605534818,0.4784451135111388,1.4612593709668389,-1.7423070128197766,0.4490505158627807,False,True,False,False,False,False,True,False,False,False,True,False,175.23,train
0.7010550691869286,1.4568665454567493,-0.8126126076286204,0.04039608341029362,-1.2308886926525404,-0.5438388880985979,-0.7838459842053641,False,False,True,False,False,False,False,False,True,False,False,False,93.09,train
0.911278734966957,0.47112701760210995,-1.5018732987846972,-0.1959198407230571,0.7350054747346344,0.24332064944016463,-1.297552859233758,False,False,True,True,False,False,False,False,False,False,False,True,153.97,train
-0.8405851465332778,-0.6426410443746479,0.9966967066560816,-0.2477940679718413,0.24805362860193003,-1.0544288583940113,1.0654987658968533,False,False,True,False,True,False,True,False,True,False,False,False,119.03,train
1.4893938158620346,-0.12304298522350393,1.3930216040708259,-1.3140976280857406,0.8449174628617305,1.4063311373352734,-1.0235758592186146,False,True,False,True,False,True,False,False,False,False,True,False,152.38,train
0.8061669020769435,0.21506994935787319,1.7204204323699621,0.6859420225062757,-0.2124636887407131,-1.4231882813851433,1.4764642659195681,False,False,False,True,False,True,False,False,False,False,False,False,124.58,train
0.6484991527419227,-0.2262142047874657,0.37636208461561205,0.6398315982851343,1.2470005586684494,-1.0969780225852959,-0.30438623417886346,False,True,False,False,False,True,False,False,False,False,True,False,155.92,train
0.893760096151955,-0.8046145134310231,0.18681539454769128,-1.3659718553345248,0.6918754540771663,0.6120800724312966,0.5689154533694057,True,False,False,True,False,False,True,False,False,False,True,False,137.77,train
0.9813532902269664,-0.23209442973670688,-1.5018732987846972,-0.6916069011003293,-0.14985559423793685,0.5624393808747978,0.19219707834858385,False,True,False,False,False,True,False,False,True,False,False,False,111.95,train
0.3156450152568774,1.1401362470544316,0.15235235998988694,-1.0835455069800326,-0.15402946720478874,-0.5083812512725275,-1.0406994217195609,False,True,False,True,False,True,False,False,False,False,False,False,125.79,train
-0.47269373141822857,-0.6044195822045793,-1.5535678506214032,1.4986382494038966,-1.0611511920005692,1.5907108488308388,0.5517918908684597,True,False,False,False,True,True,False,False,False,False,False,True,68.13,train
-1.7690730037284026,-0.12304298522350393,-0.2956670892615627,-1.619579188550804,1.1510014804308586,-1.5011950824024982,1.1511165784015858,True,False,False,False,False,False,False,False,False,True,False,False,156.3,train
0.7536109856319361,-1.7144456828500014,-0.20950950286705308,-0.9336866282613224,1.5224761744806652,-1.2955407888112898,0.46617407836372743,False,False,False,False,True,False,False,True,False,False,False,False,160.71,train
-0.5778055643082419,-1.4142869274864547,-0.416287710213876,-0.7492449313767563,0.07135967300520606,-1.2742662067156478,0.17507351584763745,False,True,False,False,False,False,False,False,False,False,True,False,106.59,train
-0.4551750926032266,0.8354336815028347,-1.6741884715737165,-1.3832632644174532,0.7391793477014863,1.0517547690745694,-0.42425117168548854,False,False,False,False,True,False,False,False,True,False,False,False,151.26,train
-0.4026191761582191,0.8300880224580699,1.3585585695130216,-0.8184105677084684,1.372216747674002,-0.7707677637854483,1.2709815159082107,False,False,False,False,True,True,False,False,False,False,False,False,173.19,train
0.12293998829185102,0.20090395288924645,1.427484638628629,-0.9913246585377493,1.3193476900938796,-1.1040695499505098,1.236734390906318,False,False,True,True,False,False,False,True,False,True,False,False,170.96,train
-0.3150259820832077,-1.6163528393785664,-1.105548401369953,0.9798959769160538,0.7405706386904367,-1.777764649645847,-0.40712760918454216,True,False,False,False,True,False,False,False,False,False,True,False,131.55,train
-0.7529919524582663,-1.6086016337636573,0.4625196710101217,-0.5475118254092618,1.46404195294474,1.7112668140394784,0.20932064084953053,False,False,True,True,False,False,False,True,False,False,False,False,155.54,train
0.4733127645918983,-0.23262899564118347,0.47975118828902386,-0.9163952191783945,-0.14707301226003583,-1.6713917391676358,-0.47562185918832806,False,False,False,False,False,True,False,False,False,False,True,False,105.01,train
-0.8931410629782853,-1.6155509905218515,0.9450021548193757,0.24789299240543086,1.2762176694364111,-0.45874055971602906,1.2709815159082107,True,False,False,False,True,False,False,False,False,True,False,False,146.17,train
0.5433873198519077,-0.9182097681322762,-1.1917059877644625,0.6744144164509901,1.1329146975745017,0.10858162950109704,-1.5886534217498478,True,False,False,True,False,False,False,True,False,False,True,False,147.6,train
0.9463160125969625,0.7071378644284783,-0.22674102014595524,-0.0633523710872752,-0.3182018039009574,1.1226700427267102,1.733317703433765,False,False,False,False,True,False,True,False,False,True,False,False,112.73,train
0.12293998829185102,1.0439143842486642,-0.45075074477168037,-0.772300143487327,0.8407435898948786,0.15822232105759576,1.1511165784015858,False,False,True,False,False,True,False,False,True,False,False,False,167.06,train
1.1565396783769908,0.45108079618424174,-1.1227799186488552,-0.12099040136370219,-0.15402946720478874,1.2503175353005633,-1.3831706717384902,False,False,False,True,False,False,False,True,False,True,False,False,117.02,train
1.576987009937046,0.8097745180879636,0.11788932543208322,0.9280217496672691,-0.9289785480502638,1.7467244508655488,1.579205640925247,False,False,False,False,False,False,False,True,False,True,False,False,95.07,train
0.24557045999686794,0.9305864124996489,-0.08888888191473973,1.0317702041648376,1.0104810905468502,1.108486987996282,0.29493845335426283,False,False,True,False,False,False,False,True,False,False,False,False,173.6,train
0.08790271066184706,0.9492962191563259,0.583140291962435,0.8876751284737701,1.5029981006353563,1.3637819731439886,-1.2119350467290257,True,False,False,False,False,False,False,True,False,False,True,False,181.67,train
1.5945056487520495,-1.3627013177044738,-0.5024452966083857,1.0087149920542673,-1.5731462759343842,1.0021140775180708,1.2196108284053713,True,False,False,False,False,False,False,False,False,True,False,False,41.45,train
0.4032382093318888,-1.2798436025106186,1.117317327608395,1.52745726454211,1.5224761744806652,0.06603246530981273,-1.3146764217347044,False,True,False,True,False,True,False,False,False,False,True,False,166.49,train
1.2966887888970082,-1.6013849940532245,-1.639725437015913,-0.40341674971819436,-1.4687994517630905,-1.7423070128197766,1.4079700159157826,False,False,False,False,False,False,False,False,False,False,False,True,50.42,train
-1.0508088123133061,-1.6425465686979142,-0.5541398484450916,-0.7665363404596842,1.6922136751326362,-0.8700491468984454,1.4250935784167287,False,False,True,False,True,True,False,False,True,False,False,False,165.94,train
0.2981263764418754,-0.9791502812425954,1.1862433967240023,0.9107303405843412,0.13953293146378434,-0.6218456891159526,-0.37288048418264935,False,True,False,True,False,True,False,False,False,False,False,True,113.64,train
-1.6114052543933803,-1.0232519683619055,-1.3295581259956781,-1.1238921281735317,-1.2169757827630345,-0.39491681342910223,1.099745890898746,True,False,False,False,True,False,False,True,False,True,False,False,59.23,train
-0.4201378149732211,1.1249011187768516,1.2034749140029044,-0.7780639465149698,-0.3877663533484866,-0.3736422313334599,1.133993015900639,True,False,False,False,True,False,True,False,True,False,False,False,112.88,train
-0.8405851465332778,1.686729884381638,0.39359360189451426,-0.92792282523368,-0.9985430974977929,0.009300246388100073,1.7161941409328183,False,False,True,True,False,False,False,False,False,True,False,False,100.51,train
0.1754959047368585,-0.48841878093318164,1.4619476731864334,0.028868477355008058,-1.0806292658458774,0.18658843051845198,-0.8180931092072572,False,True,False,True,False,False,True,False,False,False,True,False,75.85,train
1.016390567856972,-0.662687265792516,0.583140291962435,1.2277395071046897,-0.2820282381882423,-0.4374659776203868,0.7401510783788704,False,True,False,False,True,False,False,False,False,True,False,False,94.13,train
-0.7880292300882703,-0.33499836634843033,1.3068640176763162,-1.4754841128597365,0.0157080334471827,0.20077148524888008,-0.886587359211043,False,False,False,False,False,False,True,False,False,True,False,False,119.02,train
0.3682009317018849,0.6739947783509359,-0.7092235039552092,1.060589219303051,-1.2406277295751946,1.5056125204482702,-1.194811484228079,True,False,False,False,True,False,True,False,False,True,False,False,83.67,train
1.3667633441570177,-0.8901450581472607,-0.9504647458598359,1.6312057190396785,-0.3460276236799691,-0.6147541617507387,0.4148033908608879,False,False,False,True,False,False,False,False,False,True,False,False,86.88,train
0.8412041797069475,0.8867520083325775,0.6003718092413372,0.43233468928999735,0.588919920894823,-0.827499982707161,-1.263305734231865,False,True,False,False,False,False,True,False,False,False,False,True,152.75,train
0.8061669020769435,0.07795379485965476,-0.5713713657239937,1.233503310132332,1.2497831406463504,0.22204606734452237,0.2606913283523694,True,False,False,False,False,False,False,False,False,True,False,False,166.84,train
-1.2785511169083366,-0.9502837224008653,-0.15781495103034718,-0.5244566132986911,0.4803992237566774,-0.9976966394722987,1.6819470159309255,True,False,False,False,False,False,True,False,True,False,False,False,120.41,train
0.43827548696189433,-0.4632941834227869,-1.4157157123901876,1.5735676887632515,1.0730891850496265,-0.7920423458810906,0.8600160158854955,False,False,False,False,True,False,False,False,False,False,False,True,144.41,train
-0.3500632597132116,-0.2601591397217224,-0.26120405470375896,-1.619579188550804,0.3120530140936568,-1.118252604680938,-0.5269925466911672,False,False,True,False,False,False,False,True,False,False,False,False,118.75,train
-1.3135883945383404,-0.2892929815156908,0.01450022175867205,-1.4236098856109518,1.0188288364805536,0.44897494303137275,0.05520857834101207,True,False,False,False,True,True,False,False,False,False,True,False,155.59,train
0.4032382093318888,-0.25080423639338384,0.8243815338670623,0.5187917347046379,1.0327417463700594,1.5694362667351969,-1.67427123425458,False,False,False,False,True,False,True,False,True,False,False,False,150.81,train
-1.2960697557233385,-1.1761378170421806,-1.3467896432745803,0.32858623479242816,-1.0277602082657553,0.6191715997965107,1.630576328428086,False,False,True,False,False,True,False,False,False,False,False,True,62.36,train
0.9813532902269664,0.5106848945333697,0.47975118828902386,-1.1527111433117452,0.5374421543036516,0.3993342514748743,0.32918557835615564,True,False,False,False,True,False,False,True,False,False,False,True,141.62,train
-0.49021237023323055,0.5812475939242661,-1.6741884715737165,0.19025496212900386,-1.4618429968183375,-0.834591510072375,-1.0578229842205076,False,False,False,False,True,False,True,False,False,True,False,False,70.04,train
-0.7705105912732684,0.6900317554852304,-1.1227799186488552,0.6859420225062757,0.8087438971490154,0.19367995788366615,0.29493845335426283,False,False,False,True,False,False,False,False,False,False,False,True,155.36,train
0.00030951658683563236,-1.6120763121427542,1.427484638628629,0.6917058255339188,-0.5074173783982371,-1.1395271867765802,0.3976798283599412,False,False,True,False,False,False,False,True,False,True,False,False,87.5,train
0.08790271066184706,1.1465510379081496,1.3757900867919237,-0.9394504312889652,0.24805362860193003,0.3142359230923054,-1.5886534217498478,True,False,False,False,True,False,False,True,False,True,False,False,144.73,train
-0.03472776104316987,-1.0531876590125888,-0.7092235039552092,-1.2103491735881722,-0.07611717182355615,-1.1749848236026506,-0.663981046698739,True,False,False,False,False,False,True,False,True,False,False,False,106.28,train
0.19301454355186046,1.6132270725161213,-0.48521377932948406,1.0260064011371952,-1.18219350803927,0.19367995788366615,-1.0235758592186146,False,False,False,False,False,False,False,True,False,True,False,False,98.53,train
-1.2960697557233385,-0.30158799731865,0.5314457401257298,0.6513592043404197,0.5499637732042065,0.01639177375331425,0.9970045158930672,False,False,True,False,True,False,False,True,False,False,False,True,133.59,train
-1.7165170872833952,0.4243525009604175,-0.3818246756560723,-0.12099040136370219,0.7169186918782766,0.1227646842315254,1.03125164089496,False,False,True,True,False,False,False,True,False,False,False,False,152.7,train
-1.243513839278331,0.012469471561285276,-1.3123266087167764,0.29400341662657226,-1.332452934845933,1.6899922319438363,1.596329203426193,True,False,False,True,False,True,False,False,False,False,False,False,71.05,train
1.3842819829720212,0.21106070507429955,1.2551694658396098,0.9395493557225547,-1.1265418684812467,1.491429465717842,-1.4687884842432224,True,False,False,False,True,False,False,True,False,False,True,False,85.47,train
0.210533182366864,-0.5747511745061342,-0.019962812799132288,-0.8991038100954665,1.5558671582154788,0.20077148524888008,1.0483752033959066,False,False,True,False,False,False,False,True,True,False,False,False,160.76,train
-0.4201378149732211,-0.46302690047054856,-1.1400114359277573,-0.45529097696697857,-1.703927628895739,-1.5224696644981406,-0.9722051717157754,False,False,False,False,True,False,False,False,False,False,False,False,51.72,train
1.2966887888970082,-1.211953732642105,-0.7436865385130129,1.5332210675697524,-0.16376850412744268,-0.9267813658201579,-0.5269925466911672,False,False,False,True,False,False,True,False,False,True,False,False,100.9,train
-1.8041102813584067,-1.3303600804836466,0.18681539454769128,0.7262886436997746,0.32596592398316265,0.5978970177008682,-1.5715298592489013,False,True,False,False,True,True,False,False,False,True,False,False,117.48,train
-0.4201378149732211,0.08998152771037568,1.0139282239349832,0.9395493557225547,0.8198742250606199,0.3284189778227335,1.0654987658968533,False,False,True,True,False,False,False,False,False,False,False,True,153.41,train
-0.12232095511818131,0.7611290207806034,1.70318891509106,0.24789299240543086,1.195522792077278,0.8461004754833609,0.31206201585520893,False,True,False,False,True,False,False,False,False,False,True,False,174.28,train
0.5433873198519077,-0.2812744929485435,-0.8126126076286204,1.3141965525193302,1.1760447182319693,-1.664300211802422,-1.331799984235651,False,False,False,True,False,False,False,True,False,True,False,False,160.55,train
1.5419497323070421,0.11323514455510263,1.668725880533257,0.9222579466396268,-0.15820334017164028,-0.6643948533072371,-1.1776879217271328,False,True,False,False,True,False,False,True,False,False,False,False,119.21,train
1.6120242875670514,0.18593610756390477,1.7204204323699621,1.3141965525193302,0.06857709102730465,0.7822767291964343,0.0038378908381728775,True,False,False,True,False,False,False,True,False,False,False,False,123.33,train
-0.2274327880081947,0.3620755730889067,0.7899184993092586,1.0894082344412646,0.936742668132469,1.3566904457787745,1.2196108284053713,False,False,False,False,True,False,True,False,False,True,False,False,155.56,train
-0.8055478689032723,1.4090228970061036,1.7204204323699621,-0.6512602799068302,-1.560624657033829,1.370873500509203,0.15794995334669104,True,False,False,True,False,False,False,True,False,False,False,False,78.04,train
-0.7880292300882703,-0.860743933401054,0.5486772574046312,0.8185094921420575,-0.11924719248102417,0.18658843051845198,-1.1091936717233468,False,False,False,False,True,False,False,True,False,True,False,False,101.68,train
-1.5413306991333708,1.2777869674571265,-0.7264550212341108,0.8530923103079142,0.04353385322619437,0.9241072765007158,-1.1605643592261863,False,False,True,False,False,True,False,False,True,False,False,False,143.76,train
-0.6128428419382475,-1.5067668289608869,0.39359360189451426,0.7435800527827026,-0.12063848346997467,0.38515119674444614,1.236734390906318,True,False,False,True,False,False,True,False,True,False,False,False,98.48,train
0.28060773762687347,-0.45420656304668666,-0.019962812799132288,1.3199603555469726,-0.9025440192602028,0.668812291353009,-0.7153517342015785,False,False,True,False,True,False,False,False,False,True,False,False,76.63,train
0.8061669020769435,-0.9999983515171784,-0.26120405470375896,-0.48410999210519207,0.502659879579887,-0.42328292288995867,1.4764642659195681,False,True,False,False,False,False,True,False,False,False,False,False,125.1,train
-1.243513839278331,0.5435606976586735,0.583140291962435,-1.043198885786534,1.5600410311823307,1.2290429532049214,-1.0406994217195609,True,False,False,False,True,False,False,False,False,False,False,True,179.19,train
-0.017209122228167898,1.6332732939339896,0.7726869820303565,0.9337855526949115,-1.1098463766138396,-0.6147541617507387,0.3976798283599412,False,True,False,False,False,True,False,False,True,False,False,False,94.42,train
0.33316365407187937,0.586593252969031,-1.2606320568800706,1.5562762796803236,0.21048877190026444,-0.13962182828139563,0.431926953361834,False,False,False,True,False,False,False,True,False,False,False,False,128.66,train
-1.7340357260983972,-1.2616683617584181,1.1517803621661986,1.3026689464640446,-0.7634149203651444,1.2503175353005633,0.7915217658817099,False,False,True,True,False,False,False,True,True,False,False,False,79.95,train
1.1039837619319834,0.19422187908329036,0.7382239474725527,-0.5359842193539762,-0.34741891466892,1.5836193214656251,0.07233214084195877,False,False,True,True,False,False,True,False,False,False,False,False,110.0,train
-0.5252496478632345,0.36367927080233625,-0.1922779855881515,0.10379791671436339,-1.2628883853984039,0.8177343660225047,-1.263305734231865,False,False,False,False,True,False,False,False,False,False,True,False,77.95,train
0.6309805139269191,-0.6399682148522654,0.3074360155000046,-0.29390449219298315,-0.13594268434843101,-0.3381845945073896,0.03808501584006567,True,False,False,False,True,False,False,True,False,False,False,True,105.32,train
1.2090955948219968,-1.3426550962866057,-1.5018732987846972,-1.2449319917540285,-0.6938503709176153,0.8886496396746454,0.9113867033883349,True,False,False,True,False,True,False,False,False,False,True,False,75.04,train
-1.6639611708383877,0.8824754810967652,-0.3301301238193664,1.504402052431539,-1.3908871563818577,0.8602835302137892,0.9798809533921211,True,False,False,True,False,False,False,True,False,False,False,False,82.94,train
-1.243513839278331,1.2711048936511704,-0.9504647458598359,-1.4409012946938802,-1.5077555994537066,1.392148082604845,-0.6982281717006318,False,False,False,False,False,False,False,True,False,False,True,False,74.03,train
-1.366144310983348,0.2503512990533214,-0.4679822620505819,0.904966537556698,0.7043970729777217,-1.1678932962374367,-0.047532796664666616,False,False,True,False,False,False,False,True,True,False,False,False,145.49,train
-0.9982528958682987,1.659467023253337,0.13512084271098537,-1.0662540978971047,1.3374344729502372,1.4843379383526276,0.7059039533769775,False,False,False,False,True,False,False,False,False,True,False,False,181.76,train
-0.8055478689032723,-0.25989185676948406,-1.0366223322543455,-0.7031345071556144,-1.7289708666968495,-0.7140355448637357,0.9627573908911744,False,False,False,False,False,True,False,False,False,False,False,False,48.92,train
-0.0872836774881758,0.9626603667682381,-0.26120405470375896,1.596622900873822,0.6570931793534017,0.05184941057938463,1.2709815159082107,False,False,True,False,True,True,False,False,False,True,False,False,154.15,train
-1.1734392840183216,-0.04820375859679596,0.858844568424866,-1.6080515824955184,-0.40028797224904195,-1.763581594915419,-1.4687884842432224,False,True,False,False,False,False,True,False,False,False,False,True,105.71,train
-0.8756224241632817,-1.0518512442513976,-1.4674102642268936,-0.10946279530841663,-1.4813210706636455,-0.13962182828139563,1.4764642659195681,False,False,False,False,False,True,False,False,False,False,True,False,55.42,train
-1.208476561648327,-0.42427087239600336,-1.398484195111286,1.5793314917908938,0.6723973802318581,0.8602835302137892,1.4935878284205149,False,False,True,False,True,False,False,False,False,False,False,True,138.57,train
-1.6814798096533896,-1.3399822667642232,0.9794651893771794,0.3170586287371434,0.760048712535745,0.4418834156661588,0.24356776585142334,False,False,False,False,True,False,False,True,False,False,True,False,133.19,train
-0.7179546748282609,-1.0879344428035604,-0.48521377932948406,-0.8818124010125382,-0.33628858675731516,0.7184529829095077,0.5860390158703525,False,False,True,False,False,False,True,False,True,False,False,False,89.82,train
-0.9106597017932873,0.6467319172226356,0.7209924301936506,1.0721168253583366,1.608736215795601,-1.196259405698293,-1.2119350467290257,False,False,False,False,False,False,False,True,False,True,False,False,185.99,train
-1.6464425320233858,1.732702552166616,-1.7086515061315206,0.5533745528704938,-1.115411540569642,-1.0827949678548676,1.3223522034110502,True,False,False,True,False,False,False,True,False,False,False,False,83.71,train
-0.8405851465332778,0.8632311085356122,-1.2434005396011685,1.3026689464640446,-0.09976911863571591,0.5340732714139416,1.0141280783940139,True,False,False,True,False,False,False,True,False,False,True,False,132.4,train
-0.3500632597132116,-1.1887001157973778,1.4447161559075312,1.4410002191274696,-0.7369803915750832,0.15822232105759576,1.253857953407264,False,False,True,False,True,False,True,False,False,False,True,False,78.67,train
0.10542134947684903,1.5546921059759458,1.6342628459754525,-1.5849963703849477,1.6769094742541795,1.2857751721266337,1.1511165784015858,False,False,True,False,True,False,False,False,False,False,False,True,202.2,train
-1.0508088123133061,0.7140872211866722,0.858844568424866,1.2277395071046897,-0.7091545717960716,0.7964597839268627,-0.8352166717082036,True,False,False,False,False,False,False,True,False,False,False,False,107.57,train
0.4733127645918983,-0.7172129880491175,-1.3123266087167764,-0.5763308405474753,0.8212655160495704,-0.8984152563593018,-0.8009695467063108,True,False,False,True,False,False,True,False,False,True,False,False,150.6,train
0.6835364303719267,1.4277327036627805,-1.0538538495332477,-1.5792325673573049,1.7061265850221419,-1.5082866097677121,0.7059039533769775,False,False,True,True,False,False,False,True,False,False,False,False,187.06,train
0.052865433031841554,-0.7380610583237006,0.9450021548193757,0.034632280382650836,0.9826552707678384,-0.6289372164811667,0.5004212033656202,False,False,True,False,True,True,False,False,False,False,True,False,135.77,train
-0.7004360360132589,1.4141012730986304,1.5136422250231385,1.4467640221551121,1.1718708452651174,-0.6431202712115949,0.6202861408722453,False,False,True,True,False,False,True,False,False,False,False,True,174.15,train
1.664580204012059,0.34416761528894463,-0.48521377932948406,-1.4927755219426644,0.9353513771435185,1.3283243363179182,0.7401510783788704,False,True,False,True,False,False,True,False,False,False,False,False,163.3,train
-1.38366294979835,-0.16286814510700204,-0.3818246756560723,-0.6800792950450437,-1.2628883853984039,-0.8700491468984454,0.757274640879817,False,False,False,False,False,False,False,False,False,False,False,False,65.86,train
-1.1384020063883176,0.8819409151922892,0.4108251191734158,-1.5446497491914486,1.447346461077333,0.5978970177008682,-0.6468574841977927,True,False,False,False,True,False,True,False,True,False,False,False,178.94,train
1.016390567856972,-1.2287925586331143,-1.6569569542948146,-0.3054320982482683,0.44979082199976467,1.129761570091924,-0.0989034841675058,False,True,False,False,False,False,True,False,False,False,True,False,118.37,train
-0.6478801195682514,-1.2707559821345185,1.2551694658396098,-1.2218767796434573,-1.446538795939881,-1.6359341023415657,-0.44137473418643497,False,False,True,True,False,False,False,False,False,True,False,False,56.82,train
0.7886482632619416,-0.09765110476087087,-1.639725437015913,0.6801782194786332,1.5029981006353563,-0.5651134701942402,-0.9208344842129359,False,False,False,True,False,False,False,True,True,False,False,False,164.45,train
-1.38366294979835,-0.14121822597570433,-1.226169022322267,1.6139143099567506,-1.6621888992272214,1.1439446248223524,-1.5715298592489013,False,True,False,True,False,True,False,False,False,False,True,False,58.42,train
-0.5077310090482325,1.0211953333084134,1.3585585695130216,-1.2276405826711,-0.9373262939839674,1.115578515361496,0.22644420335047663,False,False,True,False,True,False,True,False,True,False,False,False,98.4,train
0.8236855408919456,-0.8639513288279127,-0.8126126076286204,0.7666352648932737,1.6657791463425746,-0.5083812512725275,0.2778148908533161,False,False,False,True,False,False,True,False,False,True,False,False,162.57,train
-1.068327451128308,-1.257124551570368,0.9622336720982778,-0.3630701285246953,-0.5547212720225566,-1.5224696644981406,-1.2804292967328115,True,False,False,True,False,False,False,False,False,False,False,True,87.31,train
0.3857195705168869,-0.19280383575768537,0.6348348437991409,1.3141965525193302,-0.28481082016614373,0.10858162950109704,-1.0235758592186146,True,False,False,False,False,False,False,False,False,False,True,False,108.89,train
0.3506822928868829,1.6431627631668047,-0.1061203991936419,0.9395493557225547,1.1398711525192546,1.3779650278744167,-0.13315060916939891,False,False,True,False,True,False,False,True,True,False,False,False,177.95,train
-0.56028692549324,-0.7372592094669858,-1.4501787469479914,-1.5100669310255923,-1.1919325449619242,0.3922427241096601,1.4593407034186214,False,True,False,True,False,False,True,False,False,False,False,False,70.45,train
-1.2785511169083366,-0.3970080112677028,0.4108251191734158,-0.9163952191783945,-1.031934081232607,-0.07579808199446879,1.3394757659119962,False,False,False,True,False,False,False,True,True,False,False,False,86.11,train
1.4718751770470326,1.370801434836035,1.70318891509106,0.1556721439631476,0.6459628514417969,-0.19635404720310803,0.2606913283523694,False,True,False,True,False,False,True,False,False,True,False,False,160.51,train
1.2966887888970082,0.5636069190765417,0.9794651893771794,-1.631106794606089,-0.22776788961916947,-1.380639117193859,-0.1502741716703453,True,False,False,False,False,False,False,False,True,False,False,False,115.48,train
1.3317260665270136,-0.22942160021432445,-0.9332332285809337,-1.389027067445096,-1.453495250884634,1.214859898474493,-0.85234023420915,False,False,True,False,True,False,False,True,False,True,False,False,65.72,train
1.682098842827061,1.6407572165966602,0.3074360155000046,0.4842089165387812,1.3332605999833853,-0.31691001241174754,-1.6571476717536335,False,False,True,False,False,True,False,False,False,True,False,False,180.49,train
-1.068327451128308,-0.9917125799977929,-0.89877019402313,1.2565585222429032,0.6403976874859945,-0.8487745648028031,1.4935878284205149,False,False,True,True,False,False,True,False,False,True,False,False,137.01,train
0.10542134947684903,0.0020454364239938685,0.5314457401257298,-0.3918891436629088,0.054664181137798806,-0.8842322016288735,0.19219707834858385,True,False,False,True,False,False,False,True,True,False,False,False,131.27,train
0.7886482632619416,0.33481271196060614,-0.9332332285809337,-0.02300574989377615,0.14231551344168575,-0.5934795796550965,-0.7495988592034712,False,False,True,False,True,True,False,False,False,False,True,False,126.64,train
1.3317260665270136,-0.15618607130104598,-1.6914199888526187,-0.09217138622548869,-1.095933466724334,1.4276057194309153,-0.9037109217119895,False,False,True,False,True,False,False,True,False,False,False,True,82.02,train
1.1565396783769908,0.9097383422250661,-1.6914199888526187,-1.3198614311133834,-1.6691453541719743,0.4986156345878712,0.6716568283750848,False,False,False,False,False,True,False,False,True,False,False,False,64.73,train
-1.6289238932083838,0.28670178055772244,0.9105391202615719,0.8588561133355566,1.114827914718144,-0.34527612187260376,-1.194811484228079,False,False,True,False,True,False,True,False,False,False,True,False,167.9,train
-0.2799887044532022,-0.8187805098996498,-0.2784355719826611,-1.3774994613898104,-1.2754100042989591,-1.4799205003068558,0.637409703373192,False,False,True,False,False,False,False,False,False,False,False,True,69.78,train
0.9988719290419684,-0.99518725837689,1.3068640176763162,-0.03453335594906171,-1.6830582640614802,-0.4871066691768853,-0.5612396716930603,False,True,False,False,False,False,False,True,False,False,True,False,51.19,train
-1.4712561438733613,-0.7134710267177822,0.10065780815318166,0.011577068272080125,1.1329146975745017,1.6829007045786222,0.6202861408722453,False,False,True,False,False,False,False,False,False,True,False,False,152.03,train
0.3857195705168869,1.1385325493410023,-1.1572429532066588,1.233503310132332,0.5527463551821079,1.0021140775180708,-0.6297339216968462,False,False,True,False,True,False,True,False,True,False,False,False,152.73,train
-0.5077310090482325,-0.3619939445244929,-0.019962812799132288,0.20178256818428902,-1.3352355168238343,-0.04034044516839841,-1.5715298592489013,True,False,False,True,False,False,True,False,False,True,False,False,63.79,train
1.2966887888970082,-0.29544048941717055,-1.1917059877644625,-0.43223576485640786,1.0967411318617861,-1.4302798087503574,1.630576328428086,False,True,False,False,False,False,False,False,False,False,False,True,152.65,train
-0.9456969794232912,0.7357371403179703,0.29020449822110245,-0.09793518925313106,-1.2684535493542062,0.1227646842315254,-1.2119350467290257,False,False,False,False,True,False,False,False,False,False,False,True,83.92,train
1.4018006217870231,-1.2007278486480988,-1.4157157123901876,0.9453131587501971,-1.2281061106746394,1.0375717143441412,-0.9550816092148287,True,False,False,False,False,False,False,False,True,False,False,False,53.28,train
0.7010550691869286,-1.3931715742596338,-1.570799367900305,1.1873928859111906,0.4692688958450729,-0.7069440174985216,-1.6571476717536335,False,False,True,False,False,False,False,True,False,False,False,True,123.93,train
1.1390210395619873,-1.1742668363765127,-1.3640211605534818,-1.6483982036890172,1.2539570136132023,-0.7565847090550202,-1.0920701092224003,True,False,False,False,False,False,False,False,False,False,False,False,153.5,train
0.8587228185219495,1.5036410620984417,-0.967696263138738,-0.6282050677962595,0.012925451469281295,-1.2246255151591492,0.6887803908760308,False,False,True,False,False,False,True,False,False,False,False,True,138.31,train
-0.12232095511818131,-1.6796988990590298,0.23850994638439654,-1.2218767796434573,1.6045623428287492,-0.35236764923781794,0.5004212033656202,False,False,True,False,False,False,False,True,False,True,False,False,162.18,train
-0.06976503867317382,0.5804457450675509,0.23850994638439654,-1.5215945370808779,0.50961633452464,0.1794969031532378,-0.5783632341940067,True,False,False,False,False,False,True,False,False,False,False,True,149.13,train
-0.052246399858171845,-0.49804096721375846,-0.17504646830924936,-0.057588568059632424,-1.6997537559288873,-1.6075679928807094,-1.331799984235651,False,False,True,False,False,True,False,False,False,True,False,False,46.91,train
0.5959432362969153,-0.19895134365916484,1.4791791904653355,0.7839266739762016,1.0800456399943792,1.0446632417093553,-1.4002942342394369,False,False,False,True,False,False,False,True,False,False,False,False,164.6,train
-0.06976503867317382,0.9134803035564018,-1.2434005396011685,-1.2968062190028127,-0.23889821753077428,1.2503175353005633,-1.2119350467290257,False,False,False,False,True,False,False,False,False,False,False,False,114.09,train
-1.4187002274283553,-0.6479867034194127,-0.967696263138738,-1.3025700220304555,0.06579450904940363,-1.2955407888112898,0.5004212033656202,False,False,False,False,False,False,False,False,True,False,False,False,116.4,train
1.4018006217870231,-1.052385810155874,0.10065780815318166,0.962604567833125,0.636223814519143,-0.39491681342910223,1.5278349534224076,False,True,False,False,False,False,False,False,False,False,False,True,126.72,train
0.7536109856319361,-0.39567159650651157,1.272400983118512,1.5159296584868245,1.189957628121475,0.15822232105759576,0.6887803908760308,True,False,False,False,True,False,True,False,False,False,True,False,156.51,train
1.419319260602025,-0.5057921728286674,0.1695838772687891,0.32282243176478576,-1.4743646157188925,0.10149010213588311,-0.3215097966798099,False,False,True,False,False,False,False,False,False,False,True,False,56.33,train
1.1915769560069949,0.24126367867722115,-0.7781495730708167,-1.4063184765280239,1.1690882632872164,-1.5437442465937825,0.5004212033656202,False,True,False,False,True,False,False,True,False,True,False,False,161.88,train
0.9638346514119644,-1.6254404597546663,0.7899184993092586,-0.06911617411491758,-1.1474112333155055,-0.5934795796550965,-0.9550816092148287,False,False,False,False,False,False,True,False,False,False,False,False,65.48,train
-0.7354733136432628,-1.0283303444544323,0.2729729809422009,-0.386125340635266,0.008751578502429781,-1.2600831519852194,-0.33863335918075627,True,False,False,False,True,True,False,False,False,False,True,False,111.79,train
1.1915769560069949,0.993130623323398,0.652066361078043,0.04039608341029362,0.24387975563507813,0.470249525127015,0.4490505158627807,False,True,False,False,False,True,False,False,False,False,False,False,127.89,train
1.3317260665270136,1.3216213716241987,0.8933076029826698,0.35740524993064166,-0.3195930948899083,-1.5508357739589966,1.630576328428086,False,False,True,True,False,False,True,False,False,False,False,False,130.09,train
-0.9281783406082893,-0.596401093637432,-0.8126126076286204,0.8646199163631998,-1.312974861000625,-1.3735475898286449,0.8257688908836026,True,False,False,False,True,False,True,False,False,False,False,False,57.57,train
0.8412041797069475,1.1909200079796975,0.9794651893771794,-0.32272350733119665,0.19240198904390668,-1.302632316176504,-0.0989034841675058,False,True,False,True,False,False,False,True,True,False,False,False,144.13,train
1.5945056487520495,1.5592359161639961,-0.14058343375144564,-1.158474946339388,0.9882204347236404,-0.827499982707161,-0.6126103591958996,False,True,False,False,True,False,False,False,False,True,False,False,166.66,train
-0.3150259820832077,1.685393469620447,1.4964107077442377,-0.15557321952955805,0.6807451261655615,-1.3593645350982166,-0.5612396716930603,True,False,False,False,True,True,False,False,False,False,False,True,172.69,train
1.664580204012059,-0.634087989903024,-0.3301301238193664,0.7147610376444892,-1.3171487339674768,-0.32400153977696144,-0.49274542168927443,True,False,False,False,False,False,True,False,False,False,False,False,59.83,train
1.5069124546770365,1.3234923522898658,0.7899184993092586,-0.34577871944176736,-1.5550594930780264,-1.2813577340808617,0.9627573908911744,True,False,False,False,True,False,False,False,False,False,False,True,79.23,train
-1.7690730037284026,-0.11529177960859496,0.9277706375404735,0.7320524467274171,0.26057524750248534,0.3993342514748743,-0.37288048418264935,False,False,True,False,False,False,False,True,False,True,False,False,124.08,train
1.016390567856972,0.15386215329531563,0.11788932543208322,-0.8184105677084684,1.710300457988994,-0.6643948533072371,0.29493845335426283,False,False,True,False,False,False,False,True,False,True,False,False,173.04,train
-0.9106597017932873,1.1911872909319356,-1.536336333342501,-0.38036153760762365,-0.18742045093960286,-1.217533987793935,1.2196108284053713,True,False,False,False,True,False,False,False,False,False,True,False,112.84,train
0.9638346514119644,-0.44191154724372744,0.583140291962435,0.7493438558103458,-0.7606323383872432,-0.2601777934900349,-1.5886534217498478,False,False,False,True,False,False,False,True,False,False,False,False,84.75,train
0.876241457336953,-0.6137744855329178,-1.2778635741589721,-0.057588568059632424,-0.9818476056303861,0.8673750575790034,-1.6229005467517406,False,True,False,False,True,False,False,True,False,False,False,True,74.35,train
-0.595324203123244,-0.9048456205203641,-0.8126126076286204,1.1528100677453348,1.199696665044129,0.9808394954224288,-1.640024109252687,True,False,False,False,True,True,False,False,False,True,False,False,151.67,train
-1.523812060318369,0.5673488804078773,1.0311597412138853,0.9971873859989817,1.3207389810828305,-0.5225643060029557,1.5620820784243004,True,False,False,False,True,True,False,False,False,True,False,False,183.45,train
-0.9807342570532968,0.7771659979148979,-1.0883168840910513,1.5735676887632515,-0.7968059040999583,-0.5509304154638118,0.637409703373192,True,False,False,True,False,False,True,False,False,True,False,False,103.44,train
-0.7179546748282609,-1.397982667399922,-0.9849277804176396,1.7061351583990334,1.5433455393149238,1.0233886596137127,1.253857953407264,False,True,False,False,False,False,False,True,False,False,False,True,151.78,train
0.2630890988118699,1.5212817369461655,-1.5018732987846972,-0.92792282523368,-0.6618506781717518,-1.4090052266547153,-1.3146764217347044,False,False,True,True,False,False,False,True,False,False,True,False,97.48,train
1.4018006217870231,-0.3515699093872015,-1.3467896432745803,-0.9394504312889652,-0.3515927876357715,-1.1608017688722225,-1.4687884842432224,False,True,False,False,False,False,True,False,False,True,False,False,101.09,train
0.893760096151955,-1.0382198136872471,-0.6230659175606996,1.0663530223306943,-1.2044541638624795,1.576527794100411,-1.4002942342394369,False,False,False,False,False,False,False,False,False,True,False,False,69.66,train
1.6120242875670514,1.0546057023381938,0.15235235998988694,-1.5792325673573049,-1.055586028044767,1.6403515403873377,1.2881050784091568,True,False,False,True,False,False,False,False,False,False,True,False,88.44,train
-0.5427682866782381,-1.459725029366956,-0.7092235039552092,0.48997271956642435,0.04631643520409538,0.8248258933877188,-0.33863335918075627,False,False,False,True,False,False,False,False,False,False,True,False,92.56,train
1.6470615651970555,-1.1202756800243876,-0.6058344002817975,-0.29390449219298315,1.711691748977944,0.6191715997965107,0.8086453283826566,False,False,False,False,False,True,False,False,False,False,True,False,172.74,train
1.436837899417027,-1.2255851632062553,1.3068640176763162,-1.1066007190906033,-0.604807747624778,0.2149545399793082,0.3805562658589951,False,False,True,False,True,False,True,False,False,False,False,False,86.02,train
-1.4362188662433575,0.3807853797455837,0.5142142228468276,1.4352364160998266,-1.453495250884634,0.09439857477066893,-0.7667224217044177,False,False,False,False,True,False,False,False,True,False,False,False,74.53,train
-0.19239551037819075,0.7854517694342832,0.23850994638439654,0.9914235829713385,-0.4656786487297196,1.5268871025439124,0.19219707834858385,True,False,False,True,False,False,False,False,True,False,False,False,106.72,train
-1.243513839278331,-1.2269215779674467,1.0139282239349832,0.5015003256217091,-0.6354161493816907,0.45606647039658693,0.4148033908608879,False,False,False,True,False,False,False,False,False,True,False,False,81.48,train
0.7886482632619416,0.7849172035298067,-0.4335192274927782,-0.3054320982482683,0.0880551648726129,1.1226700427267102,1.6990705784318723,True,False,False,True,False,True,False,False,True,False,False,False,126.51,train
1.1039837619319834,1.6517158176384283,-0.15781495103034718,0.5994849770916352,1.5836929779944904,-0.7849508185158764,0.3805562658589951,True,False,False,True,False,False,False,False,True,False,False,False,190.89,train
0.9988719290419684,1.3162757125794338,-0.5024452966083857,-1.1815301584499587,-1.196106417928776,-1.7068493759937062,1.099745890898746,False,False,False,False,False,True,False,False,False,False,False,False,80.71,train
0.3857195705168869,0.8854155935713862,-0.08888888191473973,1.3141965525193302,0.09501161981736582,-0.27436084822046297,0.34630914085710174,False,True,False,False,True,True,False,False,False,False,False,True,130.14,train
1.2791701500820063,1.2796579481227943,1.70318891509106,1.077880628385979,1.3346518909723362,-0.5438388880985979,0.7915217658817099,False,False,True,False,False,False,True,False,False,False,False,False,189.76,train
-0.8581037853482798,0.9319228272608402,0.4452881537312201,0.8530923103079142,-1.2141932007851335,0.22913759470973655,1.6819470159309255,False,False,False,False,True,False,True,False,True,False,False,False,89.21,train
0.7536109856319361,0.6641053091181214,-0.6230659175606996,1.3372517646299005,0.4205737112318025,1.0233886596137127,-0.886587359211043,True,False,False,False,False,False,False,True,False,False,False,False,137.0,train
0.7536109856319361,-1.7136438339932865,-0.8643071594653262,0.9971873859989817,-0.013509077320779876,1.5056125204482702,0.4832976408646735,True,False,False,False,True,True,False,False,False,False,False,True,97.86,train
-1.243513839278331,0.4879658435931191,-1.0021592976965417,0.3689328559859272,-1.6621888992272214,0.9382903312311441,0.20932064084953053,False,True,False,False,True,False,True,False,True,False,False,False,59.67,train
-0.29750734326820416,1.0995092383142184,-0.05442584735693601,1.6657885372055343,0.7809180773700037,-0.4445575049856007,-0.663981046698739,False,False,True,False,False,True,False,False,True,False,False,False,155.78,train
0.6309805139269191,0.9418122964936553,-1.2778635741589721,-0.541748022381619,0.24527104662402902,-1.5082866097677121,-1.4002942342394369,False,False,True,True,False,True,False,False,True,False,False,False,136.36,train
-1.2960697557233385,1.5774111569161964,1.6859573978121578,-0.9394504312889652,-0.8357620517905748,-0.5934795796550965,0.5175447658665663,True,False,False,True,False,False,False,True,False,False,False,True,98.76,train
1.6120242875670514,-1.0419617750185826,-1.536336333342501,0.7954542800314872,0.7238751468230296,-1.210442460428721,0.8257688908836026,True,False,False,False,False,False,True,False,True,False,False,False,135.85,train
-1.38366294979835,1.2291414701497663,0.01450022175867205,1.596622900873822,0.3857914365080379,-1.1040695499505098,1.7161941409328183,True,False,False,True,False,False,False,True,False,False,False,False,155.9,train
0.3506822928868829,0.5467680930855325,0.8933076029826698,-0.599386052658046,1.263696050535856,0.6971784008138656,0.15794995334669104,False,True,False,False,True,False,False,True,True,False,False,False,170.2,train
-0.4551750926032266,-1.20206426340929,-1.43294722966909,0.9395493557225547,0.9450904140661724,-0.35236764923781794,-1.1263172342242933,False,False,False,True,False,False,False,False,False,False,True,False,142.53,train
1.52443109349204,0.08784326409246956,-0.03719433007803384,-1.118128325145889,-0.19159432390645437,1.186493789013637,-0.7667224217044177,False,False,False,False,False,False,False,False,False,False,True,False,110.36,train
1.2791701500820063,-1.6168874052830429,-0.8126126076286204,0.7781628709485593,1.0494372382374662,-0.6714863806724513,-0.8180931092072572,False,True,False,False,True,True,False,False,False,False,False,True,139.06,train
0.33316365407187937,0.9035908343235867,-1.6914199888526187,-0.28814068916534036,-0.30985405796725396,0.19367995788366615,0.8428924533845493,False,False,True,True,False,True,False,False,False,True,False,False,113.22,train
1.2266142336370003,1.2809943628839855,-0.3818246756560723,-0.9452142343166079,1.3958686944861616,-0.04034044516839841,0.12370282834479795,True,False,False,False,False,False,True,False,True,False,False,False,172.92,train
-0.4201378149732211,-1.5837443192055007,-0.5713713657239937,0.3170586287371434,-0.22359401665231796,-0.6431202712115949,-1.0920701092224003,False,False,False,False,True,False,False,True,True,False,False,False,93.45,train
-0.2799887044532022,-0.36573590585582827,-1.1917059877644625,1.0548254162754087,-1.603754677691297,-1.3451814803677886,-0.064656359165613,False,False,False,False,False,False,True,False,False,True,False,False,51.03,train
0.00030951658683563236,0.881139066335574,1.117317327608395,-1.2564595978093136,1.1607405173535132,-1.401913699289501,-1.331799984235651,False,False,False,True,False,False,False,True,False,True,False,False,169.69,train
0.6660177915569246,1.2069569851139923,-1.5880308851792069,-1.4293736886385946,1.4668245349226416,-0.32400153977696144,-0.3215097966798099,True,False,False,True,False,False,False,True,False,False,False,True,186.15,train
-1.5062934215033668,0.7020594883359513,1.6342628459754525,-0.5071652042157627,-0.393331517304289,0.5766224356052262,1.6648234534299795,False,False,False,False,False,False,False,True,False,True,False,False,120.2,train
1.6120242875670514,-0.7118673290043527,-0.39905619293497446,-1.0316712797312484,0.2397058826682266,-0.7849508185158764,-0.21876842167413119,True,False,False,False,True,False,False,True,False,False,True,False,116.92,train
1.4893938158620346,0.3316053165337471,-1.226169022322267,1.3026689464640446,0.3579656167290262,0.7468190923703639,1.0826223283977996,False,True,False,False,True,False,True,False,False,False,True,False,134.14,train
-0.0872836774881758,1.7107853500830799,0.652066361078043,0.29400341662657226,-1.242019020564145,1.675809177213408,-1.485912046744169,False,False,True,False,False,True,False,False,False,False,False,True,96.56,train
1.2266142336370003,-0.6787242429268107,1.065622775771689,1.0317702041648376,0.7767442044031518,-0.6643948533072371,-0.08177992166655941,False,False,False,False,False,False,False,False,False,False,False,True,139.87,train
-0.052246399858171845,-0.5031193433062849,0.5486772574046312,0.034632280382650836,0.07275096399415655,0.27168675890102084,0.637409703373192,True,False,False,True,False,True,False,False,False,False,False,False,112.48,train
-1.4187002274283553,-0.7364573606102711,0.7209924301936506,1.1528100677453348,0.8143090611048175,1.4063311373352734,-0.7495988592034712,False,True,False,True,False,False,True,False,False,False,True,False,140.53,train
-1.0157715346833007,1.5477427492177518,-0.17504646830924936,0.5130279316769947,-1.5216685093432125,1.7112668140394784,-1.5886534217498478,True,False,False,True,False,True,False,False,False,False,True,False,80.16,train
0.7711296244469381,-1.0697592020513598,0.5142142228468276,1.3891259918786851,-1.122367995514395,-1.3664560624634305,1.1168694533996923,True,False,False,False,True,False,False,False,False,False,True,False,69.25,train
0.2630890988118699,0.25088586495779763,1.0139282239349832,0.08074270460379226,0.4943121336461832,-0.7353101269593779,-0.5098689841902209,False,False,True,True,False,False,False,True,False,False,False,False,145.1,train
1.3492447053420156,-0.19601123118454408,-1.398484195111286,1.2565585222429032,1.023002709447405,-0.46583208708124296,0.5004212033656202,False,True,False,True,False,False,False,False,True,False,False,False,141.76,train
-1.4712561438733613,-0.9703299438187336,1.6514943632543546,1.1297548556347636,-1.6844495550504308,-1.7281239580893486,-1.5886534217498478,False,True,False,False,False,False,False,True,False,False,True,False,47.71,train
-1.6464425320233858,0.858687298347562,0.29020449822110245,1.0490616132477655,-0.06498684391195132,-0.6502117985768091,-1.1776879217271328,False,False,True,False,False,False,True,False,False,True,False,False,128.11,train
1.3842819829720212,-1.547928403605576,1.0139282239349832,-0.3630701285246953,-0.82463172387897,0.278778286266235,-0.013285671662773519,False,True,False,False,False,True,False,False,False,True,False,False,69.89,train
1.1565396783769908,1.2962294911615655,1.6170313286965503,0.9510769617778403,-0.19020303291750384,-0.46583208708124296,0.4832976408646735,False,False,False,False,False,False,True,False,False,False,True,False,127.7,train
0.5433873198519077,1.1535003946663436,0.18681539454769128,-0.3573063254970525,0.5666592650716138,-0.10416419145532525,0.8086453283826566,False,False,False,False,True,False,False,True,False,True,False,False,151.95,train
-1.1384020063883176,1.6974212024711677,-0.416287710213876,1.0260064011371952,-1.3185400249564272,1.5694362667351969,-1.229058609229972,True,False,False,False,False,False,False,True,False,False,False,True,92.11,train
-0.9281783406082893,-0.27753253161720814,1.5653367768598452,-0.92792282523368,-1.139063487381802,-1.018971221567941,0.6716568283750848,False,True,False,False,False,True,False,False,False,False,False,True,68.37,train
1.2616515112670041,-0.6640236805537073,0.031731739037573606,0.18449115910136107,-0.8190665599231678,1.5127040478134843,1.5620820784243004,False,False,False,True,False,False,False,False,False,False,False,True,80.26,train
0.2630890988118699,-1.1574280103855035,1.5997998114176482,-1.4927755219426644,-1.7067102108736403,-0.5580219428290261,-0.8694637967100963,True,False,False,True,False,True,False,False,False,True,False,False,37.78,train
-1.2785511169083366,0.43504381904994716,0.9105391202615719,0.2651844014883588,1.4765635718452956,-0.8204084553419468,1.510711390921461,True,False,False,False,True,False,True,False,True,False,False,False,170.47,train
-0.3150259820832077,1.283934475358606,-1.105548401369953,0.7781628709485593,0.5346595723257502,1.186493789013637,-1.0064522967176681,False,False,True,False,False,True,False,False,False,False,True,False,149.33,train
-1.243513839278331,1.1337214562007134,-1.4501787469479914,-0.7261897192661856,-1.6927973009841344,0.8248258933877188,-0.9208344842129359,True,False,False,True,False,False,False,False,False,True,False,False,71.9,train
1.2966887888970082,-0.6129726366762028,0.5659087746835335,0.20178256818428902,0.8588303727512364,-0.28854390295089105,0.431926953361834,True,False,False,False,False,False,False,True,False,False,False,False,138.06,train
0.12293998829185102,1.106458595072413,-0.9849277804176396,0.3746966590135704,-1.7011450469178377,0.6333546545269386,-0.663981046698739,True,False,False,False,True,False,True,False,True,False,False,False,67.71,train
0.6835364303719267,0.6248147151390996,1.1690118794451008,-1.2910424159751699,1.2150008659225857,1.3070497542222759,0.7743982033807632,False,False,False,False,False,False,False,False,False,True,False,False,168.28,train
-0.7880292300882703,-1.0574641862484007,-0.1922779855881515,-1.0316712797312484,0.7990048602263611,0.5624393808747978,0.20932064084953053,False,False,True,True,False,False,False,True,False,False,True,False,132.73,train
-1.4712561438733613,1.5071157404775388,0.18681539454769128,0.31129482570950023,-1.4687994517630905,1.370873500509203,0.637409703373192,True,False,False,True,False,False,True,False,False,False,True,False,86.89,train
-0.49021237023323055,0.91829139669669,0.20404691182659282,-0.443763370911693,-1.4771471976967938,0.41351730620530236,1.596329203426193,False,False,False,False,True,False,True,False,True,False,False,False,72.42,train
-1.0157715346833007,-0.8492507664548093,1.427484638628629,1.4352364160998266,0.7183099828672275,1.1581276795527806,0.12370282834479795,False,False,False,False,True,False,False,False,False,True,False,False,136.66,train
-1.523812060318369,-1.6278460063248108,-0.7609180557919145,-0.7895915525702549,-0.3376798777462657,0.647537709257367,1.6990705784318723,True,False,False,True,False,False,False,False,False,False,True,False,84.63,train
1.2441328724520022,-0.9818231107649779,-1.1400114359277573,0.5130279316769947,-0.21802885269651553,0.3213274504575193,0.03808501584006567,False,True,False,False,True,False,False,True,True,False,False,False,90.89,train
-0.24495142682319823,0.17471022356989846,0.031731739037573606,1.5908590978461794,1.2414353947126466,0.8177343660225047,0.3634327033580484,False,False,False,False,True,False,False,True,False,False,True,False,165.59,train
1.4018006217870231,1.3913822221583798,-0.2784355719826611,0.8358009012249863,1.1802185911988212,-0.4445575049856007,-0.013285671662773519,False,False,True,False,False,True,False,False,False,True,False,False,169.72,train
0.5083500422219038,-0.5375988441450186,0.4969827055679254,-1.100836916062961,1.1482188984529575,0.40642577884008846,0.5860390158703525,True,False,False,False,True,False,False,False,False,False,False,True,164.76,train
1.0514278454869759,1.2844690412630826,-0.9849277804176396,0.43809849231763975,-0.18881174192855335,-0.10416419145532525,-0.8352166717082036,False,False,True,False,True,False,True,False,False,False,True,False,122.41,train
-1.225995200463329,0.9233697727892168,-0.1922779855881515,-1.746382855158943,-1.4117565212161163,-0.6502117985768091,-1.263305734231865,False,False,False,False,True,True,False,False,False,False,False,True,70.9,train
1.5069124546770365,1.2521278040422554,-1.398484195111286,0.10379791671436339,-0.1345513933594805,0.8177343660225047,0.19219707834858385,False,False,False,False,True,True,False,False,False,False,False,True,125.43,train
1.2791701500820063,-0.9305047839352353,-1.398484195111286,1.2565585222429032,0.29257494024834857,-0.4303744502551726,0.431926953361834,True,False,False,False,True,True,False,False,False,False,False,False,120.32,train
-1.4537375050583594,-1.0911418382304192,-1.0021592976965417,-0.599386052658046,-0.4656786487297196,-0.27436084822046297,-1.2119350467290257,True,False,False,False,True,False,False,True,True,False,False,False,98.62,train
0.8236855408919456,0.6317640718972937,-0.34736164109826856,-0.6627878859621158,-0.26672403730978594,0.8957411670398596,0.6887803908760308,False,False,False,False,True,False,False,True,False,False,True,False,121.41,train
1.2266142336370003,1.0244027287352726,-0.3301301238193664,1.544748673625038,0.7767442044031518,-1.1608017688722225,1.4935878284205149,True,False,False,False,True,False,False,True,True,False,False,False,158.74,train
-0.7179546748282609,-0.40048268964679984,-1.2434005396011685,1.2796137343534735,-1.0374992451884095,0.5269817440487274,-1.5201591717460619,True,False,False,False,False,False,True,False,False,False,True,False,76.63,train
1.6295429263820536,-0.7094617824342085,-1.3123266087167764,0.6513592043404197,0.6209196136406866,0.7397275650051497,-0.544116109192114,False,True,False,False,True,False,True,False,False,False,True,False,130.85,train
0.7536109856319361,0.2161390811668261,1.0139282239349832,-0.5878584466027604,1.6532575274420196,-0.39491681342910223,-0.030409234163720218,False,False,False,False,True,False,False,True,False,False,False,True,181.39,train
-1.4011815886133518,1.0660988692844382,0.4452881537312201,-1.6080515824955184,-1.4117565212161163,1.115578515361496,1.2196108284053713,True,False,False,False,True,False,False,True,False,False,True,False,81.05,train
-0.20991414919319273,1.4108938776717714,-0.019962812799132288,-0.4207081588011223,-1.0597599010116188,-1.7423070128197766,0.5517918908684597,False,True,False,True,False,True,False,False,False,False,False,False,91.98,train
-0.20991414919319273,-0.6990377472969171,0.5659087746835335,1.429472613072184,0.17431520618754892,-0.6998524901333075,1.4422171409176754,True,False,False,True,False,False,False,True,False,False,False,True,112.73,train
-1.6464425320233858,-0.4365658881989626,-0.48521377932948406,0.7147610376444892,0.6167457406738347,-1.6004764655154953,0.9798809533921211,False,False,False,False,False,False,True,False,False,True,False,False,131.55,train
0.210533182366864,-0.057825944877372755,-0.48521377932948406,0.9337855526949115,1.6407359085414648,0.33551050518794767,-0.7838459842053641,False,True,False,False,False,False,False,True,False,False,False,True,174.95,train
-1.4887747826883648,0.042405162211968286,-1.5535678506214032,-0.9913246585377493,1.372216747674002,-1.7564900675502049,1.4764642659195681,False,False,False,False,False,False,False,True,False,False,False,False,164.91,train
-0.6128428419382475,-0.23931106944713953,0.9966967066560816,-1.4524289007491653,1.6143013797514032,-0.3807337586986741,-0.030409234163720218,False,False,True,True,False,False,False,True,True,False,False,False,172.28,train
1.3317260665270136,-0.8906796240517372,-0.9332332285809337,1.412181203989256,-0.8135013959673654,1.6261684856569092,-0.08177992166655941,False,False,True,True,False,False,False,True,False,True,False,False,77.62,train
0.28060773762687347,-1.1405891843944942,1.5997998114176482,0.9222579466396268,-1.560624657033829,-1.2955407888112898,0.14082639084574436,False,False,True,False,False,True,False,False,False,False,False,True,52.22,train
0.19301454355186046,-1.083123349663272,1.2551694658396098,1.2969051434364023,1.459868079977889,-0.2105371019335364,-1.3660471092375437,False,True,False,False,False,True,False,False,True,False,False,False,165.72,train
-1.4187002274283553,-1.0737684463349335,0.9277706375404735,-1.6368705976337319,-0.014900368309730381,-0.2034455745683222,0.05520857834101207,False,False,False,False,False,False,False,True,False,False,False,True,106.61,train
-0.595324203123244,0.5745655201183101,0.9450021548193757,0.6167763861745631,1.1704795542761672,0.19367995788366615,0.7401510783788704,False,False,True,False,True,False,True,False,False,False,True,False,161.88,train
0.1579772659218565,0.3334762971994149,-0.5541398484450916,0.7320524467274171,0.13675034948588333,0.9879310227876424,-1.5886534217498478,False,False,True,False,False,True,False,False,False,True,False,False,128.01,train
-0.2624700656382002,0.5462335271810559,0.37636208461561205,0.8415647042526286,0.7781354953921024,0.6333546545269386,1.099745890898746,False,False,True,True,False,False,False,False,False,False,True,False,151.65,train
0.6134618751119172,-0.09578012409520305,0.3246675327789062,-0.6166774617409739,-0.9442827489287203,0.6759038187182231,-0.8352166717082036,True,False,False,False,True,True,False,False,False,True,False,False,78.83,train
0.9813532902269664,-1.083123349663272,0.39359360189451426,0.29976721965421466,1.063350148126972,-0.8062254006115187,0.7230275158779242,True,False,False,False,True,True,False,False,True,False,False,False,149.2,train
1.559468371122044,-0.17302489729205514,-0.6058344002817975,-0.9509780373442507,0.6654409252871052,0.8390089481181472,1.236734390906318,False,False,True,True,False,False,False,True,True,False,False,False,134.6,train
0.3857195705168869,-1.6398737391755318,-0.2439725374248568,0.7839266739762016,1.0716978940606754,-1.7848561770110614,1.0826223283977996,False,False,True,True,False,False,True,False,False,True,False,False,140.82,train
0.7010550691869286,-0.38417842956026693,1.082854293050591,0.11532552276964854,-1.646884698348765,1.2574090626657777,1.579205640925247,True,False,False,False,False,True,False,False,False,False,True,False,61.62,train
1.3842819829720212,0.9656004792428591,1.4791791904653355,-0.8587571889019675,0.36492207167377916,0.647537709257367,-1.194811484228079,True,False,False,True,False,True,False,False,False,False,False,True,147.25,train
-1.243513839278331,-1.007214991227611,-0.8643071594653262,0.35740524993064166,0.17153262420964793,-1.7848561770110614,-0.1673977341712917,False,False,False,False,False,False,True,False,False,False,True,False,112.18,train
-0.8756224241632817,1.5971900953818268,1.2034749140029044,0.8819113254461277,-1.3714090825365495,0.10858162950109704,1.1511165784015858,False,False,False,False,False,False,False,True,False,False,False,False,90.92,train
-0.47269373141822857,-1.3627013177044738,-1.7086515061315206,1.4986382494038966,1.304043489215423,-1.586293410785067,0.3805562658589951,False,False,False,True,False,False,False,True,False,False,False,False,149.96,train
1.2266142336370003,-1.2191703723525376,0.0834262908742795,-0.26508547705476965,0.3050965591489039,-0.4516490323508149,-0.1845212966722381,True,False,False,False,False,True,False,False,False,False,False,True,112.54,train
-1.5938866155783782,-1.4150887763431694,1.7204204323699621,0.6167763861745631,-1.4089739392382152,-1.1537102415070084,-1.5372827342470083,False,False,False,False,False,True,False,False,True,False,False,False,57.06,train
-0.38510053734321714,0.1509220408206949,1.5308737423020409,-0.6627878859621158,1.0591762751601206,0.37805966937923197,1.4935878284205149,False,True,False,False,True,False,False,False,False,True,False,False,158.47,train
-0.5252496478632345,0.29552211798158434,-1.3295581259956781,0.057687492493221554,-1.5731462759343842,0.4347918883009447,0.7915217658817099,True,False,False,False,False,False,True,False,False,False,False,True,64.38,train
-0.24495142682319823,-0.4838749707451317,-1.5880308851792069,1.3141965525193302,1.1384798615303036,-1.1253441320461521,0.5689154533694057,True,False,False,True,False,False,False,False,False,False,True,False,153.32,train
1.2791701500820063,0.3906748489783988,0.9105391202615719,1.1585738707729771,-0.11924719248102417,-0.14671335564660956,1.5278349534224076,False,False,False,False,False,True,False,False,False,False,False,False,120.87,train
0.7010550691869286,-0.4830731218884168,1.5308737423020409,-0.2305026588889134,-0.4921131775197804,-1.203350933063507,0.637409703373192,False,False,True,True,False,False,False,False,True,False,False,False,97.46,train
0.210533182366864,0.7541796640224087,0.34189905005780835,-0.8991038100954665,0.32874850596106403,-0.28854390295089105,0.9970045158930672,False,False,True,True,False,False,True,False,False,True,False,False,137.92,train
1.6120242875670514,-1.3282218168657405,0.23850994638439654,-0.011478143838490587,0.7461358026462391,-1.217533987793935,1.6134527659271398,False,False,False,True,False,False,False,False,True,False,False,False,133.04,train
0.28060773762687347,1.6514485346861898,-0.08888888191473973,-1.2910424159751699,-1.4743646157188925,0.10149010213588311,-0.8694637967100963,False,True,False,True,False,True,False,False,False,True,False,False,81.21,train
-1.7340357260983972,1.0463199308188085,0.8243815338670623,-1.002852264593035,0.8894387745081491,-1.7068493759937062,0.6202861408722453,False,False,False,True,False,False,False,False,False,False,False,True,162.77,train
1.4543565382320307,-0.7917849317235872,-1.0021592976965417,1.4179450070168986,-0.1707249590721956,-1.5508357739589966,0.020961453339119272,True,False,False,False,False,False,False,False,False,True,False,False,113.8,train
-1.8041102813584067,1.723882214742754,0.9794651893771794,-0.6397326738515451,1.6212578346961561,0.10858162950109704,0.32918557835615564,True,False,False,True,False,False,True,False,False,False,False,True,200.53,train
-0.47269373141822857,0.511754026342323,-1.226169022322267,1.4467640221551121,-0.48933059554187935,-0.8204084553419468,-1.451664921742276,False,True,False,True,False,True,False,False,True,False,False,False,106.32,train
0.6309805139269191,-0.6081615435359146,-1.3640211605534818,0.04039608341029362,0.421965002220753,0.7751852018312201,0.9456338283902277,False,False,True,True,False,False,True,False,False,False,False,True,125.62,train
-0.8931410629782853,0.19235089841762254,1.5825682941387473,-1.2045853705605294,1.704735294033191,-1.4657374455764278,-0.13315060916939891,False,False,False,True,False,True,False,False,False,True,False,False,182.55,train
-0.43765645378822304,1.2844690412630826,1.427484638628629,1.2969051434364023,0.419182420242852,0.732636037639936,-0.13315060916939891,False,False,False,False,True,True,False,False,False,False,False,True,155.54,train
-1.38366294979835,-0.816642246281744,0.13512084271098537,1.002951189026624,-1.2809751682547617,0.30714439572709124,0.4832976408646735,False,False,False,True,False,True,False,False,False,False,True,False,66.43,train
0.7185737080019321,-1.6823717285814124,-0.07165736463583756,-0.14404561347427292,1.373608038662952,-0.6998524901333075,-0.42425117168548854,True,False,False,True,False,True,False,False,False,True,False,False,155.48,train
1.1740583171919927,0.340425653957609,-0.7264550212341108,1.3314879616022581,0.6654409252871052,1.4276057194309153,-1.263305734231865,False,False,False,False,False,True,False,False,False,True,False,False,143.96,train
0.00030951658683563236,0.6825478328225597,-0.08888888191473973,-1.216112976615815,-0.9220220931055109,-0.29563543031610523,0.20932064084953053,False,False,False,False,False,True,False,False,False,False,False,True,88.16,train
-0.8405851465332778,-1.7093673067574748,-1.570799367900305,-0.887576204040181,0.008751578502429781,-0.7778592911506623,1.510711390921461,True,False,False,False,False,False,False,False,False,False,True,False,98.31,train
-0.3675818985282136,-0.7554344502191864,0.9105391202615719,-1.4120822795556667,-0.5728080548789144,-0.7069440174985216,0.8086453283826566,False,True,False,True,False,True,False,False,True,False,False,False,102.07,train
-1.068327451128308,0.6943082827210427,1.289632500397414,0.24212918937778766,0.5290944083699478,1.0446632417093553,0.05520857834101207,False,True,False,False,True,True,False,False,True,False,False,False,151.23,train
0.893760096151955,-0.9820903937172162,1.0483912584927875,-0.02876955292141893,-0.9846301876082871,-0.4303744502551726,0.3805562658589951,False,False,False,False,True,False,False,True,False,False,False,True,73.4,train
1.2090955948219968,1.0671680010933913,0.4969827055679254,-0.20744744677834268,0.26057524750248534,-0.4374659776203868,0.0038378908381728775,False,False,True,False,True,True,False,False,False,False,False,True,145.56,train
0.28060773762687347,-1.3469316235224176,0.7209924301936506,0.2075463712119318,0.5402247362815527,-0.5296558333681698,1.4422171409176754,False,False,False,False,False,False,True,False,False,False,False,True,126.77,train
0.876241457336953,1.0952327110784068,1.6170313286965503,-1.0374350827588912,0.722483855834079,1.1723107342832084,0.12370282834479795,False,False,True,False,False,True,False,False,False,False,False,True,155.11,train
-0.7705105912732684,-0.5573777826106484,1.427484638628629,-0.3918891436629088,0.2397058826682266,-0.08288960935968297,-1.14344079672524,False,False,False,False,True,False,False,False,False,False,False,False,124.34,train
-0.5427682866782381,0.8234059486521138,0.7382239474725527,-1.0893093100076754,-1.594015640768643,-1.004788166837513,1.596329203426193,True,False,False,False,False,False,True,False,False,True,False,False,67.75,train
-0.47269373141822857,1.1262375335380428,0.9450021548193757,0.5821935680087073,0.9158733032982103,-0.49419819654209945,-1.263305734231865,False,False,False,False,True,True,False,False,True,False,False,False,158.53,train
-0.2624700656382002,-1.5121124880056518,-0.6747604693974049,0.7666352648932737,1.2247399028452397,0.93119880386593,-1.4687884842432224,False,False,True,True,False,False,True,False,False,False,False,True,147.6,train
-1.6289238932083838,-1.5636980977876325,-0.6230659175606996,-1.5100669310255923,0.32457463299421213,0.04475788321417045,-0.2358919841750776,False,False,False,False,False,False,False,False,False,False,False,False,114.82,train
0.4207568481468908,-0.6102998071538204,0.47975118828902386,0.5994849770916352,0.4275301661765554,-1.5437442465937825,0.8428924533845493,True,False,False,True,False,False,True,False,False,False,False,False,118.7,train
-0.38510053734321714,-0.1567206372055226,1.1000858103294926,1.2738499313258311,0.6195283226517357,-1.3593645350982166,0.03808501584006567,False,False,True,False,False,False,True,False,False,False,False,True,141.09,train
-0.24495142682319823,1.0885506372724507,-0.416287710213876,1.175865279855905,-0.49767834147558276,-0.7991338732463047,0.5004212033656202,False,True,False,False,True,False,False,True,True,False,False,False,107.42,train
-0.8405851465332778,0.9939324721801126,1.548105259580943,0.4842089165387812,1.056393693182219,-0.4020083407943164,-1.1776879217271328,False,True,False,False,True,False,False,False,False,False,False,False,166.61,train
0.2981263764418754,-0.5739493256494194,-0.7781495730708167,0.32858623479242816,0.5763983019942677,0.909924221770288,-1.194811484228079,True,False,False,False,False,False,True,False,False,False,False,True,128.14,train
-0.24495142682319823,-0.24492401144414272,0.8416130511459639,0.8934389315014133,1.196914083066228,1.5481616846395547,-0.9037109217119895,False,True,False,True,False,False,True,False,False,False,False,False,168.32,train
1.559468371122044,0.6801422862524159,0.39359360189451426,-1.5331221431361635,-0.2611588733539835,1.7396329235003345,1.579205640925247,True,False,False,False,True,True,False,False,False,True,False,False,131.0,train
0.3682009317018849,1.1882471784573152,-1.174474470485561,-0.08640758319784592,0.2897923582704475,0.22204606734452237,-1.0235758592186146,False,False,True,False,False,False,True,False,True,False,False,False,146.07,train
0.7185737080019321,0.0921197913282815,0.4452881537312201,-1.7521466581865857,-0.5449822350999027,0.6404461818921527,-0.8352166717082036,False,False,True,False,True,False,False,False,False,False,False,True,108.63,train
-0.6128428419382475,-1.1825526078958983,-1.6741884715737165,0.27671200754364433,0.44144307606606126,-1.5437442465937825,0.5860390158703525,True,False,False,False,True,False,True,False,False,True,False,False,121.92,train
0.28060773762687347,-1.2402857255793587,1.289632500397414,-0.27084928008241205,0.465095022878221,-0.7211270722289498,1.630576328428086,False,False,False,False,False,False,True,False,False,False,False,True,120.29,train
1.4543565382320307,-0.14041637711898972,1.6342628459754525,-0.08640758319784592,0.8671781186849398,-0.6218456891159526,0.07233214084195877,False,False,True,False,False,False,False,True,False,False,False,True,155.97,train
-1.5588493379483743,-1.6155509905218515,0.13512084271098537,0.9164941436119836,-0.6548942232269989,0.668812291353009,-0.6468574841977927,False,True,False,False,False,False,True,False,False,False,False,False,77.34,train
0.5083500422219038,-0.2978460359873147,-1.2434005396011685,-0.6685516889897586,1.540562957337022,0.647537709257367,0.5860390158703525,True,False,False,False,False,False,False,True,False,False,False,True,160.13,train
-0.1748768715631888,0.4430623076170945,0.1695838772687891,0.5533745528704938,0.6501367244086488,0.7751852018312201,-0.6126103591958996,False,False,False,True,False,False,False,True,False,True,False,False,146.82,train
1.52443109349204,-1.6305188358471931,0.8243815338670623,-0.9452142343166079,1.3638690017402981,-1.401913699289501,-1.1776879217271328,True,False,False,True,False,False,False,True,True,False,False,False,150.36,train
-1.225995200463329,-0.27191958962020496,-0.2956670892615627,1.308432749491687,-1.4757559067078434,1.0943039332658535,-1.1091936717233468,False,False,True,False,True,False,False,False,False,False,False,True,61.81,train
-0.15735823274818525,1.4312073820418783,-0.6058344002817975,-0.8357019767913968,-0.2820282381882423,0.01639177375331425,0.9456338283902277,True,False,False,True,False,False,False,True,False,False,False,False,136.19,train
-1.523812060318369,-0.4926953081689936,-1.1917059877644625,0.057687492493221554,-1.339409389790686,0.470249525127015,-1.5886534217498478,False,False,True,False,False,False,True,False,False,False,False,False,53.77,train
-1.7690730037284026,-1.3867567834059158,-0.6230659175606996,-0.1959198407230571,-0.092812663690963,-1.6430256297067798,-1.3489235467365972,True,False,False,False,False,False,False,True,False,False,True,False,98.39,train
0.8412041797069475,0.34470218119342094,1.6170313286965503,-0.12675420439134455,0.15761971432014207,0.07312399267502666,-0.11602704666845251,False,False,False,True,False,False,True,False,True,False,False,False,128.91,train
-1.4887747826883648,-1.2696868503255654,-1.5535678506214032,-1.515830734053235,0.5499637732042065,0.8744665849442176,1.5620820784243004,False,False,True,False,True,False,False,True,True,False,False,False,118.32,train
-1.0157715346833007,-1.3298255145791702,0.6176033265202393,-0.8645209919296103,-1.1585415612271102,-0.12543877355096728,-0.8694637967100963,False,False,True,False,False,False,True,False,False,False,False,True,58.33,train
-1.4887747826883648,0.426223481626085,-0.45075074477168037,-0.870284794957253,1.5336065023922691,1.108486987996282,1.3394757659119962,True,False,False,False,False,False,True,False,False,False,False,True,172.4,train
1.576987009937046,0.2957894009338226,1.5997998114176482,-0.38036153760762365,0.7934396962705587,-1.7352154854545627,0.9285102658892816,True,False,False,True,False,True,False,False,False,False,False,True,145.64,train
-0.017209122228167898,-0.5750184574583725,-1.5191048160635994,0.005813265244437344,-0.6437638953153941,-1.394822171924287,1.4250935784167287,False,False,False,False,True,True,False,False,True,False,False,False,82.44,train
-1.6814798096533896,-0.10700600808920938,1.4447161559075312,-0.8472295828466819,-0.12063848346997467,-0.16089641037703767,0.5860390158703525,False,False,True,False,True,False,False,False,False,False,False,False,111.58,train
-0.7004360360132589,0.6202709049510493,-0.48521377932948406,0.6686506134233478,-0.10950815555836985,-1.5224696644981406,1.236734390906318,False,False,False,True,False,False,False,False,False,False,False,True,124.46,train
0.7360923468169341,0.04053418154630077,1.082854293050591,-1.7233276430483722,1.53499779338122,0.08021552004024084,0.22644420335047663,True,False,False,True,False,False,False,True,True,False,False,False,172.2,train
-0.8581037853482798,1.7361772305457128,0.10065780815318166,1.3718345827957572,-0.9623695317850779,-0.7424016543245919,0.9113867033883349,False,False,True,False,True,False,False,False,False,False,False,False,103.53,train
-0.2624700656382002,0.10361295827452613,1.0483912584927875,0.44962609837292533,1.1356972795524027,-0.7565847090550202,-0.08177992166655941,False,True,False,False,True,False,False,True,False,False,True,False,164.52,train
-1.4887747826883648,-1.6663347514471176,1.410253121349728,-1.2506957947816708,1.3207389810828305,-1.210442460428721,1.4764642659195681,False,False,True,True,False,True,False,False,False,False,False,False,146.34,train
-1.0508088123133061,-0.40395736802589716,-1.536336333342501,-0.8357019767913968,1.2511744316353013,-1.6217510476111374,-1.263305734231865,True,False,False,False,False,False,True,False,False,True,False,False,156.98,train
0.1754959047368585,-1.3052354829732515,1.0483912584927875,0.3458776438753569,-1.136280905403901,0.8602835302137892,-1.6913947967555265,True,False,False,False,True,False,False,True,False,False,True,False,63.02,train
-0.12232095511818131,1.0513983069113348,-1.3640211605534818,0.023104674327365276,-0.6242858214700858,0.40642577884008846,-1.6229005467517406,False,True,False,False,True,False,False,True,False,False,False,True,111.09,train
1.2441328724520022,-0.3769617898498346,-1.4846417815057957,0.08650650763143504,-0.19298561489540486,1.4772464109874142,-1.074946546721454,True,False,False,False,True,False,False,False,True,False,False,False,113.32,train
-1.225995200463329,-1.0024038980873227,-0.019962812799132288,-0.18439223466777155,-0.7564584654203915,-1.118252604680938,-0.1502741716703453,True,False,False,False,False,False,False,False,False,False,False,False,79.81,train
0.43827548696189433,0.04187059630749198,0.18681539454769128,-0.5302204163263334,0.7099622369335237,-0.8842322016288735,-1.605776984250794,True,False,False,False,False,False,False,False,False,False,False,False,140.96,train
-0.9106597017932873,1.334718236283872,-1.5880308851792069,-1.6253429915784463,-0.821849141901069,0.07312399267502666,-0.6468574841977927,False,False,True,False,True,False,False,True,False,False,True,False,104.55,train
0.3156450152568774,-0.8826611354845898,0.10065780815318166,0.5187917347046379,-0.9192395111276098,-1.2955407888112898,1.356599328412943,False,False,True,False,False,False,False,True,False,False,False,False,78.55,train
1.1740583171919927,-0.8412322778876621,-0.89877019402313,-1.5273583401085207,1.4974329366795545,0.5482563261443699,1.579205640925247,False,False,True,False,True,False,False,False,False,False,False,False,155.85,train
-0.2274327880081947,-0.2957077723694088,-0.2956670892615627,1.1585738707729771,0.40109563738649423,1.3425073910483463,0.4490505158627807,False,False,True,True,False,True,False,False,False,False,True,False,128.5,train
0.7185737080019321,-0.7212222323326911,0.9966967066560816,-1.2910424159751699,0.6751799622097591,1.016297132248499,0.8942631408873888,False,False,True,False,True,False,True,False,False,True,False,False,132.04,train
-0.052246399858171845,-1.1002294586065196,-0.7781495730708167,-0.3573063254970525,-0.3182018039009574,-0.19635404720310803,-0.1845212966722381,False,True,False,False,False,False,False,True,False,False,False,True,86.41,train
1.6295429263820536,-1.1151973039318612,-0.8643071594653262,0.011577068272080125,-0.40446184521589384,1.654534595117766,-1.5201591717460619,False,False,True,True,False,False,True,False,False,True,False,False,85.36,train
-0.03472776104316987,-1.6131454439517074,1.2551694658396098,-0.31119590127591107,0.6320499415522911,0.12985621159673932,-1.4002942342394369,False,True,False,True,False,False,False,False,False,False,True,False,134.55,train
1.1390210395619873,0.552915600987012,-0.6230659175606996,0.38046046204121275,1.2650873415248072,0.7468190923703639,-1.3660471092375437,True,False,False,False,False,False,False,False,True,False,False,False,171.0,train
-1.3135883945383404,-0.4076993293572325,0.47975118828902386,-0.8414657798190396,0.21744522684501735,-0.011974335707542206,0.5689154533694057,True,False,False,True,False,False,False,True,True,False,False,False,120.94,train
-0.4201378149732211,-0.3962061624109879,0.47975118828902386,0.6571230073680622,0.7308316017677824,0.04475788321417045,0.6545332658741381,False,True,False,True,False,True,False,False,False,False,False,True,143.84,train
-1.0508088123133061,-0.9436016485949092,-0.14058343375144564,-0.7895915525702549,-0.3863750623595361,-0.8842322016288735,0.17507351584763745,True,False,False,False,True,True,False,False,False,True,False,False,90.01,train
1.2441328724520022,-0.8698315537771543,-1.381252677832384,0.8300370981973431,-0.3223756768678093,0.7822767291964343,1.5449585159233536,True,False,False,True,False,False,False,True,False,True,False,False,92.38,train
0.7010550691869286,-1.2715578309912332,0.10065780815318166,-0.09217138622548869,-0.29733243906669865,-1.3309984256373601,0.07233214084195877,True,False,False,True,False,False,False,True,False,False,True,False,101.35,train
1.6470615651970555,0.27948514084728976,0.29020449822110245,1.1412824616900492,1.5057806826132574,0.2858698136314489,1.253857953407264,False,True,False,True,False,False,True,False,False,False,True,False,173.09,train
-1.0332901734983027,-1.6847772751515564,-0.5541398484450916,-0.20744744677834268,-0.6646332601496528,1.6899922319438363,0.7230275158779242,False,True,False,False,True,False,True,False,True,False,False,False,76.4,train
1.1390210395619873,1.1326523243917608,1.3240955349552184,-1.0893093100076754,-0.48515672257502745,-0.6927609627680935,-0.030409234163720218,True,False,False,False,True,True,False,False,True,False,False,False,103.27,train
-0.06976503867317382,-0.5231655647241532,1.5997998114176482,1.487110643348611,-0.36550569752527734,-0.2034455745683222,-0.013285671662773519,True,False,False,False,True,True,False,False,False,False,False,True,112.22,train
-1.2960697557233385,0.8832773299534804,-0.17504646830924936,0.5533745528704938,0.4525734039776657,1.016297132248499,-1.074946546721454,False,False,True,True,False,False,False,True,False,False,False,False,148.7,train
1.1215024007469854,0.313964641686023,1.2379379485607087,-0.8587571889019675,1.053611111204318,0.6333546545269386,1.6819470159309255,False,False,True,False,True,False,True,False,False,False,False,True,162.5,train
-0.6653987583832534,-0.5886498880225227,-0.53690833116619,0.8358009012249863,-0.7703713753098973,-1.5650188286894249,0.0038378908381728775,False,False,True,False,True,False,False,True,False,False,True,False,85.49,train
-0.8055478689032723,-0.8880067945293547,-0.12335191647254345,0.6283039922298487,-1.7331447396637014,1.5268871025439124,0.3976798283599412,False,False,False,False,False,False,True,False,False,False,False,False,55.48,train
0.33316365407187937,-0.8337483552249915,-1.639725437015913,0.32858623479242816,1.6643878553536244,0.9028326944050737,-1.6571476717536335,False,False,False,False,False,False,False,False,False,True,False,False,169.35,train
0.5609059586669097,1.593180851098253,1.1000858103294926,0.5015003256217091,-1.2628883853984039,0.3000528683618773,-0.9379580467138823,True,False,False,True,False,False,False,True,True,False,False,False,90.95,train
-1.348625672168346,1.6295313326026537,1.3240955349552184,-1.170002552394673,0.9214384672540127,0.2858698136314489,0.5689154533694057,False,True,False,False,False,False,False,True,True,False,False,False,174.28,train
0.7010550691869286,0.6542158398853063,-0.416287710213876,0.028868477355008058,0.6487454334196984,-0.8416830374375891,1.510711390921461,True,False,False,False,True,True,False,False,False,False,False,False,150.56,train
-0.2799887044532022,-1.6636619219247353,1.3413270522341194,-1.5965239764402328,1.114827914718144,1.413422664700487,-1.1091936717233468,False,False,False,True,False,False,True,False,False,False,True,False,140.68,train
-0.24495142682319823,0.7092761280463841,-1.43294722966909,-0.4725823860499065,0.6501367244086488,0.7184529829095077,-0.9208344842129359,False,True,False,True,False,False,False,False,False,False,False,True,153.24,train
-1.3135883945383404,1.4157049708120595,1.0311597412138853,-1.0489626888141763,0.44979082199976467,-0.6785779080376653,0.2606913283523694,True,False,False,True,False,False,False,True,False,False,False,False,153.73,train
0.49083140340690024,1.3750779620718472,-0.07165736463583756,0.43233468928999735,-1.1599328522160608,-0.05452349989882651,-0.47562185918832806,True,False,False,False,True,False,False,False,False,False,False,True,103.39,train
0.6484991527419227,-1.4613287270803856,-1.2606320568800706,-1.3256252341410262,-0.9136743471718074,1.6899922319438363,0.4832976408646735,False,True,False,False,False,False,False,True,True,False,False,False,63.59,train
-0.47269373141822857,-1.204202527027196,-1.4157157123901876,0.8530923103079142,-1.2614970944094535,-0.1892625198378941,1.236734390906318,True,False,False,False,True,False,False,False,False,False,False,False,66.38,train
0.9638346514119644,1.5504155787401341,0.5142142228468276,-1.0950731130353182,-1.2448016025420463,-1.2600831519852194,0.020961453339119272,False,True,False,False,True,False,False,False,False,False,False,True,94.18,train
-0.4201378149732211,-1.4942045302056894,-1.0538538495332477,0.7378162497550602,-0.604807747624778,-0.30981848504653337,0.14082639084574436,True,False,False,True,False,True,False,False,False,False,False,True,77.95,train
0.4207568481468908,-0.7404666048938447,-0.7609180557919145,1.2680861282981888,0.6278760685854395,-0.9976966394722987,-1.3660471092375437,False,False,True,True,False,False,True,False,False,False,False,False,128.82,train
0.8061669020769435,0.5080120650109874,1.1690118794451008,0.5245555377322803,-1.7094927928515413,1.193585316378851,1.579205640925247,True,False,False,False,True,False,False,False,False,False,False,False,56.09,train
0.5609059586669097,1.1524312628573905,1.082854293050591,-0.9221590222060372,-1.3881045744039564,-1.6217510476111374,1.7161941409328183,False,False,True,False,True,False,True,False,False,False,True,False,84.91,train
-0.47269373141822857,-0.4245381553482417,0.11788932543208322,-1.1930577645052438,0.9631771969225301,-1.380639117193859,-1.194811484228079,False,False,False,False,True,True,False,False,False,True,False,False,144.44,train
-0.3675818985282136,-1.3904987447372514,1.0483912584927875,-1.4236098856109518,-0.6381987313595917,1.016297132248499,0.19219707834858385,False,False,True,True,False,True,False,False,True,False,False,False,87.7,train
-1.5938866155783782,-0.5482901622345483,0.4625196710101217,-1.1296559312011745,1.530823920414368,-0.9125983110897299,-0.35575692168170264,False,False,True,True,False,True,False,False,False,True,False,False,166.17,train
-0.8230665077182758,-0.5442809179509747,1.668725880533257,-0.6858430980726865,-1.0416731181552612,-0.8558660921680171,1.0654987658968533,True,False,False,True,False,False,False,False,False,False,True,False,82.24,train
1.2791701500820063,-0.9831595255261691,0.04896325631647577,1.0490616132477655,1.4737809898673946,-1.763581594915419,-1.5544062967479546,False,False,False,False,True,True,False,False,False,False,False,True,156.51,train
1.4543565382320307,0.6964465463389485,-1.605262402458109,0.9856597799436961,0.3871827274969884,-1.1395271867765802,1.3223522034110502,False,False,True,False,False,False,True,False,False,False,False,False,131.23,train
-1.1208833675733156,0.3885365853604927,1.1000858103294926,-0.20744744677834268,0.7433532206683378,1.7396329235003345,1.3052286409101035,False,False,True,False,False,True,False,False,False,False,True,False,156.04,train
0.6309805139269191,1.074384640803824,-0.5713713657239937,1.0087149920542673,0.07414225498310706,-0.7282185995941639,1.4422171409176754,False,False,True,True,False,True,False,False,False,True,False,False,125.16,train
-0.682917397198257,0.1487837772027891,-1.536336333342501,-0.6339688708239023,0.9311775041766666,-1.6075679928807094,-0.5612396716930603,False,False,True,False,False,False,True,False,False,False,False,True,152.08,train
-1.5763679767633763,0.7942721068581451,1.3413270522341194,0.4150432802070686,0.6529193063865498,-0.01906586307275613,0.29493845335426283,True,False,False,True,False,False,False,False,True,False,False,False,154.98,train
0.210533182366864,0.12205548197896482,-1.6741884715737165,1.1643376738006195,-0.7328065186082315,0.1511307936923816,-0.9208344842129359,False,True,False,True,False,False,False,True,False,False,False,False,89.68,train
-0.10480231630317932,1.161786166185729,1.5825682941387473,0.4726813104834956,0.2842271943146451,1.5268871025439124,-1.1091936717233468,False,False,True,False,True,True,False,False,False,True,False,False,148.85,train
0.210533182366864,0.370094061656054,-1.381252677832384,0.7896904770038441,-1.1529763972713079,-1.6004764655154953,1.6476998909290328,False,False,False,False,True,True,False,False,False,False,False,True,84.76,train
1.2616515112670041,-0.7706695784967661,1.410253121349728,-0.13251800741898734,-0.36550569752527734,-1.4160967540199294,0.31206201585520893,False,False,False,False,False,False,False,True,True,False,False,False,89.57,train
1.1915769560069949,0.9768263632368654,-0.8470756421864241,-0.8414657798190396,-1.3449745537464883,-1.0615203857592255,-1.6913947967555265,False,False,True,False,False,False,True,False,False,False,True,False,74.07,train
-1.1559206452033195,-0.8741080810129661,-1.4846417815057957,0.011577068272080125,-0.5310693252103968,-0.9693305300114425,0.020961453339119272,False,False,False,False,False,True,False,False,False,False,False,False,88.85,train
0.3857195705168869,-0.1986840607069265,-1.0193908149754434,1.6254419160120352,1.0522198202153676,-0.4020083407943164,-0.33863335918075627,False,False,True,True,False,False,False,False,False,False,False,False,152.62,train
1.664580204012059,-0.4274782678228624,0.6692978783569447,1.291141340408759,0.13953293146378434,-0.8629576195332314,0.9285102658892816,False,False,True,False,True,False,False,True,False,True,False,False,130.56,train
0.08790271066184706,-0.2745924191425874,-1.2089375050433646,-1.5273583401085207,-1.3714090825365495,0.9666564406920004,0.8086453283826566,False,True,False,True,False,True,False,False,True,False,False,False,59.35,train
-0.3325446208982097,0.7301241983209669,1.3068640176763162,-1.7002724309378014,1.0550024021932687,-0.1892625198378941,1.133993015900639,True,False,False,False,False,False,False,True,False,False,False,True,167.86,train
-1.2610324780933346,-1.3586920734209003,0.6692978783569447,0.7378162497550602,-0.16655108610534408,-1.6288425749763515,1.356599328412943,False,True,False,True,False,False,True,False,True,False,False,False,97.0,train
1.3842819829720212,0.918558679648928,-0.17504646830924936,0.46115370442821085,-1.7234057027410472,-0.6431202712115949,1.6819470159309255,False,False,False,False,True,False,False,True,True,False,False,False,61.88,train
-1.5763679767633763,1.717467423889036,1.427484638628629,0.5533745528704938,0.03379481630354005,-0.28854390295089105,-1.2804292967328115,False,False,False,False,True,False,True,False,True,False,False,False,148.52,train
-0.682917397198257,0.7779678467716126,1.4619476731864334,0.42080708323471183,0.1228374395963775,-1.2742662067156478,1.0654987658968533,False,False,False,True,False,True,False,False,False,False,False,True,134.07,train
-0.9281783406082893,1.433612928612022,-0.9849277804176396,-1.054726491841819,-0.25420241840923063,-1.1324356594113663,-1.2461821717309187,False,True,False,False,False,False,False,False,False,False,False,False,122.98,train
-1.0157715346833007,0.7734240365835623,-0.9849277804176396,0.19025496212900386,0.9116994303313584,-1.3664560624634305,1.596329203426193,False,True,False,False,True,True,False,False,True,False,False,False,161.84,train
0.14045862710685453,1.570996366062479,-0.967696263138738,-1.112364522118246,-0.9178482201386591,1.6474430677525518,0.7401510783788704,True,False,False,False,True,True,False,False,False,False,False,True,98.2,train
-0.9281783406082893,-0.327781726637998,-1.381252677832384,0.2651844014883588,1.5363890843701709,-1.586293410785067,1.3052286409101035,False,True,False,False,False,True,False,False,False,True,False,False,176.13,train
0.07038407184684509,-0.6346225558075006,-1.7086515061315206,-1.1411835372564596,-0.6785461700391587,-0.34527612187260376,-1.074946546721454,False,False,True,False,True,False,False,True,False,False,False,False,77.65,train
1.1915769560069949,1.7260204783606599,-0.07165736463583756,0.8703837193908421,1.0967411318617861,-0.4445575049856007,0.2606913283523694,False,False,False,False,True,True,False,False,False,False,True,False,175.08,train
-0.20991414919319273,-1.302295370498631,-0.3818246756560723,-1.4409012946938802,-0.23472434456392238,-0.9835135847418706,1.5449585159233536,True,False,False,False,True,True,False,False,False,False,True,False,93.23,train
0.5083500422219038,-0.14389105549808676,0.47975118828902386,-0.6109136587133316,0.35518303475112484,-1.1820763509678647,0.020961453339119272,False,True,False,False,True,False,True,False,False,False,False,False,129.04,train
-1.4187002274283553,-0.7920522146758255,-0.4679822620505819,1.67731614326082,-1.4423649229730293,0.5411647987791558,-0.9037109217119895,False,False,True,False,False,False,False,True,True,False,False,False,62.82,train
-0.49021237023323055,0.605303059625708,-0.89877019402313,1.3775983858233996,-1.5425378741774713,-0.01906586307275613,-1.2804292967328115,True,False,False,True,False,False,False,True,True,False,False,False,64.69,train
1.559468371122044,-1.2221104848271582,0.18681539454769128,0.5072641286493523,-0.3001150210446,0.6971784008138656,-1.640024109252687,False,True,False,True,False,False,True,False,False,True,False,False,94.39,train
-1.1384020063883176,1.3475478179913076,1.3930216040708259,-0.28237688613769757,-1.717840538785245,0.9666564406920004,-0.85234023420915,False,False,False,True,False,False,False,False,False,False,False,False,76.24,train
-0.03472776104316987,-1.0024038980873227,1.4791791904653355,-0.6109136587133316,-0.6646332601496528,-0.366550703968246,1.6134527659271398,False,True,False,True,False,True,False,False,False,False,True,False,81.79,train
0.4557941257768963,1.1134079518306073,-0.39905619293497446,0.4553899014005677,0.26614041145828776,-0.2034455745683222,-0.42425117168548854,False,False,True,True,False,False,False,True,True,False,False,False,138.4,train
0.893760096151955,-1.3028299364031075,0.3591305673367105,0.08650650763143504,0.46648631386717154,1.654534595117766,1.2881050784091568,False,False,True,False,False,True,False,False,True,False,False,False,127.75,train
0.1579772659218565,0.08891239590142277,1.3585585695130216,1.2104480980217618,-0.8232404328900195,-0.11125571882053917,-1.3831706717384902,False,True,False,False,True,False,True,False,False,False,True,False,82.17,train
0.052865433031841554,0.03866320088063295,1.3240955349552184,1.3430155676575437,0.8296132619832742,1.108486987996282,-1.4002942342394369,True,False,False,False,False,False,False,True,False,False,True,False,156.61,train
1.4543565382320307,1.2521278040422554,0.4452881537312201,1.1412824616900492,0.8657868276959894,1.7112668140394784,0.757274640879817,False,False,True,False,False,True,False,False,True,False,False,False,159.84,train
1.52443109349204,-0.18826002556963511,0.6176033265202393,-1.5965239764402328,-0.741154264541935,-1.3097238435417182,0.7059039533769775,False,False,False,False,True,False,True,False,False,False,False,False,93.48,train
0.3506822928868829,1.1767540115110708,0.4452881537312201,1.175865279855905,0.2063148989334125,0.853192002848575,-1.3831706717384902,False,False,True,False,False,False,False,False,False,False,True,False,147.95,train
-1.0332901734983027,1.5039083450506796,0.583140291962435,1.2392671131599753,1.1231756606518468,0.5766224356052262,-0.013285671662773519,True,False,False,False,False,False,True,False,False,False,False,True,182.16,train
0.5258686810369058,0.31824116892183496,0.4969827055679254,-1.2218767796434573,-1.6691453541719743,0.1227646842315254,0.9627573908911744,True,False,False,True,False,True,False,False,False,False,True,False,71.77,train
-0.2799887044532022,-1.2531153072867942,0.858844568424866,-1.002852264593035,-0.21663756170756504,0.8957411670398596,-0.544116109192114,False,True,False,True,False,False,False,False,False,True,False,False,108.39,train
0.7185737080019321,-0.34488783558124547,1.70318891509106,-1.5215945370808779,1.1704795542761672,-1.6288425749763515,0.5517918908684597,True,False,False,False,True,False,True,False,False,False,False,True,163.54,train
-1.6639611708383877,-1.167852045522795,0.031731739037573606,0.13838073488021926,-0.6173293665253329,-1.5508357739589966,-1.640024109252687,False,True,False,True,False,False,False,True,True,False,False,False,79.01,train
0.2630890988118699,-0.6685674907417575,1.1690118794451008,-0.985560855510107,-1.098716048702235,0.48443257985744337,0.3805562658589951,True,False,False,False,True,True,False,False,False,False,False,False,80.45,train
-1.1384020063883176,0.9517017657264704,-1.639725437015913,1.585095294818537,-0.12063848346997467,1.2857751721266337,1.6990705784318723,False,True,False,True,False,False,False,True,False,False,False,False,120.78,train
0.9988719290419684,0.512021309294561,-0.15781495103034718,-1.2910424159751699,-0.8524575436579817,0.5978970177008682,1.0141280783940139,False,True,False,True,False,False,False,True,False,False,False,False,90.7,train
1.436837899417027,-1.2368110472002616,1.272400983118512,0.4035156741517839,-0.6006338746579261,1.498520993083056,1.253857953407264,False,False,True,False,False,False,False,False,True,False,False,False,79.28,train
0.9638346514119644,-0.5052576069241911,-0.6747604693974049,0.5303193407599226,0.5708331380384654,0.7397275650051497,0.2606913283523694,False,False,False,False,True,True,False,False,False,False,False,False,137.74,train
-1.225995200463329,0.552648318034774,1.6859573978121578,-1.6714534157995882,0.32874850596106403,-1.3593645350982166,-0.08177992166655941,False,False,False,True,False,False,True,False,False,False,False,True,136.8,train
-0.8230665077182758,-1.362968600656712,1.117317327608395,-0.5532756284369046,1.191348919110426,-0.6785779080376653,-0.3900040466835958,False,True,False,False,False,False,True,False,True,False,False,False,140.57,train
-1.751554364913399,0.3118263780681172,1.427484638628629,-0.6973707041279721,-0.10116040962466642,-1.6217510476111374,-1.5715298592489013,True,False,False,False,False,False,False,False,False,True,False,False,110.13,train
0.10542134947684903,1.4218524787135396,-1.398484195111286,0.6744144164509901,1.6546488184309704,-1.0615203857592255,0.6716568283750848,False,False,False,False,False,True,False,False,False,False,True,False,191.96,train
-0.12232095511818131,1.603070320331068,1.2034749140029044,-0.8472295828466819,1.5071719736022084,1.3850565552396308,0.2778148908533161,False,True,False,False,True,False,True,False,False,False,True,False,192.56,train
-1.7690730037284026,-1.5097069414355073,0.652066361078043,1.4986382494038966,-0.049682643033494976,1.214859898474493,0.46617407836372743,False,False,False,False,True,True,False,False,True,False,False,False,105.67,train
-1.6114052543933803,-1.3071064636389194,0.5659087746835335,0.7378162497550602,-0.43924411993965845,0.09439857477066893,-0.5098689841902209,True,False,False,False,False,False,True,False,False,False,True,False,90.04,train
0.6309805139269191,-1.3135212544926371,-1.0366223322543455,0.011577068272080125,1.43899871514363,0.1511307936923816,1.2881050784091568,False,False,True,True,False,False,False,True,False,True,False,False,153.19,train
-1.2960697557233385,-1.3498717359970382,-1.1227799186488552,0.27094820451600116,-0.4698525216965711,-0.7282185995941639,-1.2804292967328115,False,False,False,False,False,True,False,False,False,False,False,True,91.6,train
0.08790271066184706,-0.49135889340780237,1.2551694658396098,-1.1296559312011745,-1.0681076469453221,-0.9764220573766565,-0.40712760918454216,False,False,True,False,True,True,False,False,False,False,True,False,79.72,train
1.5419497323070421,0.399762469354499,-0.20950950286705308,-0.17862843164012918,1.3791732026187549,1.5623447393699827,0.4832976408646735,True,False,False,True,False,False,False,False,False,False,True,False,172.88,train
1.2090955948219968,0.8284843247446407,1.5653367768598452,0.19601876515664624,0.03657739828144146,0.9382903312311441,-1.640024109252687,True,False,False,False,True,True,False,False,False,False,False,True,132.12,train
-1.4011815886133518,-1.3675124108447623,1.0139282239349832,0.6974696285615611,-1.422886849127721,-1.6146595202459233,1.1682401409025318,False,False,True,False,False,False,True,False,False,False,True,False,53.34,train
0.7711296244469381,-1.348535321235847,-1.605262402458109,0.06345129552086433,1.2219573208673387,0.8035513112920768,0.5004212033656202,False,True,False,False,True,False,True,False,True,False,False,False,142.64,train
-1.225995200463329,0.7482994390731679,-0.03719433007803384,-0.9336866282613224,-1.4298433040724738,1.3566904457787745,0.7743982033807632,False,False,True,True,False,True,False,False,True,False,False,False,66.9,train
-1.7165170872833952,1.1393343981977169,1.2379379485607087,0.4784451135111388,-1.4075826482492646,1.576527794100411,-0.37288048418264935,False,False,False,True,False,False,True,False,False,True,False,False,81.74,train
-1.331107033353344,-1.4955409449668806,-0.9160017113020321,0.7435800527827026,0.9158733032982103,-1.4231882813851433,-0.2358919841750776,False,False,True,True,False,False,True,False,False,True,False,False,130.66,train
-1.7690730037284026,0.3583336117575714,0.4969827055679254,-1.5100669310255923,1.2191747388894376,0.6262631271617249,0.534668328367513,True,False,False,False,True,False,False,True,False,False,False,True,164.7,train
0.7536109856319361,1.3253633329555337,-1.2778635741589721,1.3314879616022581,-0.36967957049212924,0.08021552004024084,1.0826223283977996,False,True,False,True,False,False,True,False,False,True,False,False,120.19,train
-0.9632156182382932,-0.49937738197494963,-0.48521377932948406,0.6686506134233478,0.2369233006903252,1.4346972467961294,0.8942631408873888,True,False,False,True,False,False,False,False,True,False,False,False,118.99,train
1.3142074277120117,-1.5393753491339524,-0.7781495730708167,0.5533745528704938,-1.0472382821110633,-1.2459000972547913,-0.663981046698739,True,False,False,False,False,False,True,False,False,False,False,False,67.78,train
-1.6464425320233858,-0.8211860564697939,0.9966967066560816,0.9856597799436961,0.6042241217732794,0.9595649133267862,-0.5612396716930603,False,True,False,False,True,False,True,False,True,False,False,False,126.95,train
-0.7880292300882703,-1.2859911104120982,-1.0021592976965417,0.7551076588379881,1.4292596782209754,-0.8204084553419468,-0.13315060916939891,False,False,True,False,True,True,False,False,False,False,False,False,151.67,train
-1.0508088123133061,1.5856969284355824,-1.1917059877644625,0.8992027345290556,0.028229652347737638,0.009300246388100073,0.7401510783788704,False,False,True,False,False,False,False,True,False,False,True,False,134.91,train
-1.1208833675733156,1.7075779546562209,-0.5886028830028952,1.1066996435241925,-0.4795915586192254,1.31414128158749,1.6990705784318723,True,False,False,False,False,False,False,False,False,False,True,False,112.44,train
-0.7529919524582663,-1.4754947235490123,1.3585585695130216,-0.27084928008241205,-0.9498479128845225,0.8106428386572905,-1.14344079672524,False,True,False,True,False,True,False,False,False,False,False,False,64.45,train
-0.2274327880081947,0.19475644498776667,-0.7953810903497188,-1.0201436736759628,-1.4117565212161163,0.6759038187182231,-0.5269925466911672,False,False,False,True,False,True,False,False,True,False,False,False,69.47,train
-0.12232095511818131,1.1698046547528762,-1.0538538495332477,-1.7118000369930868,1.3151738171270275,1.0659378238049972,-1.0920701092224003,True,False,False,False,True,True,False,False,False,False,False,False,181.67,train
0.052865433031841554,-0.5539031042315511,-0.15781495103034718,-0.09217138622548869,-0.6660245511386034,1.2786836447614196,0.34630914085710174,False,False,False,True,False,False,False,False,False,False,False,True,91.77,train
0.9813532902269664,1.0824031293709713,-1.1572429532066588,-0.04606096200434686,1.1649143903203645,-1.7210324307241345,-0.85234023420915,False,False,False,False,True,False,False,False,False,False,True,False,172.52,train
-1.0508088123133061,0.6347041843719147,-0.7953810903497188,-0.8472295828466819,-0.9623695317850779,-1.3664560624634305,-1.1605643592261863,False,False,False,False,True,False,False,False,False,False,False,False,93.24,train
-1.2785511169083366,0.8600237131087533,1.4447161559075312,1.1239910526071213,-0.6813287520170599,0.2504121768053786,0.431926953361834,True,False,False,True,False,True,False,False,False,False,False,False,114.34,train
0.4032382093318888,-0.10433317856682695,-1.381252677832384,-0.0633523710872752,1.0730891850496265,1.5623447393699827,-1.6571476717536335,True,False,False,True,False,False,True,False,False,False,True,False,155.08,train
-1.6464425320233858,-0.06584443344452004,-1.0021592976965417,-1.3659718553345248,-1.2016715818845782,0.5553478535095842,-0.0989034841675058,False,False,True,False,False,True,False,False,False,False,True,False,64.25,train
0.4207568481468908,0.016745998797097223,-1.43294722966909,0.7262886436997746,-0.524112870265644,-1.0615203857592255,0.10657926584385156,False,True,False,True,False,False,False,True,False,True,False,False,105.49,train
0.9463160125969625,-1.167852045522795,1.2379379485607087,-0.7607725374320414,-1.1543676882602583,-0.3310930671421756,-1.263305734231865,False,False,False,False,False,False,False,True,False,True,False,False,66.71,train
0.7886482632619416,-0.49697183540480555,-0.31289860654046486,-1.5561773552467342,1.196914083066228,0.4347918883009447,-1.5372827342470083,False,True,False,False,False,False,False,True,False,True,False,False,159.18,train
1.1565396783769908,-0.4753219162735078,-0.9332332285809337,-0.599386052658046,-1.329670352868032,-0.9622390026462283,-0.9550816092148287,True,False,False,False,True,False,False,False,True,False,False,False,68.32,train
0.8587228185219495,1.095499994030645,0.583140291962435,-1.4927755219426644,-0.9345437120060661,-1.6501171570719937,1.630576328428086,False,False,True,True,False,True,False,False,True,False,False,False,97.71,train
1.0689464843019778,0.27654502837266903,-0.967696263138738,1.4352364160998266,-0.8621965805806358,-1.3522730077330025,-0.9722051717157754,False,True,False,False,False,False,False,True,False,False,False,True,87.67,train
-0.7529919524582663,-0.5996084890642907,0.4625196710101217,-1.2622234008369564,-1.5286249642879655,0.6900868734486515,1.0826223283977996,False,True,False,False,False,True,False,False,True,False,False,False,55.85,train
-1.4537375050583594,-1.1705248750451773,1.4964107077442377,0.7954542800314872,-0.9734998596966825,-1.7210324307241345,0.8257688908836026,False,False,True,True,False,True,False,False,True,False,False,False,69.74,train
0.33316365407187937,1.5806185523430556,-0.7953810903497188,-1.3140976280857406,-1.1557589792492091,0.0022087190228858955,-0.37288048418264935,False,False,False,False,False,True,False,False,False,True,False,False,92.79,train
1.419319260602025,-1.39370614016411,0.4452881537312201,-1.6368705976337319,0.7030057819887707,-0.35236764923781794,1.390846453414836,True,False,False,True,False,False,False,False,False,False,False,True,133.49,train
-0.2274327880081947,-1.1576952933377416,0.8071500165881601,-0.8472295828466819,0.1604022962980431,-1.2884492614460759,-0.4584982966873816,False,True,False,False,True,False,False,False,False,False,False,True,113.22,train
0.9287973737819589,-0.31040833474251217,0.6692978783569447,1.562040082707966,-0.8635878715695865,-1.2671746793504337,-0.85234023420915,False,False,True,False,False,False,False,True,False,False,False,False,94.54,train
-0.3150259820832077,-1.5703801715935886,1.3757900867919237,-1.1469473402841024,-0.7425455555308856,1.2786836447614196,0.3805562658589951,False,True,False,True,False,False,False,False,True,False,False,False,74.69,train
-0.8230665077182758,1.0858778077500684,0.6176033265202393,0.6283039922298487,0.9214384672540127,1.399239609970059,-0.5269925466911672,False,True,False,True,False,False,False,True,False,True,False,False,156.56,train
0.210533182366864,-1.4746928746922978,0.23850994638439654,-0.4956375981604776,1.0842195129612309,-0.8204084553419468,0.8257688908836026,False,False,True,False,True,False,False,False,False,False,False,True,146.07,train
-1.7165170872833952,-1.077510407666269,-1.639725437015913,-1.6253429915784463,1.4376074241546792,-0.06870655462925487,0.5175447658665663,True,False,False,False,True,False,False,False,True,False,False,False,160.05,train
-0.06976503867317382,-0.6022813185866731,0.6348348437991409,0.27094820451600116,1.2470005586684494,-0.7991338732463047,-0.42425117168548854,False,True,False,False,True,True,False,False,False,True,False,False,155.78,train
-0.47269373141822857,-1.4648034054594827,-0.9504647458598359,1.0432978102201231,0.12840260355217992,-0.28854390295089105,-1.6571476717536335,False,True,False,True,False,True,False,False,True,False,False,False,103.36,train
0.33316365407187937,-0.2163247355546506,0.031731739037573606,-1.746382855158943,-1.0347166632105083,-0.7778592911506623,1.630576328428086,False,True,False,False,False,False,True,False,False,False,True,False,79.95,train
-0.9982528958682987,-0.30372626093655614,-0.1061203991936419,0.8761475224184845,0.14231551344168575,-0.6289372164811667,-1.074946546721454,False,True,False,False,False,False,False,False,False,False,False,False,127.64,train
1.2616515112670041,0.2057150460295347,1.5653367768598452,1.2680861282981888,-0.7300239366303303,0.8957411670398596,1.253857953407264,False,False,True,False,True,False,False,False,False,False,False,False,97.84,train
0.5433873198519077,-1.6219657813755692,1.065622775771689,-1.4870117189150216,-1.6580150262603697,-1.026062748933155,0.7743982033807632,False,True,False,True,False,False,False,False,False,False,True,False,43.1,train
0.876241457336953,0.09719816742080806,-1.6569569542948146,1.5562762796803236,1.4765635718452956,-0.34527612187260376,-0.6982281717006318,False,False,False,False,False,False,False,False,False,False,False,False,172.83,train
0.28060773762687347,-1.2632720594718476,-1.5535678506214032,-1.0086160676206777,-0.684111333994961,-0.6502117985768091,0.7230275158779242,False,True,False,False,True,False,False,False,False,True,False,False,78.62,train
-0.56028692549324,0.7416173652672118,-0.9160017113020321,-0.5936222496304032,-0.9261959660723628,0.6049885450660824,0.3805562658589951,True,False,False,False,False,False,False,False,True,False,False,False,84.92,train
1.3492447053420156,0.6713219488285534,-0.2439725374248568,-1.6368705976337319,1.0883933859280828,-0.8629576195332314,-0.8694637967100963,False,False,False,False,False,False,True,False,False,False,False,False,164.79,train
0.8587228185219495,0.7857190523865218,1.3930216040708259,-1.043198885786534,-1.3310616438569824,0.20077148524888008,-1.4345413592413296,True,False,False,False,False,True,False,False,True,False,False,False,82.56,train
0.3156450152568774,0.407513674969408,1.70318891509106,0.7896904770038441,0.803178733193213,1.5552532120047684,-0.3900040466835958,False,False,False,False,True,False,False,False,False,False,True,False,153.6,train
-0.3325446208982097,0.6451282195092057,1.427484638628629,0.028868477355008058,0.7030057819887707,-1.0402458036635833,0.2606913283523694,False,False,True,False,True,False,False,False,True,False,False,False,152.63,train
0.4557941257768963,1.526894678943169,-0.14058343375144564,1.504402052431539,-0.9095004742049557,0.952473385961572,0.3805562658589951,True,False,False,False,False,False,True,False,False,False,False,True,105.69,train
0.5083500422219038,1.5333094697968863,1.3068640176763162,-0.13251800741898734,0.32596592398316265,1.108486987996282,0.8086453283826566,False,False,False,True,False,False,False,True,False,False,False,False,142.65,train
1.0514278454869759,1.6776422640055375,0.7726869820303565,0.8703837193908421,-0.12620364742577708,-1.6146595202459233,-0.20164485917318478,False,True,False,False,False,False,True,False,False,True,False,False,138.01,train
-0.7179546748282609,-0.6854063167327666,-0.14058343375144564,-1.4639565068044509,0.1993584439886596,0.4418834156661588,0.05520857834101207,False,True,False,True,False,False,False,False,False,False,False,False,114.2,train
-0.2274327880081947,1.3659903416957466,1.5136422250231385,-1.458192703776808,-1.0931508847464328,1.1794022616484225,-1.5715298592489013,False,False,False,False,True,False,False,True,False,False,False,True,89.31,train
-0.3150259820832077,-1.0360815500693412,-1.4674102642268936,-0.08064378017020314,-0.731415227619281,-0.6431202712115949,1.2196108284053713,True,False,False,False,True,False,False,False,True,False,False,False,76.72,train
-1.1033647287583122,0.4264907645783233,-0.7436865385130129,-1.6772172188272307,0.2744881573919912,0.05184941057938463,0.22644420335047663,False,True,False,False,False,False,True,False,False,False,False,False,134.94,train
0.052865433031841554,0.49411335149459856,1.427484638628629,0.31129482570950023,1.280391542403263,0.8815581123094313,-1.194811484228079,True,False,False,True,False,True,False,False,False,True,False,False,174.69,train
-1.243513839278331,0.5614686554586359,-1.6741884715737165,-1.4697203098320937,-1.6955798829620354,1.7254498687699067,0.2606913283523694,False,False,True,False,False,False,False,False,False,False,False,True,60.94,train
1.5419497323070421,-0.6661619441716131,1.410253121349728,-1.5215945370808779,1.4751722808563448,-1.2246255151591492,0.8086453283826566,False,False,False,False,False,False,True,False,False,False,True,False,169.52,train
1.1740583171919927,-1.1331052617318234,-1.3640211605534818,0.9164941436119836,-0.08168233577935817,-1.7564900675502049,1.133993015900639,False,False,True,True,False,False,False,False,False,False,False,False,100.68,train
1.6470615651970555,0.016478715844858917,0.8416130511459639,0.38046046204121275,0.465095022878221,-0.04743197253361259,0.03808501584006567,False,True,False,False,True,False,False,False,True,False,False,False,127.73,train
-1.348625672168346,1.249989540424349,1.5825682941387473,-0.20744744677834268,0.3162268870605087,-0.9338728931853721,0.637409703373192,False,True,False,False,True,False,False,False,False,False,True,False,149.95,train
0.6484991527419227,1.249454974519873,1.410253121349728,0.6110125831469208,-1.3922784473708083,0.7751852018312201,-1.331799984235651,False,False,False,False,False,False,True,False,True,False,False,False,76.53,train
-1.7340357260983972,1.6001302078564472,-0.03719433007803384,0.011577068272080125,-0.17211625006114611,-0.827499982707161,0.6716568283750848,False,False,True,False,True,False,True,False,False,False,False,False,132.2,train
-1.2960697557233385,-1.047841999967824,1.5136422250231385,-1.1527111433117452,-1.7498402315311081,-1.4799205003068558,-0.20164485917318478,True,False,False,False,False,False,False,False,False,False,False,False,50.14,train
0.7010550691869286,0.027704599838864932,0.20404691182659282,1.6888437493161055,-0.607590329602679,-0.5651134701942402,-1.1091936717233468,False,True,False,False,True,False,False,False,False,False,True,False,95.6,train
-0.017209122228167898,-0.17382674614877006,-1.3295581259956781,-0.1728646286124864,-0.2528111274202801,0.6900868734486515,-1.3146764217347044,False,False,True,True,False,False,False,True,False,False,True,False,103.51,train
-1.1734392840183216,-1.6949340273366096,-1.105548401369953,1.4352364160998266,-0.6034164566358271,0.2858698136314489,-1.5544062967479546,False,True,False,False,False,False,True,False,False,True,False,False,83.69,train
-0.4201378149732211,0.6232110174256698,0.34189905005780835,1.060589219303051,-1.5272336732990148,-0.10416419145532525,0.0038378908381728775,False,False,False,False,True,True,False,False,False,True,False,False,76.84,train
-0.24495142682319823,1.5282310937043602,-0.03719433007803384,-0.43223576485640786,0.0518815991598978,0.46315799776180083,-1.14344079672524,False,False,True,True,False,True,False,False,False,False,False,False,141.09,train
-0.29750734326820416,-1.6527033208829673,1.4791791904653355,1.2450309161876176,-0.06637813490090182,0.8815581123094313,0.7230275158779242,False,False,True,True,False,False,False,True,False,False,True,False,99.25,train
-0.5427682866782381,1.5961209635728735,-0.2956670892615627,-0.3342511133864818,1.1732621362540683,-0.23181168402917843,-1.4002942342394369,False,False,False,False,True,False,True,False,True,False,False,False,178.91,train
-0.3150259820832077,-1.425512811480461,0.652066361078043,0.8415647042526286,-1.1877586719950726,-0.05452349989882651,-0.4584982966873816,False,False,True,False,True,False,False,False,False,False,True,False,60.25,train
-0.6478801195682514,-0.6864754485417196,1.6514943632543546,0.4784451135111388,-0.7675887933319961,0.7468190923703639,0.9456338283902277,False,False,True,False,False,False,True,False,False,False,False,False,83.62,train
-0.6478801195682514,-0.10700600808920938,1.289632500397414,0.9510769617778403,0.14092422245273523,-0.6998524901333075,0.9798809533921211,False,True,False,False,False,True,False,False,False,False,True,False,119.56,train
1.1565396783769908,0.5831185745899333,-1.3467896432745803,1.469819234265683,1.3903035305303597,-0.749493181689806,-0.544116109192114,False,False,False,False,True,False,False,False,False,True,False,False,181.99,train
0.9287973737819589,0.567883446312354,-0.9504647458598359,-0.7895915525702549,1.4250858052541242,-1.5437442465937825,-0.047532796664666616,False,False,False,True,False,False,False,True,False,True,False,False,177.02,train
-1.0157715346833007,-0.42026162811242973,-0.4679822620505819,-0.8760485979848954,0.09779420179526682,1.491429465717842,0.08945570334290516,False,True,False,False,False,False,True,False,False,False,False,False,123.07,train
-1.751554364913399,-0.4253400042049566,0.8416130511459639,1.412181203989256,-0.3599405335694749,-0.45874055971602906,-1.5715298592489013,False,True,False,False,True,False,True,False,False,False,True,False,101.44,train
-0.595324203123244,-1.4648034054594827,-1.105548401369953,-1.3774994613898104,0.7934396962705587,0.5198902166835138,1.2196108284053713,False,True,False,False,False,True,False,False,False,True,False,False,137.13,train
-0.6653987583832534,1.6792459617189672,1.5653367768598452,0.10956171974200576,1.1593492263645624,1.392148082604845,1.1511165784015858,False,True,False,False,True,False,False,False,False,True,False,False,181.16,train
-0.15735823274818525,0.9260426023115993,-0.39905619293497446,0.24789299240543086,0.5680505560605643,-0.28854390295089105,1.6476998909290328,False,True,False,True,False,False,True,False,True,False,False,False,148.39,train
1.4893938158620346,-1.1475385411526884,-1.226169022322267,-0.8529933858743247,-1.2768012952879098,1.6899922319438363,1.6990705784318723,False,False,False,True,False,True,False,False,False,False,False,True,62.94,train
1.5945056487520495,-1.5792005090174506,0.29020449822110245,1.660024734177892,0.9075255573645068,-1.3239068982721462,0.5004212033656202,False,True,False,True,False,True,False,False,False,False,False,False,136.02,train
-0.12232095511818131,-0.3913950692706996,-1.5880308851792069,0.9683683708607682,-0.34046245972416705,-1.387730644559073,1.1853637034034785,False,False,False,False,True,True,False,False,False,False,False,True,101.51,train
0.6309805139269191,0.08490315161784913,-1.0538538495332477,0.4035156741517839,1.046654656259565,-0.19635404720310803,-1.0235758592186146,False,False,False,True,False,False,False,False,False,False,False,False,153.53,train
0.7711296244469381,-0.5843733607867111,-0.20950950286705308,-0.36883393155233807,1.612910088762453,0.278778286266235,1.510711390921461,False,False,False,False,False,False,True,False,True,False,False,False,170.57,train
-0.9982528958682987,0.8931667991862949,-1.3295581259956781,-1.3198614311133834,-0.7536758834424903,-0.6289372164811667,0.5175447658665663,False,False,True,True,False,False,True,False,False,True,False,False,106.45,train
1.3142074277120117,1.4288018354717338,-0.6747604693974049,-0.23626646191655618,0.8226568070385213,-1.3168153709069321,-0.7667224217044177,True,False,False,False,False,False,False,True,False,True,False,False,169.24,train
-0.49021237023323055,1.12062459154104,-1.7086515061315206,-0.08640758319784592,-0.9609782407961274,1.3070497542222759,-0.44137473418643497,True,False,False,False,False,True,False,False,False,False,True,False,96.37,train
-0.6303614807532495,0.5486390737512004,0.9966967066560816,-1.0086160676206777,1.2191747388894376,-1.302632316176504,-0.886587359211043,True,False,False,False,True,False,True,False,False,False,True,False,168.11,train
0.33316365407187937,-0.7367246435625094,1.3413270522341194,1.700371355371391,0.5777895929832182,-1.3664560624634305,-1.2119350467290257,False,True,False,False,True,False,False,False,False,False,True,False,129.58,train
1.52443109349204,-1.132837978779585,-0.7436865385130129,-0.39765294669055157,-0.0594216799561489,-0.6927609627680935,1.099745890898746,False,False,True,True,False,False,True,False,False,False,True,False,107.54,train
1.4543565382320307,0.22763224811307073,0.20404691182659282,-0.3918891436629088,-0.44620057488441134,1.2219514258397073,0.637409703373192,False,False,False,False,True,True,False,False,False,False,True,False,108.49,train
1.1215024007469854,0.8803372174788594,-1.2606320568800706,0.017340871299722907,1.1120453327402429,-0.8062254006115187,0.24356776585142334,False,False,True,True,False,False,False,True,False,False,True,False,169.39,train
0.2981263764418754,-1.295613296692675,0.0834262908742795,-1.3025700220304555,-1.242019020564145,1.704175286674264,1.2881050784091568,False,False,False,True,False,False,False,False,True,False,False,False,59.81,train
-0.8931410629782853,1.649310271068284,-0.416287710213876,0.0461598864379364,-0.8566314166248336,-0.7778592911506623,-0.6297339216968462,False,False,False,False,True,False,False,False,False,True,False,False,107.11,train
-0.4026191761582191,-1.1157318698363377,-0.8126126076286204,0.034632280382650836,0.11448969366267407,-0.7424016543245919,-0.44137473418643497,False,True,False,False,True,False,False,True,False,False,False,True,102.34,train
1.1565396783769908,-1.1681193284750333,0.47975118828902386,-0.4207081588011223,0.9576120329667277,0.6049885450660824,-0.7153517342015785,False,False,False,False,False,True,False,False,True,False,False,False,138.37,train
1.4018006217870231,-1.5674400591189679,1.0483912584927875,-0.04029715897670408,1.707517876011092,0.07312399267502666,-1.5030356092451154,False,True,False,False,True,True,False,False,False,True,False,False,156.85,train
-1.1734392840183216,1.4210506298568244,0.8933076029826698,-1.158474946339388,-0.51437383334299,-1.2388085698895774,-0.8180931092072572,False,False,True,False,True,False,False,False,False,False,True,False,118.68,train
1.4893938158620346,0.7520414004045028,-1.43294722966909,-0.9970884615653921,0.4859643877124798,-1.7919477043762753,-0.6297339216968462,False,False,True,False,True,False,True,False,False,False,False,False,143.3,train
-0.3150259820832077,1.0313520854934666,-0.6402974348396011,1.6888437493161055,-0.84828367069113,0.278778286266235,1.0826223283977996,False,False,True,False,True,True,False,False,False,True,False,False,99.55,train
-0.43765645378822304,-1.394775271973063,1.1345488448872971,-0.5475118254092618,0.6348325235301925,1.3212328089527041,1.3737228909138892,False,False,False,False,False,True,False,False,False,False,False,False,126.52,train
-1.225995200463329,1.6132270725161213,1.4964107077442377,0.27671200754364433,0.3162268870605087,0.1511307936923816,0.03808501584006567,False,False,True,True,False,True,False,False,False,False,True,False,154.39,train
1.1390210395619873,-0.6632218316969927,1.0311597412138853,-0.5302204163263334,-0.6159380755363824,-0.2672693208552488,-0.9893287342167217,False,False,True,False,True,False,False,False,False,False,True,False,82.85,train
1.0514278454869759,1.1829015194125503,-0.4679822620505819,-1.4812479158873788,0.34266141585056986,-0.35236764923781794,-1.6229005467517406,False,False,False,False,False,False,False,True,True,False,False,False,145.13,train
-0.9632156182382932,1.6575960425876692,0.01450022175867205,-1.5792325673573049,-1.0444557001331625,0.853192002848575,-0.08177992166655941,True,False,False,False,False,False,False,True,False,False,True,False,100.98,train
1.664580204012059,-0.7212222323326911,1.1517803621661986,-0.829938173763754,-0.8329794698126736,0.7397275650051497,-0.1502741716703453,False,False,True,False,True,True,False,False,False,True,False,False,83.44,train
-1.5938866155783782,0.9685405917174795,-1.5880308851792069,-1.1930577645052438,0.19240198904390668,1.3779650278744167,0.9970045158930672,False,False,True,True,False,True,False,False,False,False,False,True,142.19,train
0.6484991527419227,-1.3370421542896027,-1.3640211605534818,-1.5504135522190914,-0.03437844215503863,0.7751852018312201,1.4764642659195681,False,False,True,True,False,False,True,False,False,True,False,False,93.03,train
-0.6303614807532495,0.5582612600317769,0.8416130511459639,-0.11522659833605942,-0.6061990386137285,1.0588462964397831,0.31206201585520893,False,False,True,True,False,True,False,False,False,False,False,True,105.92,train
0.017828155401837607,0.8728532948161888,-0.6230659175606996,-0.7146621132109,1.2483918496573994,-1.579201883419853,-0.08177992166655941,True,False,False,False,False,False,False,True,False,True,False,False,177.23,train
1.1390210395619873,0.8172584407506344,-1.381252677832384,1.7061351583990334,-1.0708902289232234,1.0233886596137127,-1.0920701092224003,True,False,False,True,False,False,False,False,False,False,False,False,89.75,train
0.00030951658683563236,0.3324071653904617,-1.5191048160635994,-1.5100669310255923,-1.5188859273653113,0.5553478535095842,-0.2872626716779171,False,True,False,False,True,False,False,True,False,False,False,False,63.02,train
-0.12232095511818131,1.2903492662123242,-0.15781495103034718,-0.9452142343166079,1.0856108039501813,-1.3309984256373601,0.6716568283750848,False,False,False,False,True,True,False,False,False,False,False,False,170.09,train
-1.0508088123133061,0.9482270873473734,1.6859573978121578,1.5505124766526803,1.6435184905193656,0.6404461818921527,0.9285102658892816,True,False,False,True,False,False,True,False,False,False,False,True,183.03,train
-1.4712561438733613,-0.2569517442948636,1.1345488448872971,0.4438622953452821,-0.8037623590447113,1.5552532120047684,0.03808501584006567,True,False,False,True,False,False,False,False,False,True,False,False,93.99,train
-0.7880292300882703,1.1698046547528762,-1.4157157123901876,-0.8357019767913968,0.6167457406738347,-1.1395271867765802,-0.1845212966722381,False,False,False,False,True,False,False,True,False,False,True,False,159.93,train
1.6295429263820536,-1.4698817815520093,-0.3301301238193664,-1.3486804462515969,-0.5547212720225566,0.49152410722265705,1.510711390921461,False,False,False,False,True,False,True,False,False,True,False,False,68.57,train
-1.38366294979835,0.7742258854402769,1.2207064312818066,1.2104480980217618,-0.6215032394921848,-0.7565847090550202,-1.5715298592489013,False,False,True,False,False,True,False,False,False,False,True,False,108.97,train
1.682098842827061,-0.9834268084784074,-0.4335192274927782,0.6917058255339188,0.3746611085964331,0.2929613409966631,-0.2872626716779171,False,False,False,True,False,False,False,True,False,False,False,False,122.7,train
1.3142074277120117,-1.3204706112508315,1.3585585695130216,-0.7838277495426126,-0.7648062113540949,0.7042699281790793,0.03808501584006567,True,False,False,False,True,False,True,False,True,False,False,False,73.49,train
-0.3150259820832077,-0.6399682148522654,-1.0366223322543455,1.175865279855905,-1.1766283440834677,1.576527794100411,-0.5612396716930603,True,False,False,False,True,True,False,False,False,False,False,False,69.57,train
1.3317260665270136,0.10227654351333491,0.5142142228468276,1.1643376738006195,0.6668322162760557,-1.4799205003068558,-1.194811484228079,False,False,False,False,False,True,False,False,False,False,False,True,145.65,train
-0.9982528958682987,-0.7388629071804153,-0.45075074477168037,-0.19015603769541434,0.02266448839193562,-1.1749848236026506,-0.20164485917318478,False,True,False,False,True,True,False,False,False,False,False,True,109.42,train
0.03534679421683958,0.9891213790398243,-0.967696263138738,-1.4524289007491653,1.006307217579998,-1.033154276298369,-1.6571476717536335,False,False,False,False,False,False,False,False,True,False,False,False,166.9,train
0.7711296244469381,1.1003110871709332,-0.8126126076286204,0.8703837193908421,-0.8371533427795254,-0.7565847090550202,0.9970045158930672,False,False,True,False,True,False,True,False,False,False,False,False,108.05,train
0.3156450152568774,-0.12090472160559781,-0.0027312955202301193,1.1124634465518357,-1.272627422321058,-0.004882808342328029,1.596329203426193,True,False,False,True,False,False,False,True,False,False,False,True,82.48,train
0.43827548696189433,0.5256527398587111,0.9105391202615719,0.6513592043404197,1.1496101894419084,-1.664300211802422,1.4764642659195681,False,True,False,False,True,True,False,False,False,False,False,True,170.88,train
-0.3675818985282136,-0.45420656304668666,-0.08888888191473973,0.7954542800314872,1.532215211403319,-1.0118796942027268,0.7915217658817099,False,True,False,False,False,False,False,True,False,False,True,False,167.05,train
-0.2624700656382002,-1.228257992728638,1.3757900867919237,1.0087149920542673,-0.9929779335419907,1.4701548836221998,1.1168694533996923,False,False,True,False,False,False,False,True,False,False,False,False,68.92,train
-0.49021237023323055,-1.2699541332778037,-1.4846417815057957,-0.10946279530841663,0.167358751242796,1.3354158636831326,1.6819470159309255,False,False,True,False,True,False,True,False,True,False,False,False,110.22,train
0.6134618751119172,-0.7396647560371299,-0.3818246756560723,0.7089972346168467,-1.2712361313321074,-0.7565847090550202,-1.074946546721454,True,False,False,False,True,False,True,False,False,True,False,False,62.13,train
1.3142074277120117,0.855212619968465,0.47975118828902386,0.2075463712119318,0.7530922575909921,1.6261684856569092,-0.6126103591958996,False,True,False,True,False,False,False,True,True,False,False,False,156.86,train
1.2441328724520022,-0.6100325242015822,-1.0710853668121492,-0.12675420439134455,0.3537917437621743,-1.7706731222806331,0.29493845335426283,True,False,False,True,False,True,False,False,False,False,False,True,116.19,train
-1.4187002274283553,0.6387134286554883,1.3757900867919237,-0.5014014011881199,1.1329146975745017,-1.3309984256373601,-0.21876842167413119,False,False,False,True,False,False,False,True,False,True,False,False,163.7,train
-0.2624700656382002,-1.2445622528151705,0.031731739037573606,0.08074270460379226,0.4567472769445176,0.20786301261409426,0.17507351584763745,False,False,False,False,False,False,True,False,False,False,True,False,121.14,train
-0.03472776104316987,0.5101503286288932,-0.7264550212341108,0.9914235829713385,-0.02463940523238431,-0.10416419145532525,0.9113867033883349,False,False,True,False,False,False,True,False,False,False,False,False,122.91,train
-0.5077310090482325,-0.9794175641948337,0.5142142228468276,-1.5965239764402328,-0.14985559423793685,-1.2813577340808617,1.099745890898746,False,True,False,True,False,False,True,False,True,False,False,False,100.86,train
-0.8055478689032723,-0.5736820426971814,-1.1400114359277573,1.25079471921526,0.6835277081434629,1.4843379383526276,-0.44137473418643497,False,False,True,False,True,False,False,False,True,False,False,False,137.41,train
1.2791701500820063,1.3095936387734777,0.031731739037573606,-1.3774994613898104,-1.2545406394647005,0.7113614555442935,-0.9037109217119895,False,False,False,True,False,True,False,False,False,True,False,False,93.04,train
0.3682009317018849,-0.19814949480245023,0.23850994638439654,0.17296355304607552,-1.239236438586244,1.704175286674264,0.4832976408646735,True,False,False,False,False,False,False,True,True,False,False,False,73.16,train
-0.56028692549324,0.746695741359738,0.42805663645231795,-0.9970884615653921,-0.32794084082361175,-0.5580219428290261,1.133993015900639,False,False,False,False,True,False,False,True,False,True,False,False,104.48,train
-0.2624700656382002,-1.0914091211826573,0.7726869820303565,1.0836444314136222,0.3913566004638403,-1.111161077315724,-0.5612396716930603,True,False,False,False,False,True,False,False,False,False,True,False,126.93,train
1.1740583171919927,0.2939184202681548,-1.5191048160635994,0.6455954013127766,-0.4698525216965711,0.17240537578802387,-1.0578229842205076,False,True,False,False,True,False,False,False,False,False,False,False,105.62,train
1.436837899417027,-1.225050597301779,-1.2606320568800706,-1.389027067445096,-0.47680897664132404,-0.9764220573766565,1.5620820784243004,False,False,True,False,False,False,False,False,False,True,False,False,86.47,train
0.9638346514119644,-0.027355688322212836,-1.0021592976965417,-1.4927755219426644,0.7544835485799426,0.7680936744660064,-0.5098689841902209,False,True,False,False,True,True,False,False,False,False,False,False,149.77,train
-1.5413306991333708,0.6737274953986979,0.9277706375404735,-0.9452142343166079,0.9186558852761112,0.27168675890102084,1.0483752033959066,False,False,True,False,True,True,False,False,False,False,False,False,158.8,train
1.3317260665270136,0.817793006655111,-1.43294722966909,-1.6138153855231612,1.3151738171270275,-0.31691001241174754,-0.5783632341940067,False,False,False,True,False,False,False,True,False,False,True,False,180.98,train
-0.2799887044532022,-0.8679605731114864,0.4625196710101217,-0.7838277495426126,-1.5077555994537066,-0.9764220573766565,1.390846453414836,True,False,False,False,True,False,True,False,False,False,False,True,61.81,train
0.9638346514119644,-0.37669450689759626,-0.08888888191473973,0.7839266739762016,-1.4423649229730293,1.2645005900309918,-0.9722051717157754,False,False,True,True,False,False,False,True,True,False,False,False,64.16,train
0.7886482632619416,-0.8003379861952111,-1.2778635741589721,1.423708810044541,1.443172588110481,1.4063311373352734,0.03808501584006567,True,False,False,True,False,True,False,False,True,False,False,False,153.68,train
0.3506822928868829,0.39682235687987827,-1.3295581259956781,0.5303193407599226,-1.5522769111001256,-1.4799205003068558,0.22644420335047663,False,False,False,False,False,True,False,False,False,False,True,False,66.49,train
-1.6114052543933803,-1.1323034128751086,1.4447161559075312,0.6398315982851343,-1.3547135906691425,1.2645005900309918,-1.605776984250794,True,False,False,False,True,True,False,False,True,False,False,False,58.38,train
0.2630890988118699,0.7183637484224845,1.6514943632543546,-1.4639565068044509,-0.40724442719379483,0.4418834156661588,0.6202861408722453,False,False,True,False,True,False,False,True,False,True,False,False,107.73,train
-1.2610324780933346,-0.5367969952883036,0.2729729809422009,-0.829938173763754,1.3263041450386324,0.3000528683618773,-0.47562185918832806,False,False,False,False,False,False,False,True,False,False,False,True,161.54,train
0.4557941257768963,-1.2910694865046248,-1.6741884715737165,0.017340871299722907,-1.0681076469453221,0.23622912207495045,-0.6811046091996854,False,False,True,False,False,False,True,False,True,False,False,False,58.51,train
1.682098842827061,0.44065676104695,-0.7436865385130129,0.6628868103957053,-1.2114106188072324,1.4063311373352734,-0.47562185918832806,False,False,False,True,False,False,False,True,True,False,False,False,89.42,train
-0.4201378149732211,-0.9112604113740819,-0.6058344002817975,-0.8414657798190396,1.4069990223977664,-0.9551474752810143,1.0141280783940139,False,True,False,True,False,True,False,False,False,False,True,False,156.18,train
-0.9632156182382932,1.4881386508686238,-1.0883168840910513,-0.9970884615653921,-1.5508856201111747,-1.2813577340808617,1.2881050784091568,True,False,False,False,False,False,True,False,False,False,True,False,77.64,train
1.2090955948219968,0.26157718304732736,-0.07165736463583756,-1.3659718553345248,-0.12620364742577708,0.1653138484228097,-0.85234023420915,False,False,False,False,True,True,False,False,False,False,True,False,116.14,train
0.7185737080019321,-1.5810714896831184,0.703760912914749,0.48997271956642435,-0.9915866425530401,-1.6572086844372078,0.3805562658589951,True,False,False,False,False,False,False,False,False,True,False,False,66.24,train
1.3492447053420156,-0.7236277789028353,-0.6575289521185033,-0.5820946435751181,-0.352984078624722,0.3638766146488039,-1.1263172342242933,True,False,False,True,False,False,True,False,False,False,False,True,98.14,train
0.6309805139269191,0.6961792633867105,-1.0538538495332477,1.423708810044541,-0.9637608227740283,0.1227646842315254,0.31206201585520893,True,False,False,True,False,False,False,False,False,False,False,True,80.94,train
0.22805182118186598,-0.9171406363233232,1.6170313286965503,-0.7204259162385428,0.3190094690384097,1.0375717143441412,1.3223522034110502,False,True,False,False,True,False,False,False,False,False,True,False,120.85,train
-0.06976503867317382,0.07902292666860766,-0.2956670892615627,1.6484971281226064,-1.6705366451609251,0.009300246388100073,-1.1263172342242933,True,False,False,False,True,False,False,True,False,False,False,False,58.9,train
0.5784245974819132,1.2780542504093646,0.6692978783569447,-0.05182476503198964,-0.08168233577935817,1.576527794100411,1.099745890898746,False,False,True,False,True,False,True,False,False,False,True,False,131.4,train
0.6484991527419227,0.21533723231011148,0.7382239474725527,0.9222579466396268,-0.7035894078402694,-0.4020083407943164,-1.5201591717460619,False,True,False,True,False,True,False,False,False,False,False,False,93.94,train
0.10542134947684903,1.283934475358606,-1.1572429532066588,-1.6599258097443026,-0.06637813490090182,-0.05452349989882651,1.3737228909138892,False,False,False,True,False,False,False,True,False,False,False,True,126.47,train
0.2630890988118699,-0.6044195822045793,-0.5886028830028952,1.67731614326082,0.6626583433092041,-0.24599473875960678,-0.5098689841902209,False,False,False,False,True,False,False,True,True,False,False,False,133.94,train
-1.7865916425434047,0.6560868205509741,-0.34736164109826856,-0.2247388558612706,-0.47680897664132404,-1.1891678783330788,-0.8694637967100963,False,False,True,True,False,True,False,False,False,False,False,True,102.99,train
-0.6653987583832534,-0.025751990608783623,-0.89877019402313,0.005813265244437344,0.3663133626627296,0.49152410722265705,1.6134527659271398,True,False,False,False,True,False,True,False,False,False,False,False,130.87,train
-1.068327451128308,1.4130321412896771,-0.6747604693974049,1.3833621888510426,0.22857555475662178,0.3213274504575193,-0.5954867966949531,False,False,False,False,True,False,True,False,True,False,False,False,144.94,train
-1.366144310983348,0.7726221877268477,-0.019962812799132288,1.2738499313258311,1.3527386738286933,1.1652192069179943,-0.253015546676024,True,False,False,True,False,False,False,False,True,False,False,False,177.27,train
-1.6464425320233858,0.765405548016415,0.06619477359537733,-0.870284794957253,1.2984783252596208,-0.6218456891159526,0.431926953361834,False,False,True,True,False,False,False,True,False,False,True,False,175.73,train
0.4733127645918983,-1.5439191593220023,-0.1922779855881515,0.6628868103957053,-1.2990619511111192,-1.217533987793935,-0.27013910917697037,False,False,True,True,False,True,False,False,False,False,True,False,44.15,train
0.10542134947684903,-1.3316964952448378,-1.2089375050433646,-0.10946279530841663,-0.25976758236503306,-0.8416830374375891,-0.27013910917697037,True,False,False,False,True,False,False,False,False,False,False,False,95.21,train
-1.0508088123133061,-0.6538669283686541,-0.1922779855881515,-1.2968062190028127,1.4000425674530135,-1.7281239580893486,1.5278349534224076,False,False,True,False,True,False,False,False,False,False,True,False,157.63,train
1.1915769560069949,0.1407652886356418,-0.7264550212341108,-1.1469473402841024,0.6111805767180323,-1.0615203857592255,1.6476998909290328,False,False,False,False,False,False,False,False,False,False,False,False,134.03,train
-0.9982528958682987,-0.14389105549808676,0.37636208461561205,0.7205248406721323,-0.08724749973516058,1.3850565552396308,-1.640024109252687,False,False,True,False,True,False,False,False,True,False,False,False,105.04,train
0.6309805139269191,1.399133427773289,-1.0193908149754434,0.8703837193908421,0.6417889784749454,-0.35945917660303184,1.356599328412943,False,False,False,False,True,False,False,False,False,False,False,False,167.85,train
-0.06976503867317382,-0.6608162851268482,1.1517803621661986,-0.1728646286124864,0.8727432826407422,-0.9906051121070847,0.15794995334669104,True,False,False,True,False,False,False,False,False,False,False,True,143.2,train
0.4207568481468908,-1.445291749946091,0.652066361078043,-0.4668185830222641,-0.3724621524700302,-0.0899811367248969,-1.5544062967479546,False,False,False,False,True,False,False,True,False,False,False,True,92.03,train
1.3667633441570177,0.6194690560943347,-0.05442584735693601,-1.118128325145889,1.4223032232762225,0.10149010213588311,-0.7324752967025249,False,False,False,True,False,False,False,False,False,True,False,False,180.67,train
-0.4026191761582191,-1.5067668289608869,1.4964107077442377,0.028868477355008058,-1.5174946363763608,0.7680936744660064,0.8771395783864421,False,False,False,True,False,False,False,True,True,False,False,False,48.69,train
-0.052246399858171845,0.1864706734683814,-0.34736164109826856,-1.4293736886385946,0.421965002220753,-1.6004764655154953,-0.013285671662773519,False,False,False,True,False,True,False,False,False,False,False,False,135.13,train
1.5069124546770365,1.3109300535346688,1.2207064312818066,-1.5215945370808779,-0.28898469313299524,0.17240537578802387,-1.5201591717460619,False,False,False,True,False,True,False,False,False,False,False,False,124.48,train
-1.4362188662433575,0.3535225186172831,-1.5535678506214032,-1.043198885786534,-0.9943692245309412,1.5481616846395547,0.8600160158854955,False,False,True,True,False,True,False,False,False,False,True,False,83.43,train
-0.15735823274818525,0.5531828839392506,-0.45075074477168037,-0.7838277495426126,1.6852572201878833,-0.4871066691768853,-1.194811484228079,False,False,True,False,False,False,False,False,True,False,False,False,182.26,train
1.2090955948219968,0.01380588632247649,-1.622493919737011,0.43809849231763975,1.0716978940606754,1.2006768437440647,0.2606913283523694,True,False,False,False,False,False,False,True,False,False,False,False,151.9,train
0.9463160125969625,-0.2339654104023747,-0.9849277804176396,-1.1988215675328866,-1.0068908434314965,0.5057071619530854,-1.0578229842205076,False,True,False,True,False,False,False,False,False,False,False,True,88.16,train
1.52443109349204,-1.6013849940532245,-0.8126126076286204,0.4726813104834956,1.710300457988994,0.03057482848374235,-1.5372827342470083,False,False,True,False,True,False,False,True,False,False,False,True,162.73,train
0.5959432362969153,-1.282516432033001,1.410253121349728,1.3775983858233996,1.6908223841436854,-0.35236764923781794,0.24356776585142334,False,False,True,False,True,False,False,False,False,True,False,False,166.02,train
0.4207568481468908,0.055234743919404125,0.6003718092413372,-1.5792325673573049,0.48874696969038117,1.6687176498481937,1.4764642659195681,True,False,False,False,False,False,False,True,False,False,True,False,133.03,train
-1.1734392840183216,0.5855241211600778,1.0311597412138853,-1.6483982036890172,-0.6757635880612577,-0.5438388880985979,0.8600160158854955,True,False,False,True,False,False,True,False,True,False,False,False,106.88,train
1.3492447053420156,-1.6142145757606603,0.29020449822110245,-0.16710082558484363,0.7461358026462391,1.3283243363179182,-0.9550816092148287,False,False,False,True,False,True,False,False,False,False,False,False,135.56,train
-0.8405851465332778,-0.5290457896733947,1.5653367768598452,1.3257241585746158,-1.1126289585917408,-0.8629576195332314,-0.1845212966722381,True,False,False,True,False,True,False,False,True,False,False,False,73.36,train
0.1754959047368585,-1.2878620910777658,0.18681539454769128,-1.7348552491036577,-1.3185400249564272,0.7397275650051497,0.431926953361834,False,False,False,False,True,False,False,True,False,False,True,False,55.7,train
-0.3325446208982097,-0.7487523764132303,0.23850994638439654,-1.285278612947527,-0.4712438126855216,-0.3310930671421756,1.2709815159082107,True,False,False,False,True,True,False,False,False,False,False,False,86.98,train
-0.3150259820832077,0.9161531330787842,0.9966967066560816,1.4928744463762535,0.43170403914340694,-0.9125983110897299,-0.8180931092072572,False,False,False,False,False,False,False,True,False,False,False,True,137.48,train
-1.5413306991333708,1.532240337987934,-0.7609180557919145,0.1268531288249341,-1.3978436113266106,0.10858162950109704,1.2881050784091568,False,False,True,False,True,False,False,False,False,False,True,False,78.52,train
0.6660177915569246,-1.0529203760603505,-0.7609180557919145,-0.04029715897670408,1.4417812971215311,0.470249525127015,0.14082639084574436,False,False,True,False,True,False,False,False,False,True,False,False,155.94,train
-0.0872836774881758,1.0099694493144071,-0.691991986676307,1.0721168253583366,-0.9136743471718074,0.18658843051845198,-1.5201591717460619,False,True,False,False,True,False,False,True,False,False,False,True,96.19,train
-1.5413306991333708,-0.783499160204202,-1.6569569542948146,-0.8933400070678237,1.1301321155965998,0.9595649133267862,1.2881050784091568,False,True,False,False,False,False,False,False,False,False,False,False,139.9,train
1.5069124546770365,0.4187395589634143,1.6170313286965503,0.34011384084771373,1.0146549635137017,-1.5153781371329262,-0.886587359211043,False,True,False,False,False,False,False,True,False,False,False,True,162.2,train
-0.7354733136432628,-0.376427223945358,-1.5018732987846972,1.348779370685186,-1.0931508847464328,0.7255445102747219,0.4148033908608879,False,False,False,False,True,False,True,False,False,False,False,True,74.67,train
-1.7340357260983972,0.7437556288851176,1.6859573978121578,0.6628868103957053,0.6334412325412416,1.0588462964397831,-0.7667224217044177,True,False,False,False,True,False,True,False,True,False,False,False,152.35,train
-0.43765645378822304,1.402608106152386,-0.5886028830028952,-0.6224412647686167,0.11588098465162457,1.6474430677525518,-1.67427123425458,False,False,True,False,True,True,False,False,False,False,False,True,127.65,train
-1.5413306991333708,0.8648348062490414,0.5314457401257298,-0.34577871944176736,0.9784813978009865,-0.6785779080376653,0.3805562658589951,False,False,True,False,False,True,False,False,False,False,False,False,171.39,train
1.2266142336370003,-1.3955771208297776,-0.5541398484450916,1.3314879616022581,-0.25976758236503306,-1.4586459182112137,-1.67427123425458,False,False,False,True,False,False,False,True,False,True,False,False,92.74,train
0.2630890988118699,0.012202188609046974,-1.105548401369953,-0.5532756284369046,0.850482626817533,1.7183583414046926,-0.7667224217044177,False,True,False,False,True,False,True,False,True,False,False,False,149.9,train
-0.682917397198257,-1.4789694019281094,-0.6230659175606996,-1.7002724309378014,-0.08029104479040766,-0.5580219428290261,-0.9037109217119895,True,False,False,False,False,True,False,False,False,False,False,True,91.95,train
-0.6653987583832534,-0.3996808407900852,1.0139282239349832,0.20178256818428902,-1.1348896144149503,0.278778286266235,-0.663981046698739,False,True,False,True,False,True,False,False,False,True,False,False,75.44,train
-0.9632156182382932,-1.4958082279191187,0.6348348437991409,-1.4870117189150216,-0.15542075819373927,-1.2600831519852194,-0.5098689841902209,False,False,False,False,True,False,False,True,False,False,True,False,91.46,train
1.1565396783769908,-0.9152696556576555,1.427484638628629,1.67731614326082,-1.1418460693597032,-1.5366527192285686,-1.5201591717460619,True,False,False,False,True,False,False,True,True,False,False,False,70.82,train
-1.0332901734983027,0.8875538571892921,-1.6569569542948146,-0.12675420439134455,-1.5188859273653113,-1.0969780225852959,-0.6982281717006318,False,True,False,True,False,False,False,False,False,False,False,True,68.78,train
-1.1208833675733156,0.7720876218223711,-1.43294722966909,-1.0259074767036056,1.3471735098728912,0.9950225501528566,1.0483752033959066,False,False,False,True,False,False,False,True,False,False,False,True,166.19,train
-0.682917397198257,-1.2397511596748823,-0.34736164109826856,1.3430155676575437,1.5169110105248622,-1.1324356594113663,-1.2119350467290257,False,False,True,True,False,True,False,False,False,False,False,False,151.1,train
0.9287973737819589,-0.9623114552515862,-1.226169022322267,1.308432749491687,0.18405424311020327,1.1652192069179943,0.637409703373192,True,False,False,True,False,False,False,False,False,False,True,False,115.21,train
-0.7705105912732684,0.45134807913647973,0.13512084271098537,-1.0143798706483205,-0.7300239366303303,-1.4586459182112137,0.7401510783788704,True,False,False,True,False,False,False,False,True,False,False,False,95.05,train
-0.8581037853482798,1.5431989390297016,-0.15781495103034718,-0.005714340810848217,-1.6927973009841344,0.9028326944050737,-0.6468574841977927,False,False,False,False,False,False,False,True,False,False,True,False,71.73,train
-1.7690730037284026,-1.4990156233459777,-1.174474470485561,-0.8645209919296103,1.3165651081159786,1.115578515361496,-0.3215097966798099,False,True,False,False,False,False,False,True,False,False,False,False,151.68,train
-1.208476561648327,-0.868495139015963,-1.5018732987846972,0.4438622953452821,0.29953139519310146,-0.4871066691768853,-0.1502741716703453,False,True,False,False,False,False,True,False,False,False,False,True,111.05,train
1.0864651231169813,1.1588460537111085,-0.5024452966083857,1.5735676887632515,1.3569125467955452,-1.7068493759937062,0.07233214084195877,False,False,False,False,False,False,False,False,True,False,False,False,175.93,train
-0.10480231630317932,-0.9901088822843634,0.221278429105495,1.5159296584868245,-0.38359248038163507,-0.6076626343855245,0.07233214084195877,False,False,False,True,False,False,True,False,True,False,False,False,92.73,train
1.436837899417027,1.4549955647910815,-0.7436865385130129,-0.657024082934473,-0.5324606161993474,-1.3593645350982166,0.9970045158930672,False,False,True,False,False,False,False,True,False,True,False,False,113.12,train
-1.4887747826883648,0.6117178504794254,0.47975118828902386,-0.5590394314645469,0.4386604940881598,0.09439857477066893,1.630576328428086,False,True,False,True,False,True,False,False,False,False,True,False,141.64,train
-0.7880292300882703,0.3422966346232768,0.5486772574046312,-1.6829810218548735,-0.6688071331165047,0.17240537578802387,0.7743982033807632,False,False,False,True,False,False,True,False,True,False,False,False,96.61,train
-0.9106597017932873,-1.1622391035257917,-1.0538538495332477,-1.5965239764402328,-1.1042812126580375,1.0943039332658535,-0.49274542168927443,False,False,True,True,False,True,False,False,True,False,False,False,65.48,train
0.876241457336953,1.0749192067083,-0.8815386767442285,-1.746382855158943,0.6167457406738347,0.6191715997965107,-0.030409234163720218,False,False,True,False,True,True,False,False,False,True,False,False,148.34,train
0.7536109856319361,0.4975880298736956,-0.691991986676307,1.175865279855905,0.8170916430827189,-1.7919477043762753,-1.4345413592413296,False,False,False,False,False,False,False,False,True,False,False,False,152.23,train
-0.052246399858171845,-0.27940351228287597,-0.03719433007803384,-0.8933400070678237,0.0518815991598978,-1.7706731222806331,0.32918557835615564,False,False,False,True,False,True,False,False,False,False,False,False,117.91,train
-0.4201378149732211,1.3574372872241227,-0.6402974348396011,-1.458192703776808,0.7642225855025966,-0.4871066691768853,0.7915217658817099,False,False,False,True,False,False,False,False,False,False,False,True,158.22,train
0.9287973737819589,-0.9689935290575423,1.3413270522341194,1.3430155676575437,-0.3042888940114516,0.4773410524922292,1.6990705784318723,False,False,True,False,False,True,False,False,False,False,False,False,103.98,train
-1.7340357260983972,0.6753311931121271,0.6003718092413372,0.46115370442821085,1.4264770962430744,0.23622912207495045,-1.0920701092224003,False,True,False,True,False,False,False,True,False,False,False,False,192.57,train
0.3857195705168869,0.07447911648055743,-1.0883168840910513,-1.5561773552467342,-0.49767834147558276,1.4559718288917716,0.3976798283599412,True,False,False,True,False,False,False,False,True,False,False,False,94.87,train
1.4543565382320307,-1.0264593637887645,0.04896325631647577,-0.3342511133864818,0.7043970729777217,-0.8558660921680171,-1.605776984250794,False,False,True,False,False,False,False,False,False,False,True,False,134.05,train
0.052865433031841554,0.5817821598287422,1.3413270522341194,-1.7233276430483722,-0.47263510367447253,1.0943039332658535,-1.67427123425458,False,False,False,False,False,False,False,False,True,False,False,False,117.94,train
-1.38366294979835,1.5881024750057262,0.3591305673367105,0.3977518711241407,1.6880398021657843,-0.47292361444645714,-0.4584982966873816,True,False,False,False,True,False,False,False,False,True,False,False,205.23,test
0.210533182366864,0.09800001627752297,0.2729729809422009,1.3199603555469726,-1.744275067575306,-0.749493181689806,-1.0406994217195609,False,False,True,False,False,False,True,False,True,False,False,False,54.18,test
-1.4362188662433575,1.5528211253102786,-1.2089375050433646,4.9462216794563796e-05,-1.065325064967421,-0.34527612187260376,-0.08177992166655941,True,False,False,False,False,True,False,False,False,True,False,False,109.15,test
-0.03472776104316987,0.26932838866223663,1.4619476731864334,0.3746966590135704,-0.5324606161993474,-1.2884492614460759,-0.9037109217119895,False,False,False,True,False,True,False,False,True,False,False,False,96.52,test
1.1039837619319834,1.1224955722067078,-0.967696263138738,-0.04029715897670408,1.2330876487789435,1.392148082604845,1.4079700159157826,False,True,False,False,False,False,True,False,False,False,False,True,172.89,test
0.4207568481468908,1.6420936313578514,-0.7436865385130129,0.49573652259406675,0.21605393585606644,-1.3380899530025745,-0.8180931092072572,False,False,False,False,True,True,False,False,False,True,False,False,138.72,test
-0.8230665077182758,-1.6195602348054252,0.4108251191734158,0.18449115910136107,1.304043489215423,-1.4870120276720702,-0.9722051717157754,False,False,False,False,False,True,False,False,False,False,False,False,145.6,test
-1.4712561438733613,-1.163575518286983,-0.15781495103034718,-0.7665363404596842,1.3068260711933246,1.2786836447614196,-1.229058609229972,False,True,False,False,False,False,False,False,False,False,False,True,158.39,test
-0.7004360360132589,-0.44030784953029795,0.01450022175867205,0.6513592043404197,0.050490308170947296,1.4063311373352734,0.9798809533921211,False,False,False,False,True,True,False,False,False,False,True,False,125.26,test
0.24557045999686794,1.452322735268699,0.2729729809422009,-0.8011191586255405,-0.614546784547432,-1.7352154854545627,-1.074946546721454,False,True,False,True,False,False,False,True,True,False,False,False,106.55,test
1.5419497323070421,1.467557863546279,-1.1572429532066588,1.002951189026624,-1.1237592865033454,-1.5933849381502811,-1.074946546721454,False,True,False,False,False,False,False,False,False,False,True,False,92.28,test
-1.5763679767633763,0.9925960574189214,-1.174474470485561,0.5591383558981361,-1.2614970944094535,1.519795575178698,0.534668328367513,False,False,False,True,False,True,False,False,False,False,False,True,82.96,test
-0.06976503867317382,1.1369288516275724,0.10065780815318166,-1.1238921281735317,-1.3421919717685873,1.6899922319438363,-1.074946546721454,False,False,False,True,False,False,False,True,False,True,False,False,84.74,test
-1.751554364913399,-0.4085011782139471,-1.1572429532066588,1.3603069767404716,1.287347997348016,1.4205141920657012,-0.40712760918454216,False,False,False,False,False,True,False,False,False,False,False,False,158.83,test
-0.10480231630317932,-0.11128253532502132,0.20404691182659282,-0.4783461890775493,0.21605393585606644,0.9382903312311441,0.07233214084195877,True,False,False,False,False,False,True,False,False,False,False,False,123.77,test
1.2616515112670041,-0.5204927352017708,-0.31289860654046486,0.8069818860867728,-0.8107188139894641,1.0588462964397831,-0.7153517342015785,False,False,False,False,False,False,False,False,False,False,False,True,78.22,test
0.6134618751119172,-1.1582298592422182,-1.2950950914378743,0.9856597799436961,-1.6315804974703085,-0.8558660921680171,-1.5544062967479546,True,False,False,False,True,False,False,False,False,False,False,False,44.14,test
-1.0157715346833007,1.6431627631668047,-0.3301301238193664,-1.1642387493670303,-1.243410311553096,1.3779650278744167,-1.1091936717233468,True,False,False,False,False,False,True,False,False,False,True,False,96.39,test
-0.29750734326820416,0.313964641686023,1.7204204323699621,1.118227249579478,-0.48237414059712647,-1.5224696644981406,-1.1091936717233468,False,True,False,True,False,True,False,False,False,True,False,False,109.02,test
-1.0332901734983027,-1.4030610434924486,-1.2606320568800706,0.33435003782007133,1.5029981006353563,-0.834591510072375,-1.5544062967479546,True,False,False,False,True,False,False,True,False,True,False,False,158.84,test
-1.6464425320233858,0.4093846556350758,0.221278429105495,-1.2276405826711,-1.4340171770393257,1.5481616846395547,1.3223522034110502,False,False,True,True,False,True,False,False,False,False,False,True,73.46,test
-0.4551750926032266,0.10601850484467025,-1.1572429532066588,-0.6916069011003293,0.8838736105523467,-0.5651134701942402,1.5620820784243004,False,False,False,False,True,True,False,False,False,False,False,True,145.07,test
-1.6114052543933803,-0.9663206995351599,-0.20950950286705308,-0.7895915525702549,1.0396982013148122,-1.1678932962374367,-1.0578229842205076,False,False,True,True,False,False,False,False,True,False,False,False,141.83,test
-0.12232095511818131,-0.2900948303724057,0.6176033265202393,0.48997271956642435,1.5892581419502925,-0.8984152563593018,0.757274640879817,False,True,False,False,True,False,False,False,False,False,True,False,171.54,test
0.7185737080019321,0.8292861736013553,1.4447161559075312,-1.0950731130353182,-0.41698346411644915,-0.3381845945073896,-0.253015546676024,True,False,False,True,False,True,False,False,False,False,False,False,117.88,test
-1.5763679767633763,-1.31004657611354,1.2207064312818066,-1.6022877794678756,-0.8427185067353278,-0.5651134701942402,0.5004212033656202,True,False,False,False,True,True,False,False,False,False,True,False,70.16,test
0.9988719290419684,1.1489565844782934,-0.8298441249075226,0.2594205984607164,-1.6900147190062331,1.0730293511702116,-1.5886534217498478,False,False,True,False,True,False,True,False,False,False,True,False,66.89,test
-0.595324203123244,0.8461249995923644,0.4969827055679254,-0.7377173253214707,0.40109563738649423,-1.033154276298369,0.431926953361834,True,False,False,True,False,False,False,False,False,False,False,False,149.84,test
-1.6639611708383877,1.3536953258927877,0.6003718092413372,-0.92792282523368,1.3290867270165334,1.0659378238049972,0.6716568283750848,False,False,True,False,True,False,True,False,False,True,False,False,181.99,test
-1.1734392840183216,0.5064083672975581,-1.3467896432745803,0.5591383558981361,-0.8441097977242782,0.20786301261409426,0.534668328367513,False,True,False,True,False,True,False,False,False,False,False,False,85.48,test
0.03534679421683958,-1.302295370498631,0.1695838772687891,0.6513592043404197,-0.11924719248102417,0.38515119674444614,0.3634327033580484,False,False,False,False,False,False,True,False,False,False,False,False,97.05,test
-0.052246399858171845,0.02823916574334154,-1.105548401369953,0.32858623479242816,-1.4354084680282764,-1.7210324307241345,0.05520857834101207,False,False,True,False,True,False,True,False,False,False,True,False,67.43,test
0.7185737080019321,0.646464634270397,-0.8643071594653262,-0.28814068916534036,-1.132107032437049,0.9950225501528566,1.3223522034110502,False,False,False,False,False,False,False,False,False,False,False,True,80.33,test
-0.4026191761582191,-0.061300623256469795,0.858844568424866,-0.9163952191783945,-0.38359248038163507,-1.6075679928807094,-0.8694637967100963,False,False,True,True,False,False,False,False,False,False,True,False,103.0,test
1.3317260665270136,-1.2028661122660047,-1.43294722966909,-0.02876955292141893,-0.7731539572877986,-0.9835135847418706,-0.5954867966949531,False,True,False,False,False,False,True,False,False,False,False,False,72.49,test
-0.2624700656382002,-1.1189392652631964,-1.4157157123901876,-0.15557321952955805,0.5249205354030962,-0.8416830374375891,-1.331799984235651,True,False,False,False,False,False,False,False,False,True,False,False,117.49,test
-0.3150259820832077,-0.8032780986698318,0.01450022175867205,0.4842089165387812,0.39692176441964233,0.2504121768053786,-0.7495988592034712,True,False,False,False,False,False,True,False,False,True,False,False,115.16,test
-1.5938866155783782,0.7624654355417946,-1.3640211605534818,-1.4927755219426644,1.4278683872320252,1.009205604883285,0.07233214084195877,True,False,False,False,False,False,False,False,True,False,False,False,176.39,test
-0.1748768715631888,1.4261290059493512,-0.6575289521185033,1.5908590978461794,-0.2361156355528733,1.4488803015265574,-0.30438623417886346,False,False,False,False,True,False,False,False,False,False,False,True,120.2,test
-1.1384020063883176,0.7221057097538196,-0.7609180557919145,-0.772300143487327,-1.2322799836414913,-1.685574793898064,0.534668328367513,False,False,True,False,True,True,False,False,False,True,False,False,80.26,test
-0.10480231630317932,0.2591716364771832,-0.17504646830924936,-0.8529933858743247,-1.1501938152934066,-1.2317170425243633,-0.7153517342015785,True,False,False,False,False,True,False,False,False,False,False,True,87.09,test
1.5945056487520495,-1.5455228570354322,0.15235235998988694,1.3948897949063275,-1.486886234619448,-0.9906051121070847,0.5860390158703525,False,True,False,True,False,True,False,False,False,False,False,True,40.76,test
-1.523812060318369,-0.5969356595419083,-0.17504646830924936,1.3257241585746158,-1.1474112333155055,0.46315799776180083,-1.0064522967176681,False,True,False,False,True,False,False,False,False,False,True,False,73.24,test
0.33316365407187937,-1.3725907869372889,-0.9849277804176396,0.24789299240543086,-0.7661975023430456,0.7822767291964343,0.19219707834858385,False,True,False,False,True,False,False,False,True,False,False,False,89.69,test
1.1565396783769908,-1.6420120027934375,1.2207064312818066,0.14414453790786202,-1.282366459243712,0.44897494303137275,0.7401510783788704,False,False,False,False,False,False,False,False,False,False,False,False,44.46,test
1.0864651231169813,0.634436901419676,-0.8126126076286204,-0.870284794957253,-0.10950815555836985,1.115578515361496,0.2778148908533161,False,True,False,True,False,False,False,False,False,False,True,False,115.86,test
-0.38510053734321714,-1.3202033282985932,-0.2439725374248568,1.6254419160120352,-0.6674158421275542,0.8886496396746454,1.4250935784167287,False,False,True,False,True,False,False,True,False,False,False,True,67.49,test
-0.9982528958682987,-0.6661619441716131,-0.6575289521185033,-0.5936222496304032,1.283174124381164,0.4986156345878712,1.3223522034110502,False,True,False,True,False,False,True,False,False,False,False,True,154.9,test
-1.068327451128308,1.0698408306157738,-1.398484195111286,-0.8414657798190396,0.27866203035884274,1.1510361521875665,0.8086453283826566,False,False,False,False,False,False,False,True,False,True,False,False,142.09,test
1.033909206671974,0.6916354531986603,0.42805663645231795,-1.1815301584499587,-0.28481082016614373,0.15822232105759576,-0.3900040466835958,False,False,True,True,False,False,True,False,True,False,False,False,108.64,test
-0.20991414919319273,0.7095434109986226,0.06619477359537733,-1.7233276430483722,1.0452633652706147,-1.3168153709069321,0.5517918908684597,True,False,False,True,False,False,False,False,False,False,True,False,160.21,test
-0.8931410629782853,1.4747745032567117,-0.8643071594653262,-0.5532756284369046,1.0341330373590099,-1.3309984256373601,-0.44137473418643497,False,False,False,False,True,False,True,False,False,True,False,False,174.69,test
0.6660177915569246,1.4344147774687366,-0.5541398484450916,0.14414453790786202,1.3318693089944345,-1.217533987793935,1.6648234534299795,False,False,False,False,False,False,False,False,True,False,False,False,178.66,test
-0.595324203123244,-1.3103138590657784,1.065622775771689,1.2277395071046897,-1.660797608238271,1.2574090626657777,-0.27013910917697037,False,True,False,False,False,False,False,False,False,False,False,True,47.19,test
-0.10480231630317932,-1.0497129806334917,1.272400983118512,1.2738499313258311,-0.948456621895572,-1.7352154854545627,0.3805562658589951,False,True,False,False,False,False,False,False,True,False,False,False,74.49,test
-0.13983959393318326,-1.2491060630032207,-1.226169022322267,0.6455954013127766,-1.5620159480227793,-0.4020083407943164,1.6990705784318723,False,True,False,False,True,False,True,False,False,False,False,True,53.88,test
0.3857195705168869,-0.47933116055708147,-0.45075074477168037,-1.4870117189150216,0.6835277081434629,-0.6643948533072371,-1.5886534217498478,False,True,False,False,True,False,False,False,False,False,False,False,137.58,test
-0.595324203123244,0.42301608619922626,0.10065780815318166,1.3891259918786851,-0.5449822350999027,1.5410701572743406,-1.1776879217271328,True,False,False,False,True,False,False,False,False,False,True,False,96.17,test
0.017828155401837607,-1.2678158696598976,0.8416130511459639,0.3458776438753569,0.8922213564860505,-1.6997578486284923,-1.331799984235651,False,True,False,False,False,False,False,True,False,False,False,True,141.28,test
-0.8931410629782853,0.4508135132320034,1.117317327608395,0.7493438558103458,1.1370885705413527,1.3637819731439886,1.1853637034034785,False,True,False,True,False,True,False,False,True,False,False,False,170.32,test
0.2630890988118699,-1.3787382948387683,-1.0538538495332477,-1.3256252341410262,-1.1070637946359387,0.41351730620530236,0.12370282834479795,False,False,True,True,False,False,False,True,False,True,False,False,63.31,test
0.8061669020769435,0.6269529787570054,-1.1917059877644625,0.5649021589257793,-0.7550671744314408,-0.8700491468984454,-1.1776879217271328,False,False,True,False,False,True,False,False,False,False,False,False,89.98,test
0.7185737080019321,-1.5639653807398706,0.2729729809422009,0.5245555377322803,0.6195283226517357,0.37805966937923197,0.431926953361834,False,False,False,False,False,False,False,False,False,False,False,True,123.78,test
1.2966887888970082,-0.8358866188428973,0.5486772574046312,0.12108932579729131,-0.08029104479040766,1.3212328089527041,1.0141280783940139,False,False,False,False,False,True,False,False,False,False,True,False,113.68,test
1.1740583171919927,0.2637154466652335,1.70318891509106,0.40927947717942625,1.036915619336911,0.10858162950109704,-1.4345413592413296,False,True,False,True,False,True,False,False,True,False,False,False,159.43,test
-0.6128428419382475,-1.6096707655726104,-1.4501787469479914,1.3948897949063275,-1.5508856201111747,-0.45874055971602906,1.253857953407264,False,False,False,False,False,False,False,True,False,True,False,False,45.63,test
1.4718751770470326,0.45936656770362705,-1.6914199888526187,-0.10369899228077385,0.8991778114308034,0.5908054903356545,-1.2461821717309187,False,True,False,False,False,True,False,False,False,False,False,True,159.71,test
0.4032382093318888,0.23083964353992945,-1.3640211605534818,1.46405543123804,0.6904841630882158,-0.5083812512725275,-0.11602704666845251,False,True,False,True,False,False,False,False,False,False,True,False,140.75,test
-1.5938866155783782,0.10682035370138486,-0.5196768138872878,-1.7060362339654442,1.1384798615303036,-1.1253441320461521,0.34630914085710174,False,False,False,False,True,False,False,True,False,False,True,False,165.46,test
-0.9632156182382932,0.9193605285056432,0.9966967066560816,1.3603069767404716,0.7043970729777217,-0.8558660921680171,-0.064656359165613,False,False,False,False,True,True,False,False,False,False,False,True,156.9,test
-0.595324203123244,0.9025217025146335,0.8416130511459639,0.2651844014883588,1.29708703427067,-0.16089641037703767,1.0141280783940139,False,True,False,True,False,False,False,True,False,False,False,False,178.95,test
-1.0508088123133061,0.12312461378791772,0.13512084271098537,1.1470462647176916,-0.5922861287242226,-1.7919477043762753,0.8942631408873888,True,False,False,False,False,True,False,False,False,False,True,False,110.85,test
1.52443109349204,-0.2703158919067758,0.4108251191734158,-1.2622234008369564,1.547519412281775,-0.6714863806724513,-1.5544062967479546,False,False,True,True,False,False,True,False,False,False,False,True,179.76,test
1.1215024007469854,-0.2724541555246816,-0.3301301238193664,-1.0259074767036056,-1.5884504768128405,1.1226700427267102,-1.4687884842432224,True,False,False,True,False,False,True,False,False,True,False,False,68.48,test
-0.03472776104316987,0.9102729081295428,0.1695838772687891,1.1989204919664762,1.1412624435082046,-0.06161502726404069,0.6887803908760308,False,False,False,False,True,False,False,False,False,False,True,False,166.19,test
0.43827548696189433,0.5104176115811317,-1.2434005396011685,1.118227249579478,-0.6729810060833563,-1.217533987793935,0.03808501584006567,False,False,False,False,False,True,False,False,False,False,False,True,95.05,test
-0.8405851465332778,1.4664887317373256,-1.5191048160635994,-1.3486804462515969,1.027176582414257,0.19367995788366615,1.2024872659044246,True,False,False,False,True,False,False,False,False,True,False,False,167.5,test
0.03534679421683958,-0.320297803975327,0.01450022175867205,0.5591383558981361,-1.1112376676027904,0.3567850872835897,-1.0235758592186146,False,False,True,True,False,True,False,False,True,False,False,False,76.7,test
-1.1909579228333251,1.5838259477699146,1.5653367768598452,-0.10369899228077385,-1.0305427902436566,-1.6784832665328502,-0.5612396716930603,True,False,False,False,True,False,False,False,False,False,True,False,101.19,test
1.1915769560069949,-1.0825887837587955,-1.639725437015913,0.29976721965421466,0.37744369057433447,-1.557927301324211,-0.6468574841977927,False,False,True,False,False,True,False,False,False,False,False,False,132.51,test
-1.1734392840183216,-1.4174943229133137,-0.2439725374248568,-0.5590394314645469,-1.091759593757482,1.704175286674264,-1.0406994217195609,True,False,False,True,False,True,False,False,False,False,True,False,60.93,test
-0.7705105912732684,0.9054618149892545,1.1000858103294926,0.08074270460379226,1.5725626500828855,0.01639177375331425,-0.08177992166655941,False,False,True,False,True,False,False,True,False,False,False,False,188.29,test
1.436837899417027,0.09906914808647588,1.1690118794451008,1.544748673625038,1.5530845762375778,0.4347918883009447,-0.9379580467138823,False,True,False,False,False,False,True,False,False,False,True,False,164.34,test
1.2791701500820063,-1.026993929693241,0.221278429105495,-1.0143798706483205,0.09501161981736582,-1.2742662067156478,0.34630914085710174,True,False,False,True,False,True,False,False,False,False,True,False,107.15,test
-0.5427682866782381,1.2892801344033709,-1.2606320568800706,0.10956171974200576,1.1523927714198094,1.6190769582916955,-1.263305734231865,False,False,True,True,False,False,False,False,False,False,True,False,169.58,test
0.3857195705168869,1.236090826907961,-1.605262402458109,0.9798959769160538,0.6320499415522911,0.20077148524888008,1.579205640925247,False,False,True,False,True,False,False,True,False,False,False,False,157.88,test
0.9463160125969625,-0.9914452970455547,-0.08888888191473973,-0.8068829616531833,1.341608345917089,1.5623447393699827,-0.544116109192114,False,False,True,True,False,False,False,True,True,False,False,False,154.69,test
0.9463160125969625,-0.11796460913097738,1.1345488448872971,-0.3342511133864818,1.2525657226242513,1.1794022616484225,1.2881050784091568,False,False,False,True,False,True,False,False,True,False,False,False,162.31,test
-0.9632156182382932,0.612252416383902,-1.4846417815057957,-0.7780639465149698,1.6282142896409089,-0.7211270722289498,1.0654987658968533,False,False,True,False,False,False,False,False,True,False,False,False,182.62,test
-1.6989984484683933,0.9164204160310222,-1.1572429532066588,0.7839266739762016,0.4163998382649506,-0.5438388880985979,1.5278349534224076,False,True,False,False,True,False,False,True,True,False,False,False,144.13,test
-0.29750734326820416,-0.1952093823278295,1.1345488448872971,-1.3083338250580978,1.6866485111768332,-0.9267813658201579,0.9798809533921211,False,False,True,False,False,False,False,True,False,False,True,False,187.08,test
-1.7165170872833952,0.11376971045957923,-1.6569569542948146,-0.6743154920174009,-0.2764630742324399,0.9879310227876424,-1.2461821717309187,False,False,False,False,False,False,True,False,True,False,False,False,103.21,test
-0.47269373141822857,1.5969228124295887,-0.07165736463583756,-0.8011191586255405,-0.7606323383872432,-1.5295611918633545,1.6648234534299795,False,False,True,False,True,False,False,True,False,True,False,False,112.45,test
0.9287973737819589,1.6910064116174497,-1.622493919737011,-0.39765294669055157,-1.1849760900171713,1.0021140775180708,0.17507351584763745,False,False,False,False,False,True,False,False,True,False,False,False,90.54,test
-0.4551750926032266,1.3494187986569754,-0.9504647458598359,-0.5302204163263334,0.44005178507711074,1.4843379383526276,0.10657926584385156,True,False,False,False,True,False,False,True,True,False,False,False,151.54,test
1.4018006217870231,0.30006592816963457,-0.9504647458598359,-1.002852264593035,-1.7387099036195035,-1.7281239580893486,1.733317703433765,False,False,True,False,True,False,False,False,False,False,True,False,58.21,test
0.12293998829185102,-1.2900003546956718,1.548105259580943,1.6484971281226064,0.5040511705688375,0.22913759470973655,-0.663981046698739,True,False,False,False,True,False,False,False,False,False,True,False,118.49,test
-1.1208833675733156,-0.07332835610719071,1.1345488448872971,0.6455954013127766,0.2717055754140898,-0.0899811367248969,0.17507351584763745,True,False,False,True,False,False,False,False,False,True,False,False,126.54,test
1.682098842827061,-1.4468954476595204,-1.0710853668121492,1.3948897949063275,0.9047429753866054,1.236134480570135,1.1682401409025318,False,True,False,False,True,False,False,False,False,False,True,False,131.03,test
0.7185737080019321,0.755248795831362,-0.2956670892615627,-1.4236098856109518,0.5569202281489595,-1.5011950824024982,-1.297552859233758,False,False,False,False,False,True,False,False,False,True,False,False,147.74,test
-0.47269373141822857,-0.004903920334200504,1.1862433967240023,-1.3947908704727383,0.6918754540771663,-0.16089641037703767,1.3737228909138892,False,False,True,True,False,False,True,False,False,False,True,False,151.2,test
-0.7004360360132589,0.8907612526161511,-0.2439725374248568,-0.17862843164012918,0.5137902074914914,0.01639177375331425,-0.2358919841750776,False,True,False,True,False,False,False,True,False,True,False,False,149.47,test
-1.4887747826883648,1.22406309405724,0.2729729809422009,0.9395493557225547,1.2344789397678937,-1.7990392317414894,-0.544116109192114,False,False,True,True,False,False,False,False,False,False,False,True,185.76,test
1.436837899417027,-0.9722009244844012,-1.7258830234104223,0.4265708862623542,0.8296132619832742,-1.6004764655154953,0.9285102658892816,False,True,False,True,False,False,False,False,False,False,False,False,150.79,test
-1.7165170872833952,-1.3263508362000729,0.04896325631647577,1.487110643348611,0.7280490197898815,1.1226700427267102,-1.1776879217271328,False,True,False,True,False,False,True,False,False,False,True,False,128.28,test
0.5959432362969153,-0.2957077723694088,-1.7258830234104223,0.32858623479242816,1.615692670740354,-1.394822171924287,1.3052286409101035,False,False,False,False,True,False,False,True,False,True,False,False,164.2,test
0.1754959047368585,-1.0098878207499933,-0.691991986676307,-0.3573063254970525,0.8880474835191986,1.3637819731439886,-0.40712760918454216,False,True,False,False,True,False,False,False,False,False,False,True,137.87,test
0.8061669020769435,0.25890435352494495,-0.6058344002817975,-0.08640758319784592,-0.24724596346447772,0.30714439572709124,-0.08177992166655941,False,False,True,True,False,False,True,False,False,False,False,True,109.19,test
-1.3135883945383404,-1.5773295283517828,1.548105259580943,-0.38036153760762365,0.853265208795434,-0.7636762364202343,-1.2119350467290257,False,True,False,True,False,False,False,True,False,True,False,False,127.5,test
0.017828155401837607,1.498562686005915,1.2551694658396098,0.48997271956642435,-0.6980242438844669,-0.2247201566639645,-0.30438623417886346,False,False,True,False,True,False,False,True,False,True,False,False,107.36,test
1.6120242875670514,1.4304055331851628,-0.17504646830924936,1.52745726454211,-0.2917672751108966,-1.3664560624634305,-1.4002942342394369,True,False,False,False,True,True,False,False,False,True,False,False,129.66,test
-1.2960697557233385,-0.4440498108616336,-1.536336333342501,0.21331017423957416,-0.22637659863021894,-1.0757034404896537,1.0141280783940139,False,True,False,True,False,False,False,False,False,False,False,True,105.22,test
-0.8405851465332778,1.486000387250718,-1.226169022322267,1.0432978102201231,1.3930861125082605,-0.28854390295089105,-1.5544062967479546,True,False,False,False,False,False,False,False,False,False,False,False,190.75,test
-1.0508088123133061,0.6127869822883786,-1.3295581259956781,-0.057588568059632424,1.0842195129612309,1.129761570091924,-1.5715298592489013,False,True,False,False,False,False,True,False,False,False,False,True,170.56,test
0.24557045999686794,-0.6225948229567796,0.20404691182659282,0.46691750745585325,-0.1317688113815795,1.3283243363179182,0.4832976408646735,False,False,True,False,False,False,False,True,False,False,True,False,104.18,test
-1.0157715346833007,0.448140683709621,-1.536336333342501,1.602386703901465,-1.3644526275917965,-1.7919477043762753,0.7915217658817099,True,False,False,False,True,True,False,False,True,False,False,False,81.2,test
0.893760096151955,-1.1956494725555722,0.5142142228468276,-0.9970884615653921,0.4303127481544564,-0.3736422313334599,0.9798809533921211,False,False,True,True,False,False,True,False,False,False,True,False,136.15,test
0.6835364303719267,-0.6936920882521522,1.5997998114176482,-0.29390449219298315,-0.41698346411644915,0.3922427241096601,1.579205640925247,False,False,True,True,False,True,False,False,False,False,False,False,102.45,test
-0.9982528958682987,0.5045373866318903,1.6170313286965503,0.7147610376444892,0.22996684574557227,-1.3593645350982166,-0.8352166717082036,False,True,False,True,False,False,True,False,False,False,False,False,135.69,test
-1.4537375050583594,0.43317283838427934,-0.6230659175606996,-1.688744824882516,-1.432625886050375,-0.07579808199446879,1.6990705784318723,False,False,False,False,False,True,False,False,False,False,False,True,65.41,test
-0.682917397198257,-0.7038488404372054,-1.1227799186488552,0.904966537556698,0.4567472769445176,-0.7849508185158764,-0.30438623417886346,False,True,False,True,False,False,False,True,True,False,False,False,126.97,test
0.5959432362969153,0.5783074814496451,-1.1227799186488552,0.5072641286493523,-1.7303621576858002,-1.3168153709069321,0.3634327033580484,False,False,False,True,False,False,False,True,False,False,True,False,53.02,test
1.419319260602025,-0.7952596101026845,0.3074360155000046,-0.32272350733119665,-0.3919402263153385,0.023483301118528175,1.253857953407264,False,True,False,False,False,False,False,True,False,False,False,False,91.19,test
-1.4537375050583594,0.9110747569862573,1.5308737423020409,-0.8068829616531833,-0.07333458984565475,0.09439857477066893,0.2606913283523694,False,False,False,False,True,False,True,False,False,False,False,True,129.35,test
0.9813532902269664,1.1665972593260179,-0.4679822620505819,-1.1988215675328866,-1.1042812126580375,0.5340732714139416,-1.4002942342394369,False,True,False,False,False,False,False,False,True,False,False,False,86.13,test
1.5945056487520495,-0.03270134736697769,0.10065780815318166,0.14414453790786202,-0.25559370939818116,-0.8062254006115187,-0.5269925466911672,False,False,False,False,True,False,True,False,False,False,False,False,100.25,test
-1.6114052543933803,-1.280110885462857,-0.1922779855881515,-0.9913246585377493,-0.393331517304289,-0.19635404720310803,0.020961453339119272,False,False,False,False,True,False,False,True,False,False,False,True,91.78,test
-0.3675818985282136,1.7508777929188162,-1.226169022322267,0.5994849770916352,-0.28898469313299524,-0.6005711070203106,-0.44137473418643497,False,False,True,False,True,False,False,False,False,True,False,False,123.33,test
1.3142074277120117,-0.27165230666796697,-1.2950950914378743,-1.4236098856109518,-1.0402818271663106,0.6191715997965107,-1.485912046744169,True,False,False,False,True,True,False,False,True,False,False,False,67.9,test
1.6470615651970555,1.2291414701497663,-0.6058344002817975,0.5533745528704938,0.8546564997843845,-0.7424016543245919,-0.5954867966949531,False,False,True,False,False,False,False,True,False,False,False,True,158.65,test
-0.052246399858171845,-0.7610473922161893,-1.570799367900305,-0.4956375981604776,0.00736028751347888,1.4630633562569857,-1.0578229842205076,False,False,False,False,True,False,False,True,False,False,False,True,111.52,test
0.03534679421683958,1.3304417090480605,-1.639725437015913,0.8069818860867728,-0.6994155348734175,0.1369477389619535,-0.5954867966949531,True,False,False,True,False,False,False,False,True,False,False,False,108.72,test
-1.5588493379483743,0.7151563529956255,0.11788932543208322,-0.5014014011881199,0.5680505560605643,-0.7920423458810906,0.3634327033580484,True,False,False,False,True,False,False,False,True,False,False,False,146.33,test
0.10542134947684903,1.0693062647112972,0.3074360155000046,1.2853775373811167,-1.5202772183542619,-0.9835135847418706,-0.08177992166655941,False,False,True,False,False,False,True,False,False,False,False,True,78.69,test
1.4893938158620346,-1.6353299289874814,-1.1400114359277573,-1.5907601734125905,-0.8357620517905748,-0.8487745648028031,-1.3146764217347044,False,True,False,False,False,False,False,False,False,False,True,False,70.4,test
-1.5763679767633763,0.22068289135487634,-1.570799367900305,-0.46105477999462136,-1.7220144117520966,-0.8629576195332314,-1.451664921742276,False,True,False,False,False,False,True,False,False,False,False,False,53.6,test
-0.24495142682319823,-0.349966211673772,-0.3818246756560723,0.1787273560737183,-0.6729810060833563,0.2504121768053786,0.6545332658741381,True,False,False,False,False,False,True,False,False,False,False,False,96.07,test
-0.3675818985282136,0.7728894706790856,1.272400983118512,-0.5763308405474753,-0.33907116873521614,-1.5437442465937825,-0.1845212966722381,False,True,False,False,True,True,False,False,False,False,False,False,112.46,test
0.7886482632619416,-0.3897913715572701,-0.8470756421864241,1.4352364160998266,-1.5355814192327184,-1.2671746793504337,-1.6571476717536335,False,False,False,True,False,False,False,True,False,True,False,False,60.38,test
1.1039837619319834,1.1393343981977169,1.3240955349552184,-0.5071652042157627,1.3457822188839403,0.009300246388100073,0.8257688908836026,False,False,False,False,True,False,False,True,False,True,False,False,183.9,test
-1.4712561438733613,0.2848307998920546,1.0139282239349832,-1.1527111433117452,-0.7536758834424903,1.1581276795527806,1.0654987658968533,False,False,True,False,True,False,True,False,False,False,False,True,104.62,test
-1.7165170872833952,1.7220112340770861,0.4452881537312201,1.2969051434364023,-0.014900368309730381,0.2858698136314489,1.236734390906318,True,False,False,False,True,False,True,False,False,False,False,True,138.85,test
0.5609059586669097,0.915084001269831,-0.45075074477168037,-1.4697203098320937,1.023002709447405,-1.196259405698293,-0.9550816092148287,False,False,False,True,False,False,True,False,False,False,False,True,172.59,test
0.12293998829185102,-0.3478279480558662,-0.9332332285809337,1.5793314917908938,1.62960558062986,-1.1820763509678647,0.9113867033883349,False,False,True,True,False,True,False,False,False,False,True,False,177.97,test
-1.0332901734983027,-0.4830731218884168,1.117317327608395,1.469819234265683,0.9590033239556782,0.18658843051845198,1.0654987658968533,False,True,False,False,True,False,True,False,False,True,False,False,144.33,test
0.2630890988118699,0.9412777305891786,1.2034749140029044,0.7954542800314872,1.6894310931547352,-0.2389032113943926,0.9456338283902277,False,False,False,False,True,False,False,False,False,True,False,False,182.81,test
0.07038407184684509,-0.7019778597715378,0.5142142228468276,1.6081505069291073,0.22579297277872076,0.3284189778227335,0.8086453283826566,True,False,False,False,True,False,False,False,False,False,False,False,119.73,test
1.1740583171919927,-0.9024400739502199,-0.36459315837717077,-0.8645209919296103,0.9979594716462947,-0.10416419145532525,1.7161941409328183,False,False,False,False,True,False,False,True,False,True,False,False,140.89,test
0.07038407184684509,-0.5295803555778713,1.70318891509106,0.22483778029485973,-0.888631109370697,1.236134480570135,-1.0235758592186146,True,False,False,True,False,False,True,False,True,False,False,False,83.5,test
1.1039837619319834,-1.48190951440273,-0.2784355719826611,1.1585738707729771,0.14370680443063624,-0.2247201566639645,-1.605776984250794,True,False,False,True,False,False,True,False,False,False,False,False,109.9,test
-1.523812060318369,-0.18237980062039366,-1.3295581259956781,-0.9221590222060372,0.7461358026462391,0.5482563261443699,1.4764642659195681,True,False,False,False,True,True,False,False,False,False,False,False,141.01,test
-1.4712561438733613,-0.9561639473501067,-0.6575289521185033,-0.03453335594906171,1.2456092676794985,0.11567315686631122,1.510711390921461,False,False,False,False,True,False,False,False,True,False,False,False,147.85,test
-1.523812060318369,-0.14121822597570433,-1.2778635741589721,-0.02300574989377615,0.8477000448396316,1.2574090626657777,-0.9722051717157754,True,False,False,True,False,False,False,True,True,False,False,False,143.11,test
0.4032382093318888,-0.1003239342832533,0.9105391202615719,-0.386125340635266,1.4153467683314696,-0.7424016543245919,-1.6913947967555265,False,True,False,False,False,True,False,False,False,False,True,False,171.72,test
-0.4201378149732211,-1.1082479471736668,1.3930216040708259,0.6744144164509901,0.11588098465162457,-1.6288425749763515,1.5620820784243004,False,False,False,False,False,False,True,False,False,False,False,False,110.67,test
1.1565396783769908,-0.2537443488680046,-1.570799367900305,1.354543173712829,-1.0611511920005692,0.37096814201401807,0.5689154533694057,True,False,False,False,False,False,False,True,False,False,True,False,66.83,test
-0.3325446208982097,0.21159527097877615,1.117317327608395,0.4842089165387812,-0.9776737326635342,-1.7210324307241345,1.2196108284053713,False,True,False,True,False,False,False,True,False,False,False,True,85.71,test
0.8061669020769435,-1.5781313772084975,-1.1917059877644625,0.9164941436119836,-1.2642796763873545,-1.7423070128197766,1.6990705784318723,True,False,False,True,False,True,False,False,False,False,False,True,49.38,test
1.4718751770470326,1.7457994168262894,-0.1922779855881515,1.0548254162754087,-0.48933059554187935,1.3070497542222759,1.6819470159309255,False,False,False,False,False,False,False,False,False,False,True,False,117.79,test
1.2266142336370003,-1.2841201297464306,-0.31289860654046486,0.27094820451600116,1.110654041751292,0.732636037639936,0.4490505158627807,False,False,False,True,False,True,False,False,True,False,False,False,149.11,test
-1.6989984484683933,-1.3052354829732515,-1.4674102642268936,1.3372517646299005,1.016046254502652,-0.8913237289940875,0.22644420335047663,True,False,False,True,False,False,True,False,False,False,True,False,142.95,test
0.9988719290419684,1.5881024750057262,-0.12335191647254345,-0.5359842193539762,0.6612670523202533,-0.8842322016288735,-1.67427123425458,True,False,False,False,False,False,True,False,False,False,False,False,162.31,test
-0.29750734326820416,-1.0542567908215417,0.6692978783569447,-1.5965239764402328,0.9450904140661724,0.9595649133267862,-0.47562185918832806,False,True,False,True,False,False,False,True,False,False,False,True,142.79,test
1.419319260602025,-0.9013709421412669,1.5997998114176482,-0.7780639465149698,1.2261311938341906,1.292866699491848,-1.6913947967555265,False,False,False,False,True,False,False,False,False,False,False,True,151.98,test
-0.2799887044532022,1.6522503835429045,0.39359360189451426,1.002951189026624,1.5809103960165893,-0.827499982707161,-0.49274542168927443,False,False,False,False,True,True,False,False,False,False,False,True,190.24,test
0.9813532902269664,0.5114867433900844,1.410253121349728,-0.28814068916534036,1.70195271205529,0.45606647039658693,0.3976798283599412,False,False,True,False,False,False,False,False,False,False,False,False,183.87,test
-1.243513839278331,-0.7500887911744216,-0.5196768138872878,-0.4495271739393358,1.0577849841711697,-0.5083812512725275,-0.85234023420915,False,False,False,False,False,False,True,False,False,False,True,False,137.79,test
-1.243513839278331,-1.0991603267975665,0.47975118828902386,-1.1238921281735317,1.0313504553811088,0.7042699281790793,0.9456338283902277,True,False,False,True,False,False,True,False,False,True,False,False,152.48,test
-0.6478801195682514,1.73056428854871,0.5314457401257298,0.04039608341029362,-0.14985559423793685,0.19367995788366615,0.5860390158703525,False,False,True,False,False,True,False,False,True,False,False,False,132.2,test
0.03534679421683958,0.6256165639958141,1.70318891509106,0.46691750745585325,1.6365620355746129,1.1439446248223524,1.4764642659195681,False,False,True,False,True,False,False,True,True,False,False,False,177.62,test
-0.03472776104316987,-0.2951732064649322,1.065622775771689,0.42080708323471183,0.419182420242852,-0.5367473607333837,1.3052286409101035,False,False,True,True,False,True,False,False,False,False,False,True,131.43,test
0.5959432362969153,-0.6140417684851558,-0.17504646830924936,1.3372517646299005,-0.8663704535474875,-1.196259405698293,-1.6913947967555265,False,False,True,False,True,False,True,False,False,True,False,False,78.59,test
-1.5588493379483743,0.6301603741838644,1.3585585695130216,-1.6714534157995882,-1.1251505774922963,1.7112668140394784,0.637409703373192,True,False,False,False,True,False,False,True,False,False,False,True,85.23,test
-1.7340357260983972,-1.6454866811725346,0.13512084271098537,-1.2276405826711,0.26057524750248534,1.0021140775180708,-0.663981046698739,False,False,False,False,True,True,False,False,False,False,False,True,105.1,test
1.52443109349204,-0.053816700593799116,0.47975118828902386,0.10379791671436339,1.2219573208673387,0.34260203255316163,-1.451664921742276,False,False,True,True,False,False,False,True,False,False,False,True,161.48,test
-1.4712561438733613,-0.5587141973718397,0.3591305673367105,0.028868477355008058,0.11170711168477267,0.9028326944050737,0.3634327033580484,True,False,False,False,True,True,False,False,True,False,False,False,113.25,test
1.2966887888970082,-0.21258277422331526,-1.5018732987846972,0.5072641286493523,0.8073526061600645,-0.6502117985768091,-0.42425117168548854,True,False,False,True,False,False,False,True,False,False,True,False,138.17,test
0.4032382093318888,1.248653125663158,-1.3467896432745803,-0.5071652042157627,-1.5327988372548171,-0.8629576195332314,1.2881050784091568,False,False,True,False,False,False,False,False,False,False,False,False,71.28,test
0.911278734966957,-0.2900948303724057,0.7554554647514542,-1.0143798706483205,-1.0277602082657553,-1.7919477043762753,0.8428924533845493,False,True,False,True,False,False,False,False,False,False,True,False,83.81,test
-0.017209122228167898,-0.25882272496053116,1.065622775771689,0.6225401892022062,0.2633578294803864,-0.4161913955247445,-1.074946546721454,False,True,False,False,True,True,False,False,False,True,False,False,127.79,test
0.7536109856319361,0.90305626841911,1.427484638628629,0.35740524993064166,-0.8844572364038452,0.2858698136314489,0.6545332658741381,False,False,True,False,False,False,False,False,False,False,True,False,105.74,test
0.5784245974819132,-0.7319135504222208,1.289632500397414,-1.2045853705605294,-0.9623695317850779,-0.6927609627680935,-0.0989034841675058,False,False,True,False,True,False,True,False,False,False,False,True,69.52,test
1.0689464843019778,-0.8628821970189599,1.4964107077442377,-1.3717356583621676,-1.4521039598956833,0.01639177375331425,-0.6126103591958996,False,False,True,False,False,False,True,False,False,False,True,False,53.62,test
-1.5062934215033668,0.10040556284766709,1.4791791904653355,0.28247581057128673,-1.646884698348765,0.6333546545269386,0.9113867033883349,False,True,False,False,False,False,False,True,False,False,False,False,65.86,test
-0.2799887044532022,-1.3685815426537153,-0.45075074477168037,0.2651844014883588,-1.7192318297741955,-1.2955407888112898,-1.0064522967176681,True,False,False,False,True,False,False,False,False,False,False,False,40.5,test
-1.2960697557233385,1.4854658213462413,-0.4335192274927782,-0.04029715897670408,1.5530845762375778,-0.6289372164811667,-1.074946546721454,False,False,False,False,True,True,False,False,False,False,False,False,189.35,test
0.6309805139269191,0.8961069116609159,0.9966967066560816,0.43233468928999735,-1.4117565212161163,0.3284189778227335,-0.13315060916939891,False,False,True,False,False,False,True,False,False,False,False,True,86.16,test
1.4893938158620346,1.1454819060991963,-1.0193908149754434,0.44962609837292533,-1.7220144117520966,1.6119854309264814,-0.9208344842129359,False,False,False,False,True,False,False,False,False,False,False,True,68.05,test
0.052865433031841554,0.668381836353933,-1.3640211605534818,-1.0662540978971047,-0.7661975023430456,1.0446632417093553,0.24356776585142334,False,False,True,False,False,True,False,False,False,True,False,False,108.24,test
-1.7165170872833952,0.7148890700433875,-1.1227799186488552,0.42080708323471183,0.8546564997843845,0.37096814201401807,1.2709815159082107,False,False,True,True,False,True,False,False,False,False,False,False,158.76,test
-1.6464425320233858,0.5256527398587111,1.4447161559075312,0.904966537556698,0.679353835176611,-1.2529916246200055,0.17507351584763745,False,False,True,False,True,True,False,False,True,False,False,False,155.46,test
-0.43765645378822304,1.701965012659218,1.4791791904653355,0.10379791671436339,1.287347997348016,0.8461004754833609,0.14082639084574436,False,True,False,False,True,False,False,True,True,False,False,False,189.89,test
0.4733127645918983,-1.6778279183933624,-1.622493919737011,1.4582916282103975,1.0522198202153676,0.2504121768053786,-1.0920701092224003,False,False,False,True,False,False,True,False,True,False,False,False,129.51,test
-1.1559206452033195,-0.31682312559622994,-1.0021592976965417,1.4525278251827545,-1.4687994517630905,1.115578515361496,1.0654987658968533,True,False,False,True,False,False,False,True,False,False,False,True,63.86,test
-0.10480231630317932,0.3807853797455837,-1.174474470485561,-0.6166774617409739,-1.5272336732990148,-0.7849508185158764,0.6545332658741381,True,False,False,True,False,False,False,False,False,False,True,False,67.25,test
0.9638346514119644,0.6512757274106852,-0.5886028830028952,-1.6714534157995882,-1.0138472983762494,-0.9622390026462283,-0.42425117168548854,True,False,False,False,True,True,False,False,False,True,False,False,80.12,test
-1.4712561438733613,0.8252769293177816,-1.1572429532066588,-1.4120822795556667,0.689092872099265,-0.5367473607333837,-0.4584982966873816,False,False,False,False,False,False,True,False,False,True,False,False,154.9,test
-0.20991414919319273,0.01888426241500304,-1.1572429532066588,-1.043198885786534,-0.42950508301700413,0.03766635584895628,0.12370282834479795,True,False,False,True,False,False,True,False,False,True,False,False,104.61,test
0.017828155401837607,1.5728673467281469,-0.5541398484450916,1.1873928859111906,-0.30289760302250107,-0.9551474752810143,-1.1263172342242933,False,False,False,True,False,False,False,True,False,False,False,False,118.44,test
-1.5938866155783782,-1.2442949698629324,-0.7264550212341108,-0.7780639465149698,-0.30707147598935297,-0.827499982707161,0.9113867033883349,False,False,True,True,False,True,False,False,True,False,False,False,99.22,test
1.4718751770470326,0.7116816746165284,0.3246675327789062,0.08074270460379226,-0.269506619287687,0.753910619735578,0.15794995334669104,False,False,True,False,False,False,False,True,False,True,False,False,106.65,test
-1.6464425320233858,1.4103593117672948,1.3757900867919237,-0.4725823860499065,0.18127166113230186,1.5836193214656251,-0.8009695467063108,False,True,False,False,True,True,False,False,True,False,False,False,141.38,test
1.033909206671974,0.8236732316043518,-0.07165736463583756,0.7493438558103458,0.35935690771797674,-1.2884492614460759,-1.297552859233758,False,False,True,True,False,True,False,False,False,False,True,False,147.77,test
0.03534679421683958,-0.7728078421146722,1.1690118794451008,1.2853775373811167,0.6946580360550674,0.7397275650051497,0.5689154533694057,True,False,False,False,False,True,False,False,False,False,False,True,127.64,test
0.893760096151955,-0.5977375083986232,1.0311597412138853,0.9337855526949115,-0.37941860741478317,-1.196259405698293,-1.3146764217347044,False,True,False,False,True,False,True,False,True,False,False,False,99.19,test
-0.20991414919319273,0.7394791016493053,1.0311597412138853,0.0980341136867206,0.6946580360550674,-1.7706731222806331,1.4079700159157826,True,False,False,False,True,False,False,False,False,False,False,False,154.85,test
0.5083500422219038,0.3628774219456216,-0.4679822620505819,0.7032334315892036,-0.5255041612545944,-0.7565847090550202,-1.3489235467365972,False,True,False,False,False,False,True,False,False,False,True,False,96.2,test
0.5258686810369058,1.4851985383940027,-0.31289860654046486,1.6888437493161055,-1.1919325449619242,1.7254498687699067,-1.4002942342394369,False,True,False,False,True,False,True,False,False,False,True,False,94.35,test
0.3857195705168869,0.43317283838427934,-0.2784355719826611,1.6830799462884622,-1.5494943291222243,0.8248258933877188,1.6134527659271398,True,False,False,False,True,False,True,False,False,False,True,False,73.17,test
1.4018006217870231,-0.2724541555246816,-0.416287710213876,1.3833621888510426,-0.3947228082932395,-0.08288960935968297,-0.9893287342167217,False,False,True,False,True,False,True,False,True,False,False,False,100.97,test
0.00030951658683563236,-1.3405168326686998,0.10065780815318166,-0.7434811283491135,-1.6260153335145064,-1.557927301324211,1.253857953407264,True,False,False,False,True,False,True,False,False,True,False,False,53.83,test
-1.1909579228333251,-1.1125244744094787,1.117317327608395,-1.5446497491914486,1.362477710751348,0.3993342514748743,0.5860390158703525,False,False,False,True,False,False,False,True,False,True,False,False,159.54,test
-0.5252496478632345,1.0652970204277235,1.2551694658396098,-1.6772172188272307,-1.553668202089076,0.8177343660225047,-0.35575692168170264,False,False,False,True,False,False,False,True,False,False,False,False,82.09,test
1.1039837619319834,-0.3392748935842423,-0.8815386767442285,0.07497890157614989,-0.020465532265532795,0.7893682565616484,-0.5098689841902209,False,False,False,False,True,False,False,True,False,False,False,False,110.63,test
1.52443109349204,0.43076729181413526,-0.6747604693974049,-0.4668185830222641,1.0327417463700594,-0.4374659776203868,-1.5715298592489013,False,False,True,False,False,False,False,True,False,False,False,False,163.6,test
0.9287973737819589,0.22923594582650023,-1.381252677832384,-0.02876955292141893,1.5795191050276385,0.9879310227876424,-1.074946546721454,True,False,False,True,False,False,False,True,False,True,False,False,175.4,test
-0.017209122228167898,1.530636640274504,-0.8126126076286204,1.291141340408759,1.1454363164750565,-0.3027269576813192,-0.2872626716779171,False,False,False,False,False,True,False,False,True,False,False,False,177.32,test
-1.1559206452033195,1.1556386582842495,-0.6402974348396011,0.30553102268185783,-1.3588874636359942,-1.6926663212632782,0.15794995334669104,False,True,False,True,False,False,False,True,False,False,False,False,81.14,test
0.210533182366864,-1.1085152301259051,1.1690118794451008,0.7032334315892036,-0.9359350029950166,0.20786301261409426,-0.13315060916939891,False,True,False,False,True,False,False,True,False,False,False,True,75.67,test
-0.8405851465332778,-0.06878454591914047,-1.3295581259956781,1.175865279855905,1.4890851907458507,1.4276057194309153,-0.7324752967025249,False,False,False,True,False,False,True,False,False,False,False,True,167.5,test
0.052865433031841554,1.0211953333084134,1.1862433967240023,1.3430155676575437,1.448737752066284,-1.2600831519852194,0.32918557835615564,False,True,False,False,False,False,False,False,False,False,False,True,181.11,test
-0.595324203123244,1.253196935851208,-0.1922779855881515,0.4842089165387812,-0.5421996531220017,-1.302632316176504,1.253857953407264,True,False,False,False,False,False,False,False,False,True,False,False,114.61,test
1.2266142336370003,-1.2798436025106186,-0.45075074477168037,-0.4495271739393358,-0.647937768282246,-0.9055067837245158,-0.11602704666845251,False,True,False,False,True,False,True,False,False,True,False,False,77.24,test
-0.7179546748282609,1.6907391286652116,0.6865293956358468,1.3891259918786851,1.6824746382099822,0.3567850872835897,-1.0064522967176681,False,False,False,False,False,True,False,False,True,False,False,False,188.01,test
-0.2274327880081947,0.3054115872143994,1.6170313286965503,-0.9336866282613224,0.3120530140936568,-0.9551474752810143,-0.21876842167413119,False,False,False,True,False,False,True,False,False,False,True,False,137.54,test
0.5258686810369058,-1.6486940765993936,-1.226169022322267,1.020242598109552,0.2800533213477936,-0.2601777934900349,0.17507351584763745,True,False,False,False,False,False,False,False,False,False,True,False,112.74,test
0.5784245974819132,-0.5680691007001781,1.6342628459754525,0.3977518711241407,-1.0541947370558162,-1.0615203857592255,1.6476998909290328,False,False,False,False,False,False,False,True,True,False,False,False,77.78,test
0.43827548696189433,-0.3809710341334082,-0.08888888191473973,0.3689328559859272,1.4626506619557897,0.6191715997965107,-1.5544062967479546,True,False,False,True,False,True,False,False,False,True,False,False,171.68,test
0.8412041797069475,-1.4995501892504544,0.3074360155000046,0.1499083409355048,-0.43924411993965845,-0.2034455745683222,1.253857953407264,False,False,True,False,False,False,False,False,False,False,False,False,89.99,test
0.210533182366864,0.3727668911784364,-1.536336333342501,0.9510769617778403,-0.6688071331165047,0.3993342514748743,0.6202861408722453,False,False,False,True,False,False,True,False,False,False,False,False,99.39,test
0.7010550691869286,-1.309779293161302,0.8760760857037682,1.52745726454211,-0.4267225010391031,0.3000528683618773,-0.253015546676024,False,False,True,True,False,False,False,False,True,False,False,False,88.81,test
-0.2799887044532022,-0.48975519569437287,-1.105548401369953,1.0317702041648376,-1.4729733247299421,1.2574090626657777,-1.2804292967328115,False,False,False,True,False,False,False,True,False,False,True,False,56.46,test
-0.0872836774881758,-1.0772431247140306,-0.8126126076286204,-0.5820946435751181,0.167358751242796,1.7112668140394784,1.1168694533996923,False,False,False,False,True,False,False,True,False,False,False,False,108.39,test
-0.8230665077182758,-1.2589955322360358,1.668725880533257,0.7839266739762016,0.43170403914340694,-1.2317170425243633,-0.6982281717006318,False,True,False,False,False,False,False,False,True,False,False,False,127.11,test
1.419319260602025,-1.3512081507582294,-0.2956670892615627,1.429472613072184,-1.580102730879137,-1.401913699289501,1.390846453414836,True,False,False,True,False,False,False,True,False,False,True,False,47.99,test
0.5258686810369058,0.5892660824914134,0.34189905005780835,-0.8587571889019675,-0.5519386900446557,1.1439446248223524,-0.08177992166655941,False,False,False,False,True,False,True,False,True,False,False,False,104.16,test
0.5083500422219038,-1.5032921505817896,-0.9849277804176396,0.011577068272080125,-1.439582340995128,0.5411647987791558,-1.640024109252687,False,True,False,False,False,True,False,False,False,False,False,False,55.47,test
-0.9807342570532968,-0.34488783558124547,1.6170313286965503,0.8934389315014133,-1.5675811119785819,-0.30981848504653337,-0.5783632341940067,False,True,False,False,True,False,False,True,False,False,False,False,54.19,test
-0.8756224241632817,0.9941997551323511,0.34189905005780835,0.3170586287371434,0.37187852661853205,1.214859898474493,-1.5544062967479546,False,False,True,False,False,False,True,False,True,False,False,False,139.39,test
0.9813532902269664,-0.9409288190725269,-0.53690833116619,0.7954542800314872,1.2998696162485717,1.236134480570135,0.6716568283750848,True,False,False,False,True,False,False,False,False,False,False,False,145.17,test
-1.1033647287583122,1.5902407386236326,-1.4501787469479914,-0.9970884615653921,-1.5773201489012358,-1.1253441320461521,-0.886587359211043,False,False,False,False,False,False,True,False,False,False,False,False,82.4,test
-1.7340357260983972,1.3323126897137283,0.4108251191734158,1.2450309161876176,1.5002155186574555,-1.586293410785067,0.3976798283599412,False,True,False,False,False,False,True,False,True,False,False,False,199.52,test
0.8587228185219495,-0.40449193393037347,-0.17504646830924936,-0.46105477999462136,0.24944491959088053,-1.2388085698895774,-0.5098689841902209,False,False,True,False,True,False,False,False,False,False,True,False,130.67,test
1.664580204012059,-0.9791502812425954,-1.6569569542948146,0.46691750745585325,-1.3644526275917965,-0.08288960935968297,0.020961453339119272,True,False,False,True,False,False,False,False,False,True,False,False,60.14,test
0.43827548696189433,0.9570474247712352,-1.622493919737011,0.7262886436997746,0.6654409252871052,-0.0899811367248969,-0.544116109192114,False,False,True,True,False,True,False,False,True,False,False,False,155.17,test
0.6835364303719267,0.9073327956549223,-1.5018732987846972,0.8761475224184845,0.7628312945136461,-1.033154276298369,-0.3900040466835958,True,False,False,False,True,False,False,False,False,False,False,False,151.23,test
-0.2799887044532022,0.003114568232946779,-1.5191048160635994,1.0490616132477655,1.1273495336186987,-0.7565847090550202,1.4593407034186214,False,False,True,True,False,False,False,False,False,False,True,False,157.47,test
-0.0872836774881758,0.5502427714646295,-1.1572429532066588,-1.4927755219426644,0.9687423608783325,-1.1253441320461521,-0.047532796664666616,False,False,False,False,False,False,False,True,False,False,True,False,159.64,test
-1.2785511169083366,1.2248649429139546,-1.622493919737011,-1.1527111433117452,-1.0416731181552612,1.0517547690745694,-0.11602704666845251,True,False,False,True,False,False,False,True,True,False,False,False,92.54,test
1.3842819829720212,1.0997765212664572,0.4625196710101217,-1.0950731130353182,0.5541376461710584,1.4630633562569857,-0.9722051717157754,False,False,True,True,False,False,False,False,False,False,False,False,151.08,test
1.0689464843019778,1.5734019126326229,-1.605262402458109,-0.8241743707361112,-1.7081015018625907,1.136853097457138,-0.30438623417886346,True,False,False,False,False,True,False,False,False,False,True,False,80.36,test
0.7711296244469381,1.5111249847611123,1.3240955349552184,0.7493438558103458,1.7061265850221419,0.5766224356052262,-1.074946546721454,False,True,False,True,False,False,False,True,False,False,False,True,205.19,test
0.00030951658683563236,0.6424553899868234,0.34189905005780835,0.6455954013127766,1.3249128540496815,-1.3380899530025745,-0.6982281717006318,False,False,False,False,False,False,False,False,True,False,False,False,174.88,test
-1.5763679767633763,1.4560646966000346,-0.53690833116619,1.4467640221551121,-1.0333253722215576,-0.5651134701942402,1.1168694533996923,False,False,True,False,True,False,False,False,False,False,False,False,98.73,test
-1.6814798096533896,-0.6517286647507481,-0.9849277804176396,0.7262886436997746,-1.4187129761608692,0.3922427241096601,0.7743982033807632,False,True,False,False,False,True,False,False,True,False,False,False,65.56,test
0.00030951658683563236,-0.312546598360418,-1.3467896432745803,0.8703837193908421,0.9186558852761112,-1.4870120276720702,-0.1502741716703453,False,False,False,False,True,False,False,False,False,True,False,False,148.49,test
0.1579772659218565,-1.0988930438453282,1.0139282239349832,0.13838073488021926,0.11031582069582216,-0.9551474752810143,-1.6571476717536335,False,False,False,False,False,True,False,False,False,False,False,True,107.85,test
-0.7354733136432628,0.9920614915144448,-1.6741884715737165,-0.8818124010125382,0.5402247362815527,-1.1749848236026506,-0.6811046091996854,True,False,False,True,False,False,True,False,False,False,False,True,137.2,test
0.7360923468169341,-1.3784710118865304,1.2551694658396098,0.9971873859989817,0.9103081393424078,0.7610021471007923,-1.1776879217271328,False,True,False,False,True,False,False,False,False,False,False,True,141.5,test
1.2791701500820063,-1.6355972119397197,-0.4679822620505819,-0.657024082934473,-0.21663756170756504,-0.2247201566639645,-1.2119350467290257,False,False,False,False,True,True,False,False,False,False,True,False,96.06,test
-1.5413306991333708,0.5192379490049936,0.858844568424866,0.10956171974200576,0.48874696969038117,0.04475788321417045,1.133993015900639,False,False,True,False,True,False,False,False,False,True,False,False,147.57,test
1.4893938158620346,0.04481070878211271,1.4791791904653355,0.9741321738884106,-0.5491561080667546,0.5127986893182996,-1.4345413592413296,False,False,False,False,False,True,False,False,False,True,False,False,92.73,test
1.3317260665270136,-0.842034126744377,-0.6575289521185033,-0.7550087344043991,-1.0848031388127293,1.6687176498481937,1.510711390921461,True,False,False,False,True,False,True,False,False,False,False,False,65.99,test
0.8061669020769435,1.4990972519103916,1.5308737423020409,0.6859420225062757,-1.2267148196856887,-1.196259405698293,1.3223522034110502,False,True,False,False,True,False,True,False,False,False,True,False,95.05,test
0.8412041797069475,-1.2675485867076595,1.5997998114176482,-0.7434811283491135,0.6960493270440179,-1.026062748933155,-0.2872626716779171,False,False,True,True,False,False,False,False,False,True,False,False,128.78,test
1.2616515112670041,0.41232476810969654,-0.17504646830924936,-1.0086160676206777,0.15622842333119158,1.498520993083056,-1.1605643592261863,True,False,False,False,True,False,False,False,False,True,False,False,127.82,test
1.2441328724520022,1.2866073048809885,-0.7953810903497188,1.562040082707966,1.0870020949391321,1.5268871025439124,0.7743982033807632,False,True,False,True,False,True,False,False,False,False,False,False,169.29,test
1.1565396783769908,0.4764726766468748,-0.2784355719826611,1.077880628385979,0.7350054747346344,-0.16089641037703767,1.390846453414836,False,True,False,False,False,False,True,False,True,False,False,False,157.04,test
-1.0332901734983027,0.03999961564182416,-0.9849277804176396,1.538984870597395,0.7002232000108698,0.1653138484228097,-0.013285671662773519,False,False,False,False,True,False,False,False,False,False,False,True,139.5,test
0.6835364303719267,-0.5806313994553755,0.20404691182659282,0.9568407648054826,-0.901152728271252,-0.9196898384549439,1.1511165784015858,False,True,False,False,True,False,True,False,False,False,True,False,84.45,test
0.5433873198519077,-1.2993552580240104,0.6865293956358468,0.7896904770038441,-1.4312345950614247,1.0375717143441412,-0.40712760918454216,False,False,False,True,False,False,False,True,False,False,False,False,48.27,test
1.6470615651970555,1.5015027984805358,-0.26120405470375896,-1.4236098856109518,-1.4159303941829682,1.2006768437440647,1.5449585159233536,False,False,True,False,True,False,False,False,False,True,False,False,73.5,test
-1.751554364913399,1.657863325539908,-1.3123266087167764,-1.389027067445096,-0.36967957049212924,0.9453818585963584,0.08945570334290516,False,True,False,False,True,False,True,False,False,True,False,False,116.35,test
1.5069124546770365,1.3686631712181292,-1.3467896432745803,1.412181203989256,-1.022195044309953,0.023483301118528175,0.0038378908381728775,True,False,False,False,False,False,False,False,False,False,False,True,82.64,test
-0.8931410629782853,0.836770096264026,-0.5886028830028952,1.6139143099567506,1.4709984078894929,-0.6502117985768091,-0.047532796664666616,False,False,False,True,False,False,False,False,True,False,False,False,187.24,test
-1.1208833675733156,0.02610090212543572,0.6692978783569447,-0.27661308311005484,0.5527463551821079,-1.0118796942027268,-0.20164485917318478,False,True,False,False,True,False,True,False,True,False,False,False,145.88,test
-1.1909579228333251,-0.31709040854846826,-0.3818246756560723,0.19601876515664624,-0.7425455555308856,-0.9267813658201579,0.8942631408873888,True,False,False,False,False,False,False,False,True,False,False,False,85.44,test
-1.4011815886133518,0.5216434955751375,0.9277706375404735,0.9914235829713385,0.026838361358787133,1.1723107342832084,0.20932064084953053,False,False,True,False,False,False,False,True,True,False,False,False,132.52,test
0.4733127645918983,-0.18291436652487025,-1.6914199888526187,-0.38036153760762365,1.5656061951381326,1.4346972467961294,0.46617407836372743,False,True,False,False,True,False,False,False,False,True,False,False,171.63,test
0.4557941257768963,0.8717841630072355,-0.7953810903497188,0.6225401892022062,0.44839953101081415,0.41351730620530236,-1.2804292967328115,False,True,False,False,False,True,False,False,False,False,False,False,144.7,test
0.5609059586669097,-1.09862576089309,-0.5196768138872878,1.2450309161876176,1.5169110105248622,-0.827499982707161,1.2196108284053713,False,False,True,True,False,False,False,True,False,False,True,False,159.85,test
0.8412041797069475,0.5414224340407677,0.7554554647514542,0.0980341136867206,-0.7940233221220573,1.0943039332658535,-0.47562185918832806,False,False,True,False,False,False,False,False,False,False,True,False,91.6,test
0.07038407184684509,-1.2704886991822801,1.0311597412138853,-1.6138153855231612,-0.5185477063098416,-0.29563543031610523,-0.6297339216968462,False,True,False,True,False,True,False,False,False,True,False,False,92.19,test
1.4018006217870231,1.2368926757646754,-0.6402974348396011,-0.5648032344921897,-0.11229073753627125,0.6546292366225811,-1.1263172342242933,True,False,False,False,True,False,True,False,False,False,False,False,134.8,test
-1.8041102813584067,1.4285345525194957,1.7204204323699621,-0.6858430980726865,-1.4131478122050671,-0.9906051121070847,-1.1605643592261863,False,False,False,False,False,False,False,False,False,False,True,False,91.07,test
-0.3675818985282136,-0.06530986754004343,0.23850994638439654,-0.7319535222938279,-1.2155844917740841,1.6474430677525518,1.596329203426193,True,False,False,True,False,False,True,False,False,False,True,False,72.07,test
1.1915769560069949,1.1513621310484379,0.7554554647514542,-0.4956375981604776,0.3857914365080379,-1.2317170425243633,-0.9893287342167217,False,False,False,False,True,False,True,False,True,False,False,False,146.75,test
0.4557941257768963,-0.5065940216853824,-1.398484195111286,-0.7550087344043991,0.3524004527732238,0.3567850872835897,-0.37288048418264935,False,True,False,False,True,False,True,False,False,False,True,False,121.71,test
-1.243513839278331,-1.311115707922493,0.8243815338670623,-0.5186928102710483,-0.4782002676302745,0.8461004754833609,-0.4584982966873816,False,False,True,False,True,False,False,False,True,False,False,False,91.12,test
-1.38366294979835,0.5160305535781347,1.065622775771689,-1.2103491735881722,0.465095022878221,-0.24599473875960678,-0.5269925466911672,False,False,True,True,False,False,True,False,False,False,False,True,136.4,test
-0.0872836774881758,1.227805055388575,-0.9160017113020321,-1.118128325145889,-1.6079285506581489,0.27168675890102084,-0.9037109217119895,True,False,False,False,False,False,False,False,False,False,False,True,70.16,test
1.1565396783769908,0.7675438116343208,1.410253121349728,-0.5186928102710483,0.24666233761297954,1.292866699491848,1.733317703433765,False,False,True,True,False,False,False,False,True,False,False,False,132.63,test
1.6470615651970555,0.7587234742104589,-0.7092235039552092,0.16719975001843274,0.09918549278421772,0.45606647039658693,-0.8009695467063108,True,False,False,False,True,False,False,True,True,False,False,False,127.38,test
0.8412041797069475,1.6773749810532994,-0.14058343375144564,1.3603069767404716,-0.647937768282246,0.4986156345878712,-0.85234023420915,False,True,False,True,False,False,False,False,False,False,False,True,112.38,test
1.0864651231169813,-0.28742200085002323,0.25574146366329875,-1.2218767796434573,1.3889122395414086,-0.23181168402917843,0.3976798283599412,False,True,False,False,False,False,False,False,False,True,False,False,174.32,test
1.1215024007469854,-0.514879793204768,1.2034749140029044,-0.14404561347427292,-0.5908948377352722,1.5552532120047684,1.4593407034186214,False,False,False,False,True,True,False,False,False,False,False,False,89.97,test
1.3317260665270136,1.6284622007937013,0.34189905005780835,-1.3602080523068825,-0.45176573884021376,1.69708375930905,1.0826223283977996,False,False,False,False,True,False,False,True,False,False,False,True,123.9,test
1.559468371122044,0.5438279806109121,0.858844568424866,0.9280217496672691,-1.3074096970448226,-1.7352154854545627,0.24356776585142334,False,False,False,False,True,False,True,False,False,False,False,True,84.86,test
0.00030951658683563236,1.5445353537908928,-0.9849277804176396,1.1816290828835483,-1.4117565212161163,0.732636037639936,-1.263305734231865,False,False,False,True,False,False,False,False,False,True,False,False,78.95,test
-0.24495142682319823,0.9394067499235115,-0.20950950286705308,-0.9567418403718935,0.31761817804945924,-1.6430256297067798,-1.3660471092375437,False,True,False,True,False,False,False,True,False,False,True,False,148.03,test
0.7711296244469381,1.2777869674571265,-0.1922779855881515,1.4525278251827545,-0.7341978095971821,-1.0402458036635833,0.7059039533769775,False,False,True,False,False,True,False,False,False,False,False,False,114.57,test
0.893760096151955,0.01567686698814401,0.9966967066560816,1.1297548556347636,-0.924804675083412,0.25750370417059276,0.31206201585520893,True,False,False,False,True,False,False,False,False,False,True,False,88.64,test
0.7711296244469381,-0.6904846928252932,-0.4335192274927782,0.5015003256217091,-1.7220144117520966,-0.636028743846381,0.03808501584006567,False,True,False,False,True,False,False,True,False,False,True,False,50.61,test
-0.12232095511818131,1.7292278737875189,-0.019962812799132288,0.35740524993064166,1.6365620355746129,-1.5224696644981406,1.4250935784167287,False,False,True,False,True,True,False,False,True,False,False,False,198.05,test
-1.331107033353344,-1.6941321784798948,1.065622775771689,1.4755830372933254,0.3496178707953228,0.46315799776180083,-0.49274542168927443,False,True,False,False,False,True,False,False,False,False,True,False,112.62,test
-0.3500632597132116,1.5921117192892997,1.3930216040708259,0.35164144690299926,0.09362032882841531,-1.0827949678548676,1.6476998909290328,False,False,False,True,False,False,True,False,False,True,False,False,142.53,test
-0.47269373141822857,-0.11823189208321538,0.4969827055679254,1.0317702041648376,-1.1710631801276654,-0.175079465107466,-1.1091936717233468,False,True,False,False,True,False,True,False,False,False,False,True,68.21,test
-1.5938866155783782,-1.0371506818782943,-0.2784355719826611,1.2162119010494041,-0.526895452243545,0.08730704740545502,0.12370282834479795,True,False,False,False,False,False,False,False,False,True,False,False,91.42,test
-1.523812060318369,0.0533637632537363,0.7726869820303565,1.5793314917908938,-0.3460276236799691,-0.06870655462925487,0.6202861408722453,False,False,True,False,False,False,False,False,False,True,False,False,108.26,test
0.6835364303719267,-0.7081253676730174,-0.2439725374248568,-0.9336866282613224,-0.8969788553044004,1.576527794100411,0.19219707834858385,False,True,False,False,True,True,False,False,True,False,False,False,84.83,test
1.0514278454869759,-0.6741804327387604,-0.26120405470375896,-0.5590394314645469,-0.7175023177297751,-1.217533987793935,0.24356776585142334,False,False,False,False,False,False,True,False,False,False,False,True,78.15,test
-0.10480231630317932,0.8453231507356499,0.7726869820303565,1.469819234265683,-0.14985559423793685,-1.203350933063507,-0.6811046091996854,False,False,True,False,True,False,False,False,False,False,False,True,129.76,test
0.28060773762687347,1.4106265947195333,-1.536336333342501,-1.6483982036890172,0.03796868927039196,-0.9055067837245158,1.356599328412943,False,True,False,True,False,False,False,False,True,False,False,False,136.0,test
-0.6478801195682514,0.5625377872675891,-0.34736164109826856,0.1556721439631476,-1.169671889138715,-1.1537102415070084,0.9285102658892816,False,False,True,False,True,True,False,False,False,False,True,False,80.28,test
1.3492447053420156,-0.7254987595685031,0.8760760857037682,-1.619579188550804,0.9812639797788876,0.9028326944050737,-0.5612396716930603,False,False,False,False,False,False,True,False,True,False,False,False,144.91,test
-0.7705105912732684,-1.2485714970987443,-1.622493919737011,0.04039608341029362,-0.8329794698126736,-0.07579808199446879,0.07233214084195877,True,False,False,True,False,False,True,False,False,False,False,True,79.28,test
0.5784245974819132,-0.5605851780375072,-0.48521377932948406,-1.6080515824955184,-1.0305427902436566,0.9950225501528566,1.2024872659044246,True,False,False,True,False,False,False,False,False,False,False,True,83.39,test
-0.9632156182382932,0.518436100148279,-0.26120405470375896,1.0490616132477655,-0.5310693252103968,1.2290429532049214,-0.047532796664666616,False,False,True,False,True,False,True,False,False,False,False,True,107.58,test
-0.20991414919319273,-1.5107760732444606,-0.7781495730708167,-0.443763370911693,1.2330876487789435,-1.2388085698895774,0.3805562658589951,False,True,False,True,False,True,False,False,False,True,False,False,158.17,test
-0.9106597017932873,1.2184501520602364,-1.6914199888526187,-1.3025700220304555,-0.7175023177297751,0.11567315686631122,1.7161941409328183,False,False,True,False,False,False,True,False,False,False,False,False,103.64,test
1.1915769560069949,0.35967002651876256,1.3585585695130216,-0.5763308405474753,-1.496625271542102,1.2574090626657777,1.3052286409101035,False,True,False,False,False,False,False,True,False,False,False,False,69.59,test
0.7711296244469381,1.033757632063611,-1.0021592976965417,-0.7838277495426126,-0.6896764979507635,0.44897494303137275,-1.605776984250794,False,False,True,False,True,False,True,False,True,False,False,False,97.94,test
0.1579772659218565,1.6044067350922593,-0.019962812799132288,-1.4351374916662374,0.29535752222624995,-0.32400153977696144,1.6819470159309255,True,False,False,True,False,False,False,True,False,True,False,False,147.51,test
-1.1384020063883176,1.011573147027837,-0.2439725374248568,-0.12099040136370219,0.7572661305578436,-1.7848561770110614,1.390846453414836,False,False,True,False,True,True,False,False,False,False,False,False,162.88,test
0.6134618751119172,-0.10246219790115912,0.6692978783569447,-1.0720179009247475,-1.332452934845933,-1.210442460428721,-0.663981046698739,False,False,True,True,False,False,False,True,False,False,False,True,72.0,test
-0.43765645378822304,-1.3346366077194582,1.5136422250231385,-0.15557321952955805,1.0383069103258618,-0.9906051121070847,-0.3215097966798099,False,False,True,False,True,False,False,True,True,False,False,False,151.65,test
-0.8931410629782853,1.0893524861291655,1.4619476731864334,-1.6714534157995882,1.006307217579998,0.01639177375331425,-1.605776984250794,False,False,True,False,False,False,True,False,False,False,False,False,166.02,test
1.3667633441570177,-0.8401631460787092,-1.226169022322267,-0.870284794957253,-0.14985559423793685,-0.31691001241174754,0.8600160158854955,False,False,True,False,True,True,False,False,False,True,False,False,96.83,test
-1.7690730037284026,-1.0697592020513598,1.4619476731864334,-0.15557321952955805,1.0870020949391321,-0.7849508185158764,1.6990705784318723,False,False,False,True,False,False,False,False,False,True,False,False,153.43,test
0.5609059586669097,-0.7594436945027601,0.3591305673367105,-1.170002552394673,-0.8301968878347724,1.498520993083056,0.8086453283826566,True,False,False,True,False,True,False,False,False,True,False,False,79.0,test
-0.6653987583832534,-1.6243713279457137,-1.0021592976965417,0.5533745528704938,-1.6580150262603697,-1.387730644559073,-1.4345413592413296,False,True,False,False,False,True,False,False,True,False,False,False,49.31,test
0.4557941257768963,-0.23155986383223057,-0.2439725374248568,0.46691750745585325,1.5558671582154788,-0.9976966394722987,0.07233214084195877,False,True,False,True,False,True,False,False,False,True,False,False,174.33,test
0.8236855408919456,0.9351302226876992,1.4964107077442377,-0.9509780373442507,-0.757849756409342,-1.3168153709069321,-0.47562185918832806,False,True,False,False,False,False,True,False,False,False,False,True,110.57,test
-1.5938866155783782,-1.449835560134141,1.0139282239349832,-1.1527111433117452,-1.0639337739784704,-1.2246255151591492,0.020961453339119272,False,False,True,True,False,False,True,False,True,False,False,False,55.5,test
-0.06976503867317382,-1.2763689241315215,0.8071500165881601,1.3257241585746158,0.2633578294803864,-0.6076626343855245,-1.5372827342470083,False,False,False,False,False,True,False,False,False,True,False,False,112.64,test
-1.751554364913399,0.7894610137178568,0.13512084271098537,-1.1642387493670303,-1.3352355168238343,0.6404461818921527,0.4832976408646735,False,False,False,True,False,False,False,False,False,False,False,True,86.09,test
-1.4712561438733613,0.2760104624681927,-0.8470756421864241,0.5187917347046379,1.4668245349226416,1.0872124059006398,-1.5372827342470083,False,False,True,False,True,False,False,False,False,False,False,True,169.4,test
-0.8230665077182758,0.6175980754286668,-0.08888888191473973,1.5332210675697524,-1.3115835700116742,1.413422664700487,1.6134527659271398,False,True,False,False,False,False,False,True,True,False,False,False,72.42,test
-0.38510053734321714,-0.3742889603274522,0.6003718092413372,-1.2506957947816708,-0.8190665599231678,-1.3522730077330025,0.5860390158703525,False,False,False,True,False,True,False,False,False,False,False,True,83.4,test
1.682098842827061,0.16562260319379826,1.272400983118512,-0.6685516889897586,0.28700977629254654,1.6332600130221235,1.5620820784243004,True,False,False,True,False,False,True,False,False,True,False,False,131.07,test
0.017828155401837607,-1.2563227027136534,-1.4846417815057957,-1.3198614311133834,-0.23055047159707087,-0.9055067837245158,1.630576328428086,False,False,True,False,False,True,False,False,True,False,False,False,98.42,test
-0.3150259820832077,0.26825925685328345,-0.12335191647254345,1.2565585222429032,-0.607590329602679,-1.1678932962374367,0.2606913283523694,False,False,False,False,True,False,True,False,False,True,False,False,100.47,test
0.8412041797069475,-0.26924676009782256,-1.4674102642268936,-0.985560855510107,-1.4075826482492646,0.5837139629704403,0.7230275158779242,False,False,False,False,True,True,False,False,False,False,True,False,64.26,test
0.9287973737819589,0.18406512689823695,-1.2606320568800706,0.8530923103079142,1.3151738171270275,-1.2955407888112898,1.0483752033959066,False,False,True,False,True,False,True,False,False,False,False,False,166.66,test
0.7536109856319361,1.705706973990553,0.4452881537312201,0.07497890157614989,-0.7161110267408245,0.853192002848575,0.9970045158930672,False,False,True,False,False,False,True,False,False,True,False,False,117.28,test
0.9463160125969625,-0.7591764115505217,0.2729729809422009,1.3775983858233996,-0.7091545717960716,1.4276057194309153,-1.485912046744169,True,False,False,False,True,False,False,True,False,False,False,True,89.67,test
-1.348625672168346,0.736538989174685,0.5659087746835335,-0.7953553555978977,0.4984860066130351,0.93119880386593,-1.5372827342470083,False,False,False,False,False,False,False,True,False,False,False,True,143.78,test
0.10542134947684903,-0.581165965359852,0.652066361078043,1.412181203989256,0.8685694096738903,-1.203350933063507,-1.1263172342242933,False,False,True,True,False,False,True,False,False,False,False,False,144.45,test
0.3156450152568774,0.8434521700699821,-0.6747604693974049,4.9462216794563796e-05,0.27866203035884274,-1.4657374455764278,1.0826223283977996,False,True,False,True,False,True,False,False,True,False,False,False,142.11,test
0.08790271066184706,-0.6463830057059832,0.6348348437991409,-1.0835455069800326,0.14648938640853726,-1.2884492614460759,-1.3489235467365972,False,True,False,False,True,True,False,False,False,False,True,False,122.74,test
1.5069124546770365,-0.3705469989961168,-1.6569569542948146,-1.65416200671666,-1.6510585713156167,0.6049885450660824,-0.33863335918075627,False,False,True,True,False,False,False,False,False,True,False,False,56.08,test
1.5419497323070421,-1.7034870818082335,-0.7264550212341108,-0.19015603769541434,-1.1794109260613688,0.8106428386572905,0.637409703373192,False,False,False,False,True,False,True,False,False,False,False,False,56.56,test
1.5419497323070421,0.5908697802048426,-0.8470756421864241,0.0461598864379364,0.8115264791269164,1.69708375930905,-0.8694637967100963,True,False,False,False,False,False,False,True,True,False,False,False,159.08,test
0.4557941257768963,1.2147081907289015,-0.2956670892615627,1.3199603555469726,0.04492514421514488,0.8106428386572905,-1.485912046744169,False,False,False,False,False,True,False,False,False,False,False,False,130.94,test
-0.2799887044532022,1.5469409003610373,0.9966967066560816,-0.9797970524824642,-1.0096734254093978,0.46315799776180083,-0.7667224217044177,False,True,False,True,False,False,True,False,True,False,False,False,103.03,test
0.24557045999686794,0.6951101315777573,1.410253121349728,-1.6483982036890172,-0.9164569291497087,-0.9480559479158002,-0.544116109192114,False,False,False,False,True,False,False,False,False,False,False,False,90.36,test
0.8412041797069475,-1.352811848471659,0.7899184993092586,-1.50430312799795,-1.1168028315585925,-1.6997578486284923,1.2709815159082107,False,True,False,True,False,False,False,True,False,False,True,False,56.3,test
-1.1208833675733156,0.19609285974895788,-0.2784355719826611,0.08650650763143504,0.13675034948588333,-0.9764220573766565,0.757274640879817,False,True,False,True,False,True,False,False,False,False,False,True,122.95,test
1.3842819829720212,-1.1232157924990085,-0.7781495730708167,-0.5186928102710483,0.8379610079169776,-0.31691001241174754,1.5620820784243004,False,False,False,False,False,True,False,False,False,False,True,False,134.34,test
1.2791701500820063,-1.257124551570368,0.13512084271098537,-0.8011191586255405,0.9228297582429632,-1.118252604680938,0.8942631408873888,True,False,False,True,False,False,False,False,False,True,False,False,149.09,test
-0.8055478689032723,1.6065449987101652,0.15235235998988694,-0.6973707041279721,0.7141361099003756,-0.02615739043797031,0.46617407836372743,False,False,False,False,True,False,False,True,False,False,False,False,162.9,test
0.28060773762687347,-0.6196547104821589,-0.14058343375144564,1.1643376738006195,-0.6312422764148388,-1.6572086844372078,0.46617407836372743,False,True,False,False,False,False,False,False,False,True,False,False,85.43,test
0.7886482632619416,0.9311209784041256,0.031731739037573606,1.412181203989256,-0.7397629735529845,-0.6714863806724513,1.4250935784167287,False,False,False,True,False,False,False,False,False,True,False,False,104.05,test
-0.9807342570532968,-0.23022344907103937,-0.6402974348396011,-1.5907601734125905,-0.6395900223485426,-1.7423070128197766,-1.3831706717384902,True,False,False,False,True,True,False,False,False,True,False,False,90.53,test
0.2981263764418754,1.2523950869944935,1.410253121349728,0.3977518711241407,1.2275224848231407,-0.04743197253361259,-1.1091936717233468,False,True,False,False,False,False,False,False,True,False,False,False,175.49,test
1.419319260602025,-1.5340296900891874,-1.1400114359277573,0.1787273560737183,-0.4962870504866323,0.9808394954224288,-0.13315060916939891,False,True,False,True,False,False,False,False,False,False,False,True,86.25,test
1.2791701500820063,0.1971619915579111,0.6176033265202393,-0.02876955292141893,1.708909167000043,0.05894093794459856,-0.7153517342015785,False,True,False,False,False,False,False,False,True,False,False,False,182.98,test
1.3492447053420156,1.1297122119171399,-0.2439725374248568,0.8358009012249863,-0.37941860741478317,0.18658843051845198,-1.5886534217498478,True,False,False,True,False,False,False,False,False,False,False,False,110.17,test
1.3667633441570177,-0.23236171268894518,1.117317327608395,-0.9740332494548214,-0.2055072337959602,1.0304801869789268,-0.1502741716703453,False,False,True,False,False,False,True,False,False,False,True,False,105.18,test
0.5433873198519077,-0.07466477086838193,1.0483912584927875,-0.7146621132109,-0.5769819278457663,1.491429465717842,0.20932064084953053,True,False,False,False,True,False,False,True,False,False,False,True,96.49,test
-1.2610324780933346,1.2970313400182802,-1.7086515061315206,-1.175766355422316,0.719701273856178,0.8815581123094313,1.4422171409176754,False,False,False,True,False,False,True,False,False,False,False,False,160.15,test
-0.8931410629782853,-1.1980550191257164,-1.5535678506214032,1.4467640221551121,-1.6287979154924075,-0.7920423458810906,-1.5886534217498478,False,False,False,False,True,False,False,True,False,False,False,False,45.77,test
-1.068327451128308,1.0917580326993097,-1.3123266087167764,1.6715523402331776,-0.05524780698929739,-1.2529916246200055,-0.08177992166655941,True,False,False,False,True,False,True,False,False,True,False,False,126.61,test
0.5083500422219038,0.9631949326727147,0.37636208461561205,-0.29390449219298315,-0.1373339753373815,-1.1749848236026506,1.4250935784167287,True,False,False,False,True,False,False,True,True,False,False,False,119.7,test
-0.49021237023323055,-0.3668050376647812,1.082854293050591,1.5908590978461794,-1.196106417928776,0.7822767291964343,-1.5030356092451154,True,False,False,False,False,False,True,False,True,False,False,False,75.93,test
-1.4887747826883648,1.2101643805408513,-0.8815386767442285,-1.112364522118246,0.1590110053090926,1.69708375930905,-0.7495988592034712,False,False,True,False,True,True,False,False,False,True,False,False,135.03,test
0.6484991527419227,0.6943082827210427,0.8071500165881601,0.5476107498428513,-0.5088086693871876,-0.9976966394722987,-1.263305734231865,True,False,False,False,False,False,True,False,False,False,False,False,108.0,test
1.3142074277120117,-1.0483765658723003,-0.019962812799132288,-1.4639565068044509,-1.696971173950986,1.108486987996282,1.03125164089496,True,False,False,False,True,False,True,False,False,True,False,False,47.14,test
-0.4551750926032266,-1.116266435740814,-1.639725437015913,-0.6743154920174009,-1.6232327515366052,0.6617207639877953,-1.3660471092375437,False,False,False,False,True,False,True,False,False,False,True,False,48.44,test
0.9638346514119644,0.7226402756582961,-0.31289860654046486,1.6830799462884622,0.2717055754140898,-1.1608017688722225,-0.13315060916939891,False,False,False,True,False,False,True,False,False,False,False,False,142.47,test
0.4207568481468908,-0.3387403276797657,1.70318891509106,0.25365679543307323,-1.4423649229730293,1.6829007045786222,-0.42425117168548854,True,False,False,False,False,False,True,False,False,True,False,False,63.24,test
-0.6478801195682514,0.1383597420654977,1.5653367768598452,1.4006535979339707,-0.5074173783982371,1.6616261224829796,-1.2804292967328115,True,False,False,True,False,True,False,False,True,False,False,False,107.31,test
0.7711296244469381,-0.5547049530882661,-0.45075074477168037,-0.2016836437506999,-0.352984078624722,1.0872124059006398,1.1511165784015858,False,True,False,True,False,False,False,True,False,False,False,False,105.54,test
0.3156450152568774,0.7282532176552996,-0.0027312955202301193,0.27094820451600116,0.6849189991324134,-0.6289372164811667,-0.20164485917318478,False,False,True,True,False,False,False,True,False,True,False,False,152.24,test
-0.3675818985282136,-1.5043612823907426,-0.5196768138872878,1.412181203989256,-1.356104881658093,-1.6075679928807094,0.431926953361834,False,True,False,False,True,False,True,False,False,False,False,False,56.86,test
1.0864651231169813,0.9231024898369783,1.6170313286965503,-0.8760485979848954,0.5290944083699478,-0.7353101269593779,1.579205640925247,False,False,True,False,True,False,False,True,False,False,True,False,147.8,test
-0.15735823274818525,0.8902266867116745,-1.6569569542948146,-0.46105477999462136,1.2456092676794985,-0.4303744502551726,1.253857953407264,True,False,False,False,True,False,True,False,False,False,True,False,174.7,test
-0.9632156182382932,1.333114538570443,0.4452881537312201,-1.2622234008369564,0.9687423608783325,-1.557927301324211,-0.9037109217119895,True,False,False,True,False,True,False,False,False,True,False,False,169.95,test
0.893760096151955,0.025833619173197417,-1.2434005396011685,0.5130279316769947,0.6557018883644512,0.5057071619530854,-0.6126103591958996,False,False,True,True,False,False,True,False,True,False,False,False,139.46,test
-0.47269373141822857,0.3099553974024494,-1.5880308851792069,1.3026689464640446,0.5040511705688375,-0.5509304154638118,-0.40712760918454216,False,True,False,True,False,False,False,False,True,False,False,False,145.31,test
-0.15735823274818525,-1.7123074192320953,0.3246675327789062,-0.37459773457998086,-0.5839383827905192,-0.7991338732463047,-0.37288048418264935,False,True,False,True,False,False,True,False,False,False,False,False,79.7,test
-0.6653987583832534,-0.48013300941379633,-0.22674102014595524,-1.273751006892242,-1.3157574429785261,-0.9622390026462283,0.20932064084953053,False,False,False,False,True,False,False,False,False,False,False,False,61.53,test
0.5433873198519077,0.7752950172492301,-0.9849277804176396,0.06345129552086433,-0.7495020104756386,-1.5011950824024982,0.6545332658741381,False,False,True,True,False,True,False,False,False,False,True,False,92.27,test
-1.523812060318369,-1.1232157924990085,-1.7086515061315206,-0.7838277495426126,1.36804287470715,-1.4373713361155713,0.7743982033807632,False,True,False,False,True,False,True,False,False,False,False,False,145.54,test
0.5083500422219038,1.4261290059493512,-1.570799367900305,1.4467640221551121,-0.2917672751108966,0.9241072765007158,1.1682401409025318,False,True,False,False,True,False,True,False,False,True,False,False,124.51,test
-1.4712561438733613,-1.2616683617584181,0.39359360189451426,-0.011478143838490587,-1.3658439185807472,0.20077148524888008,-0.2358919841750776,False,False,False,False,True,True,False,False,False,False,False,False,57.13,test
1.5419497323070421,0.43317283838427934,-0.3301301238193664,0.5649021589257793,0.689092872099265,1.0659378238049972,1.1853637034034785,False,False,False,False,False,False,False,True,True,False,False,False,155.08,test
0.5959432362969153,-0.09364186047729724,-1.2950950914378743,-0.5820946435751181,0.03935998025934247,-1.4870120276720702,-0.6297339216968462,True,False,False,False,False,False,False,False,False,True,False,False,123.23,test
-1.0332901734983027,1.049260043293429,-0.07165736463583756,1.481346840320968,-0.7397629735529845,0.33551050518794767,0.14082639084574436,False,True,False,False,True,False,False,False,False,False,True,False,103.02,test
-1.4011815886133518,-0.3055972416022236,-0.15781495103034718,0.43233468928999735,-0.07055200786775373,-1.210442460428721,-1.1263172342242933,False,False,True,False,True,False,False,True,False,False,False,False,114.86,test
-0.5077310090482325,0.35779904585309474,-0.5024452966083857,1.4410002191274696,-0.10950815555836985,1.0943039332658535,-1.0578229842205076,True,False,False,False,False,True,False,False,False,False,False,False,129.24,test
0.3857195705168869,-0.748485093460992,-0.17504646830924936,-0.32272350733119665,0.7252664378119804,0.7680936744660064,-0.1673977341712917,False,False,True,True,False,False,True,False,False,False,False,True,140.83,test
-1.4537375050583594,-1.6096707655726104,0.652066361078043,-0.21897505283362784,-0.256985000387132,-1.4657374455764278,-0.064656359165613,False,False,True,False,False,False,False,False,False,False,False,False,89.89,test
1.016390567856972,1.1048548973589833,0.9622336720982778,-1.6772172188272307,-0.6368074403706412,1.31414128158749,-1.263305734231865,False,False,False,False,True,False,False,False,False,False,True,False,105.22,test
-0.682917397198257,0.780907959246233,-0.07165736463583756,-0.8184105677084684,-0.9595869498071766,-0.32400153977696144,1.3394757659119962,False,False,False,True,False,False,True,False,False,False,False,False,102.91,test
-1.5938866155783782,-0.7877756874400136,0.10065780815318166,-1.6253429915784463,1.5586497401933799,-1.196259405698293,-0.37288048418264935,True,False,False,True,False,False,True,False,True,False,False,False,168.04,test
0.28060773762687347,1.5415952413162723,-1.6569569542948146,-1.2622234008369564,-0.26394145533188496,-1.033154276298369,0.7059039533769775,False,False,True,False,False,True,False,False,True,False,False,False,135.51,test
-0.7004360360132589,-0.8960252830965021,-0.36459315837717077,0.5879573710363496,0.5513550641931575,-1.2600831519852194,-0.5098689841902209,False,True,False,True,False,True,False,False,False,False,False,False,129.58,test
1.3142074277120117,1.1377307004842871,-0.7609180557919145,1.6312057190396785,-0.4406354109286089,-0.6856694354028795,0.9456338283902277,False,True,False,False,True,False,True,False,False,False,False,True,117.62,test
-0.03472776104316987,1.4916133292477207,-0.20950950286705308,0.028868477355008058,-1.3074096970448226,-0.5509304154638118,1.4764642659195681,False,False,False,False,True,False,False,True,False,True,False,False,86.27,test
1.4893938158620346,0.6729256465419833,-0.22674102014595524,-0.9452142343166079,-0.3376798777462657,1.3070497542222759,0.8428924533845493,True,False,False,True,False,False,False,False,True,False,False,False,112.82,test
-1.1384020063883176,-0.09203816276386771,-0.03719433007803384,-0.5244566132986911,-0.0218568232544833,1.3283243363179182,-0.8352166717082036,False,False,True,False,True,False,True,False,False,False,False,True,124.17,test
-1.5588493379483743,-0.8177113780906968,-0.6575289521185033,1.4986382494038966,-0.7703713753098973,0.6617207639877953,0.431926953361834,False,False,False,True,False,False,False,True,False,False,False,False,80.51,test
-0.0872836774881758,0.18700523937285768,0.01450022175867205,0.8530923103079142,0.22857555475662178,-1.1537102415070084,-1.4174177967403832,True,False,False,True,False,True,False,False,True,False,False,False,123.9,test
-0.24495142682319823,0.20197308469819936,0.7382239474725527,-0.2016836437506999,-0.023248114243433805,-0.6289372164811667,1.236734390906318,True,False,False,True,False,True,False,False,False,True,False,False,128.74,test
-0.9106597017932873,1.3975297300598593,0.9794651893771794,0.6686506134233478,-0.3724621524700302,-1.3380899530025745,1.6134527659271398,False,True,False,True,False,True,False,False,False,False,False,False,111.26,test
-0.017209122228167898,-1.4714854792654388,0.37636208461561205,0.057687492493221554,-1.2740187133100087,-0.5580219428290261,-0.21876842167413119,False,False,False,False,True,False,False,False,False,False,False,False,59.33,test
1.52443109349204,-1.51237977095789,1.0311597412138853,-1.3140976280857406,0.7322228927567334,-0.6431202712115949,-0.2358919841750776,False,False,True,True,False,False,True,False,True,False,False,False,128.34,test
-1.1384020063883176,1.685393469620447,1.4619476731864334,1.5793314917908938,1.10648016878444,1.3566904457787745,1.2024872659044246,False,True,False,False,True,False,True,False,False,True,False,False,177.34,test
1.682098842827061,1.421317912809063,0.6176033265202393,-0.9394504312889652,-0.8524575436579817,-1.4444628634807855,0.9627573908911744,False,False,False,True,False,False,True,False,False,False,True,False,110.15,test
-0.3675818985282136,1.4322765138508307,0.20404691182659282,0.011577068272080125,-1.3505397177022909,0.8319174207529331,-1.2119350467290257,False,True,False,False,True,False,True,False,False,False,False,False,87.3,test
0.7185737080019321,1.5776784398684351,-1.0710853668121492,-0.4725823860499065,1.3012609072375219,1.236134480570135,0.757274640879817,False,False,True,True,False,False,False,False,False,True,False,False,185.05,test
-1.348625672168346,1.6078814134713564,-1.6741884715737165,-0.12675420439134455,-0.48098284960817594,-1.2955407888112898,-0.5783632341940067,False,True,False,False,False,False,False,False,False,False,False,False,116.29,test
-0.15735823274818525,0.3874674535515398,0.703760912914749,-0.9970884615653921,-1.3908871563818577,-0.2601777934900349,-1.0406994217195609,False,True,False,False,True,False,False,True,False,False,True,False,72.31,test
0.3156450152568774,0.38185451155453665,-0.6747604693974049,1.2565585222429032,-0.5755906368568154,-0.5722049975594541,0.4832976408646735,False,False,False,True,False,False,False,False,False,False,False,True,104.15,test
-0.9456969794232912,1.3438058566599727,-0.22674102014595524,0.057687492493221554,-0.36689698851422786,-0.8204084553419468,-0.7495988592034712,False,False,False,False,False,False,True,False,True,False,False,False,119.52,test
-0.595324203123244,0.2581025046682303,-1.174474470485561,-1.3371528401963113,0.7016144909998202,-1.1466187141417945,0.431926953361834,False,True,False,True,False,True,False,False,True,False,False,False,147.0,test
0.43827548696189433,-0.6196547104821589,0.6176033265202393,0.4438622953452821,1.5530845762375778,1.5623447393699827,0.14082639084574436,False,True,False,True,False,False,True,False,True,False,False,False,155.69,test
-1.2610324780933346,-0.8153058315205527,0.34189905005780835,1.6946075523437478,-0.5421996531220017,0.9666564406920004,0.8086453283826566,True,False,False,False,False,False,True,False,False,True,False,False,84.83,test
-0.9106597017932873,0.4663159244618214,0.15235235998988694,-0.5648032344921897,-0.7467194284977373,-0.47292361444645714,0.8600160158854955,False,True,False,False,True,False,False,False,False,False,True,False,97.22,test
-1.7865916425434047,-0.43442762458105677,-1.6741884715737165,0.3977518711241407,-0.5421996531220017,-1.217533987793935,-1.2119350467290257,False,False,True,False,True,False,False,False,False,False,False,False,91.95,test
-1.3135883945383404,1.446977076223934,1.427484638628629,-0.7261897192661856,-0.7592410473982927,0.9595649133267862,-1.0920701092224003,False,True,False,True,False,False,True,False,False,True,False,False,117.74,test
1.016390567856972,-1.6203620836621402,-1.1227799186488552,-0.6800792950450437,-1.6329717884592592,1.498520993083056,0.9970045158930672,False,True,False,False,False,False,False,False,False,False,False,False,44.81,test
0.12293998829185102,-0.6314151603806415,-0.2784355719826611,-0.40918055274583714,0.04770772619304589,-1.1324356594113663,-0.3900040466835958,True,False,False,False,True,False,True,False,True,False,False,False,114.3,test
1.3142074277120117,0.9431487112548465,-0.5713713657239937,0.09227031065907783,0.07553354597205757,1.3566904457787745,0.8428924533845493,False,False,True,False,True,False,True,False,False,False,False,True,135.7,test
-0.682917397198257,-0.3913950692706996,0.01450022175867205,1.4410002191274696,-1.5216685093432125,0.6759038187182231,-1.074946546721454,False,False,False,False,True,True,False,False,True,False,False,False,64.5,test
0.4557941257768963,-0.8380248824608034,-0.5541398484450916,1.619678112984393,-0.20272465181805918,-0.5722049975594541,-0.9208344842129359,True,False,False,False,False,True,False,False,False,False,True,False,89.76,test
0.876241457336953,-0.4854786684585612,-0.48521377932948406,-1.1411835372564596,-1.439582340995128,-1.3451814803677886,1.4250935784167287,True,False,False,True,False,False,False,False,False,True,False,False,58.99,test
-0.7004360360132589,-1.2074099224540549,-1.3295581259956781,0.18449115910136107,1.006307217579998,-1.004788166837513,1.4935878284205149,False,False,True,False,True,False,False,False,True,False,False,False,145.74,test
0.10542134947684903,0.4235506521037026,-0.26120405470375896,0.23636538635014528,-0.0037700403981255526,-1.2813577340808617,1.0483752033959066,False,False,False,False,False,False,True,False,False,False,False,False,122.1,test
0.49083140340690024,1.4499171886985551,1.2379379485607087,1.0548254162754087,-1.2976706601221684,1.4276057194309153,1.4422171409176754,False,False,True,False,False,True,False,False,False,False,True,False,81.61,test
-0.7004360360132589,1.3956587493941914,-0.5886028830028952,-1.3832632644174532,-1.589841767801791,1.4701548836221998,-1.485912046744169,False,False,True,True,False,False,False,False,False,False,False,False,82.25,test
0.5258686810369058,0.44840796666185934,-1.5880308851792069,-1.3486804462515969,-1.386713283415006,0.6333546545269386,-0.20164485917318478,False,False,True,True,False,True,False,False,True,False,False,False,73.51,test
0.9287973737819589,-1.2410875744360734,1.2034749140029044,-1.7521466581865857,-0.2055072337959602,1.2432260079353492,0.4148033908608879,True,False,False,False,False,False,False,True,False,False,False,False,97.68,test
-1.2785511169083366,-0.6036177333478644,-1.3295581259956781,-0.27661308311005484,0.07831612794995897,-1.6572086844372078,1.6134527659271398,False,True,False,False,False,True,False,False,True,False,False,False,119.56,test
-1.1208833675733156,-0.562456158703175,-0.5541398484450916,1.46405543123804,-1.6719279361498756,0.4277003609357305,-1.67427123425458,False,False,True,False,True,False,False,False,False,False,False,True,64.26,test
0.4557941257768963,0.5636069190765417,0.23850994638439654,0.09227031065907783,1.1287408246076498,1.2290429532049214,1.510711390921461,False,False,True,True,False,False,False,False,False,True,False,False,169.06,test
0.210533182366864,-0.3863166931781731,-1.1572429532066588,1.1643376738006195,-1.3728003735255,-1.4373713361155713,1.253857953407264,False,False,True,True,False,True,False,False,True,False,False,False,64.93,test
1.436837899417027,-0.10353132971011203,1.2034749140029044,-1.2795148099198843,0.9172645942871608,0.5127986893182996,-1.485912046744169,False,False,True,False,False,False,False,True,False,False,True,False,150.69,test
-0.6653987583832534,0.38238907745901324,-1.43294722966909,1.3891259918786851,-0.9526304948624237,-1.6004764655154953,1.6134527659271398,False,True,False,True,False,True,False,False,False,False,False,True,91.02,test
1.1215024007469854,-0.398344426028894,1.668725880533257,-1.4639565068044509,-0.3182018039009574,-0.7707677637854483,1.1853637034034785,True,False,False,True,False,False,False,False,True,False,False,False,96.08,test
-1.2785511169083366,-0.46356146637502516,0.42805663645231795,-1.342916643223954,-0.5908948377352722,-0.1892625198378941,-0.030409234163720218,False,False,False,False,False,False,True,False,False,True,False,False,97.38,test
1.3842819829720212,1.5691253853968112,-0.03719433007803384,0.2882396135989299,-0.43367895598385603,0.5411647987791558,1.3052286409101035,False,False,True,True,False,False,False,False,True,False,False,False,118.56,test
-0.2624700656382002,-0.8575365379741949,-1.2778635741589721,-1.285278612947527,-1.356104881658093,1.498520993083056,0.9627573908911744,False,False,True,False,True,True,False,False,True,False,False,False,49.18,test
0.7886482632619416,-1.2646084742330388,-1.0021592976965417,-0.599386052658046,0.15066325937538916,-1.6075679928807094,0.8942631408873888,True,False,False,False,True,False,False,True,False,False,False,False,96.4,test
0.3857195705168869,-0.9631133041083009,-0.9504647458598359,1.4179450070168986,0.2842271943146451,1.69708375930905,0.08945570334290516,True,False,False,False,True,False,False,False,True,False,False,False,117.93,test
-1.1384020063883176,1.1115369711649394,1.1862433967240023,0.10956171974200576,-1.0778466838679763,-0.4516490323508149,-0.5269925466911672,False,True,False,False,True,False,False,True,False,False,True,False,92.02,test
1.4718751770470326,0.605570342577946,1.5136422250231385,-1.5331221431361635,-0.8135013959673654,-0.46583208708124296,0.5689154533694057,False,False,False,True,False,False,True,False,False,True,False,False,92.81,test
-1.1033647287583122,-1.1387182037288266,0.031731739037573606,-1.631106794606089,-0.7592410473982927,-0.5012897239073134,0.20932064084953053,True,False,False,False,False,False,True,False,False,False,False,False,80.54,test
1.699617481642063,1.6461028756414249,1.272400983118512,-1.060490294869462,1.013263672524751,-1.7352154854545627,-1.6913947967555265,False,False,True,False,False,False,False,True,False,True,False,False,181.68,test
1.3317260665270136,0.5994228346764665,1.3413270522341194,-0.7953553555978977,0.9854378527457395,-1.5224696644981406,0.20932064084953053,False,False,True,False,True,True,False,False,False,False,True,False,154.6,test
0.7010550691869286,-1.295880579644913,1.0483912584927875,1.429472613072184,-0.5922861287242226,-1.572110356054639,-0.5098689841902209,False,False,True,True,False,False,False,True,True,False,False,False,81.41,test
-1.4887747826883648,-0.7460795468908479,1.4619476731864334,-1.6138153855231612,0.3078791411268053,-0.7636762364202343,1.2709815159082107,False,False,False,True,False,False,False,False,True,False,False,False,120.54,test
-1.068327451128308,0.32706150634569686,-0.6402974348396011,-1.7521466581865857,-0.6562855142159494,0.34260203255316163,0.29493845335426283,True,False,False,True,False,True,False,False,False,False,False,False,94.49,test
-0.8405851465332778,1.1671318252304939,-0.6058344002817975,-1.5100669310255923,-0.3154192219230564,0.8602835302137892,1.630576328428086,True,False,False,False,False,False,False,False,True,False,False,False,111.93,test
0.24557045999686794,-0.797932439625067,-1.3640211605534818,1.4467640221551121,-0.10533428259151832,-1.586293410785067,-0.3215097966798099,False,False,True,False,True,False,False,False,False,True,False,False,99.27,test
-0.017209122228167898,1.6471720074503782,-1.1917059877644625,-0.45529097696697857,-0.8524575436579817,-1.7564900675502049,0.431926953361834,False,False,False,False,False,False,False,True,False,False,False,True,99.33,test
0.7360923468169341,-0.5301149214823476,1.410253121349728,0.6974696285615611,-0.6994155348734175,0.8390089481181472,1.7161941409328183,True,False,False,False,True,False,True,False,False,True,False,False,74.51,test
-1.1909579228333251,0.1485164942505508,-1.5535678506214032,1.660024734177892,-0.2903759841219457,1.0233886596137127,0.20932064084953053,True,False,False,True,False,True,False,False,True,False,False,False,99.14,test
-0.017209122228167898,-0.6680329248372809,-0.5541398484450916,1.0663530223306943,0.8852649015412976,-1.0969780225852959,-0.1673977341712917,True,False,False,False,False,False,True,False,False,False,False,True,139.87,test
-0.8756224241632817,1.6624071357279582,1.5308737423020409,0.8242732951697007,0.729440310778832,-1.6288425749763515,-1.0235758592186146,False,False,False,False,True,False,False,False,False,False,False,True,159.34,test
1.033909206671974,-1.406535721871546,0.4969827055679254,1.077880628385979,-0.11924719248102417,0.732636037639936,0.5860390158703525,False,False,False,False,False,False,True,False,False,False,False,False,95.41,test
-1.6114052543933803,0.9198950944101192,0.9105391202615719,1.406417400961613,-0.6242858214700858,-1.6430256297067798,0.05520857834101207,True,False,False,False,False,False,True,False,False,True,False,False,108.94,test
1.0689464843019778,-0.7447431321296567,-0.8298441249075226,0.4553899014005677,-0.24724596346447772,-1.4799205003068558,-0.6468574841977927,True,False,False,True,False,False,True,False,True,False,False,False,88.14,test
-0.8055478689032723,-0.446722640384016,-1.570799367900305,-0.27084928008241205,1.5113458465690603,-1.0686119131244394,-1.5372827342470083,True,False,False,False,True,False,False,True,False,False,True,False,170.65,test
-0.5427682866782381,1.4092901799583422,-1.2089375050433646,-1.170002552394673,0.18266295212125275,1.1723107342832084,-1.2804292967328115,False,False,True,False,False,False,False,False,False,False,False,True,143.03,test
1.576987009937046,1.5701945172057643,1.1517803621661986,0.7839266739762016,0.09640291080631633,1.0517547690745694,-0.013285671662773519,False,False,False,False,True,False,False,False,False,False,False,False,138.3,test
-1.208476561648327,-0.7051852551983966,-0.8815386767442285,0.40927947717942625,-1.0931508847464328,-1.1749848236026506,1.2881050784091568,True,False,False,True,False,False,False,False,False,True,False,False,65.78,test
-1.6114052543933803,-1.6361317778441962,-0.6230659175606996,0.7666352648932737,-0.12063848346997467,0.9666564406920004,0.431926953361834,False,False,False,True,False,False,False,True,False,False,False,False,108.62,test
-0.9982528958682987,-0.264168384005296,-0.7953810903497188,0.6052487801192783,0.26614041145828776,0.009300246388100073,0.12370282834479795,False,False,True,False,True,False,False,False,True,False,False,False,118.71,test
-0.8055478689032723,1.1393343981977169,1.6170313286965503,1.521693461514467,0.32457463299421213,0.7893682565616484,-0.5612396716930603,False,False,True,True,False,False,False,False,False,True,False,False,142.83,test
1.2616515112670041,-1.6056615212890368,1.1862433967240023,-1.4178460825833095,0.5652679740826633,-0.5792965249246683,-0.1845212966722381,False,False,True,True,False,True,False,False,False,True,False,False,118.89,test
0.6660177915569246,-0.5560413678494572,-1.4157157123901876,0.35740524993064166,-1.5773201489012358,-1.7210324307241345,0.19219707834858385,True,False,False,True,False,True,False,False,False,False,False,False,53.7,test
-0.9807342570532968,0.8407793405475996,-0.36459315837717077,-1.3198614311133834,-1.3644526275917965,0.48443257985744337,1.579205640925247,False,False,False,False,True,False,False,True,False,False,False,False,73.39,test
1.3492447053420156,-0.45420656304668666,-1.0366223322543455,-0.39765294669055157,-1.5327988372548171,-0.6643948533072371,0.2606913283523694,True,False,False,False,False,False,False,True,False,False,False,False,52.39,test
-0.13983959393318326,-1.2491060630032207,1.0483912584927875,0.6974696285615611,-0.8427185067353278,-0.5012897239073134,-0.5269925466911672,False,False,True,False,False,False,False,True,True,False,False,False,78.52,test
-1.6989984484683933,-1.1395200525855411,1.5136422250231385,0.5015003256217091,-0.6632419691607023,-1.2317170425243633,1.6134527659271398,False,True,False,False,False,False,False,True,False,False,True,False,78.59,test
0.28060773762687347,-0.5108705489211943,-0.5196768138872878,-1.5215945370808779,0.45396469496661657,0.9595649133267862,0.19219707834858385,True,False,False,False,True,False,True,False,False,False,False,True,120.29,test
-1.3135883945383404,-0.1965457970890207,0.858844568424866,-1.2391681887263857,1.4445638790994322,-0.6005711070203106,1.733317703433765,True,False,False,True,False,True,False,False,False,False,False,True,159.44,test
-1.6639611708383877,-0.2700486089545375,1.1862433967240023,-1.746382855158943,-0.2096811067628121,0.9666564406920004,-1.0235758592186146,False,False,False,False,True,True,False,False,False,False,True,False,106.5,test
0.00030951658683563236,0.571625407643689,-0.36459315837717077,-1.3140976280857406,-1.20584545485143,-0.9055067837245158,-0.85234023420915,False,False,False,False,False,False,True,False,False,False,False,True,83.62,test
1.3317260665270136,-1.2456313846241236,0.06619477359537733,-0.25932167402712686,-0.931761130028165,-0.28145237558567715,0.3976798283599412,False,False,False,False,False,False,True,False,False,False,False,True,68.69,test
-1.4011815886133518,-0.24626042620533392,0.9450021548193757,-1.0662540978971047,0.42892145716550595,-0.9267813658201579,1.0826223283977996,True,False,False,True,False,False,False,True,False,True,False,False,132.71,test
-1.4187002274283553,-0.7401993219416064,-0.691991986676307,1.3891259918786851,1.6101275067845513,0.4986156345878712,1.133993015900639,False,False,True,False,False,False,False,True,False,False,False,True,165.08,test
-1.38366294979835,-0.64077006370898,-1.3123266087167764,-0.16133702255720084,-0.814892686956316,-0.18217099247267993,-0.9550816092148287,False,False,True,False,True,True,False,False,False,False,True,False,78.16,test
-0.38510053734321714,-1.0318050228335294,0.1695838772687891,-0.5359842193539762,-0.390548935326388,0.470249525127015,-1.5201591717460619,False,False,False,False,False,False,False,True,False,True,False,False,92.56,test
